{
    "type": "FeatureCollection",
    "features": [
        {
            "type": "Feature",
            "properties": {
                "GID_3": "PHL.61.4.1_1",
                "GID_0": "PHL",
                "COUNTRY": "Philippines",
                "GID_1": "PHL.61_1",
                "NAME_1": "Pangasinan",
                "NL_NAME_1": "NA",
                "GID_2": "PHL.61.4_1",
                "NAME_2": "Alcala",
                "NL_NAME_2": "NA",
                "NAME_3": "Anulid",
                "VARNAME_3": "NA",
                "NL_NAME_3": "NA",
                "TYPE_3": "Barangay",
                "ENGTYPE_3": "Village",
                "CC_3": "NA",
                "HASC_3": "NA",
                "DISTRICT": 5
            },
            "geometry": {
                "type": "MultiPolygon",
                "coordinates": [
                    [
                        [
                            [
                                120.5042,
                                15.8593
                            ],
                            [
                                120.5097,
                                15.8575
                            ],
                            [
                                120.5118,
                                15.8321
                            ],
                            [
                                120.493,
                                15.8318
                            ],
                            [
                                120.4947,
                                15.8339
                            ],
                            [
                                120.4929,
                                15.8511
                            ],
                            [
                                120.4979,
                                15.8582
                            ],
                            [
                                120.5042,
                                15.8593
                            ]
                        ]
                    ]
                ]
            }
        },
        {
            "type": "Feature",
            "properties": {
                "GID_3": "PHL.61.4.2_1",
                "GID_0": "PHL",
                "COUNTRY": "Philippines",
                "GID_1": "PHL.61_1",
                "NAME_1": "Pangasinan",
                "NL_NAME_1": "NA",
                "GID_2": "PHL.61.4_1",
                "NAME_2": "Alcala",
                "NL_NAME_2": "NA",
                "NAME_3": "Atainan",
                "VARNAME_3": "NA",
                "NL_NAME_3": "NA",
                "TYPE_3": "Barangay",
                "ENGTYPE_3": "Village",
                "CC_3": "NA",
                "HASC_3": "NA",
                "DISTRICT": 5
            },
            "geometry": {
                "type": "MultiPolygon",
                "coordinates": [
                    [
                        [
                            [
                                120.5097,
                                15.8575
                            ],
                            [
                                120.5042,
                                15.8593
                            ],
                            [
                                120.5018,
                                15.8662
                            ],
                            [
                                120.5123,
                                15.8693
                            ],
                            [
                                120.5164,
                                15.8578
                            ],
                            [
                                120.5097,
                                15.8575
                            ]
                        ]
                    ]
                ]
            }
        },
        {
            "type": "Feature",
            "properties": {
                "GID_3": "PHL.61.4.3_1",
                "GID_0": "PHL",
                "COUNTRY": "Philippines",
                "GID_1": "PHL.61_1",
                "NAME_1": "Pangasinan",
                "NL_NAME_1": "NA",
                "GID_2": "PHL.61.4_1",
                "NAME_2": "Alcala",
                "NL_NAME_2": "NA",
                "NAME_3": "Bersamin",
                "VARNAME_3": "NA",
                "NL_NAME_3": "NA",
                "TYPE_3": "Barangay",
                "ENGTYPE_3": "Village",
                "CC_3": "NA",
                "HASC_3": "NA",
                "DISTRICT": 5
            },
            "geometry": {
                "type": "MultiPolygon",
                "coordinates": [
                    [
                        [
                            [
                                120.5401,
                                15.832
                            ],
                            [
                                120.5419,
                                15.8377
                            ],
                            [
                                120.5475,
                                15.843
                            ],
                            [
                                120.5487,
                                15.8414
                            ],
                            [
                                120.5675,
                                15.8436
                            ],
                            [
                                120.5749,
                                15.839
                            ],
                            [
                                120.573,
                                15.8323
                            ],
                            [
                                120.5401,
                                15.832
                            ]
                        ]
                    ]
                ]
            }
        },
        {
            "type": "Feature",
            "properties": {
                "GID_3": "PHL.61.4.4_1",
                "GID_0": "PHL",
                "COUNTRY": "Philippines",
                "GID_1": "PHL.61_1",
                "NAME_1": "Pangasinan",
                "NL_NAME_1": "NA",
                "GID_2": "PHL.61.4_1",
                "NAME_2": "Alcala",
                "NL_NAME_2": "NA",
                "NAME_3": "Canarvacanan",
                "VARNAME_3": "NA",
                "NL_NAME_3": "NA",
                "TYPE_3": "Barangay",
                "ENGTYPE_3": "Village",
                "CC_3": "NA",
                "HASC_3": "NA",
                "DISTRICT": 5
            },
            "geometry": {
                "type": "MultiPolygon",
                "coordinates": [
                    [
                        [
                            [
                                120.5475,
                                15.843
                            ],
                            [
                                120.5419,
                                15.8377
                            ],
                            [
                                120.5401,
                                15.832
                            ],
                            [
                                120.5376,
                                15.8319
                            ],
                            [
                                120.5295,
                                15.8505
                            ],
                            [
                                120.5379,
                                15.8497
                            ],
                            [
                                120.5475,
                                15.843
                            ]
                        ]
                    ]
                ]
            }
        },
        {
            "type": "Feature",
            "properties": {
                "GID_3": "PHL.61.4.5_1",
                "GID_0": "PHL",
                "COUNTRY": "Philippines",
                "GID_1": "PHL.61_1",
                "NAME_1": "Pangasinan",
                "NL_NAME_1": "NA",
                "GID_2": "PHL.61.4_1",
                "NAME_2": "Alcala",
                "NL_NAME_2": "NA",
                "NAME_3": "Caranglaan",
                "VARNAME_3": "NA",
                "NL_NAME_3": "NA",
                "TYPE_3": "Barangay",
                "ENGTYPE_3": "Village",
                "CC_3": "NA",
                "HASC_3": "NA",
                "DISTRICT": 5
            },
            "geometry": {
                "type": "MultiPolygon",
                "coordinates": [
                    [
                        [
                            [
                                120.5042,
                                15.8593
                            ],
                            [
                                120.5001,
                                15.859
                            ],
                            [
                                120.4954,
                                15.8562
                            ],
                            [
                                120.4922,
                                15.8487
                            ],
                            [
                                120.4894,
                                15.8631
                            ],
                            [
                                120.5018,
                                15.8662
                            ],
                            [
                                120.5042,
                                15.8593
                            ]
                        ]
                    ]
                ]
            }
        },
        {
            "type": "Feature",
            "properties": {
                "GID_3": "PHL.61.4.6_1",
                "GID_0": "PHL",
                "COUNTRY": "Philippines",
                "GID_1": "PHL.61_1",
                "NAME_1": "Pangasinan",
                "NL_NAME_1": "NA",
                "GID_2": "PHL.61.4_1",
                "NAME_2": "Alcala",
                "NL_NAME_2": "NA",
                "NAME_3": "Curareng",
                "VARNAME_3": "NA",
                "NL_NAME_3": "NA",
                "TYPE_3": "Barangay",
                "ENGTYPE_3": "Village",
                "CC_3": "NA",
                "HASC_3": "NA",
                "DISTRICT": 5
            },
            "geometry": {
                "type": "MultiPolygon",
                "coordinates": [
                    [
                        [
                            [
                                120.5164,
                                15.8578
                            ],
                            [
                                120.5123,
                                15.8693
                            ],
                            [
                                120.5286,
                                15.8747
                            ],
                            [
                                120.5321,
                                15.8632
                            ],
                            [
                                120.5276,
                                15.86
                            ],
                            [
                                120.5164,
                                15.8578
                            ]
                        ]
                    ]
                ]
            }
        },
        {
            "type": "Feature",
            "properties": {
                "GID_3": "PHL.61.4.7_1",
                "GID_0": "PHL",
                "COUNTRY": "Philippines",
                "GID_1": "PHL.61_1",
                "NAME_1": "Pangasinan",
                "NL_NAME_1": "NA",
                "GID_2": "PHL.61.4_1",
                "NAME_2": "Alcala",
                "NL_NAME_2": "NA",
                "NAME_3": "Gualsic",
                "VARNAME_3": "NA",
                "NL_NAME_3": "NA",
                "TYPE_3": "Barangay",
                "ENGTYPE_3": "Village",
                "CC_3": "NA",
                "HASC_3": "NA",
                "DISTRICT": 5
            },
            "geometry": {
                "type": "MultiPolygon",
                "coordinates": [
                    [
                        [
                            [
                                120.5321,
                                15.8632
                            ],
                            [
                                120.5286,
                                15.8747
                            ],
                            [
                                120.5507,
                                15.8816
                            ],
                            [
                                120.5519,
                                15.8721
                            ],
                            [
                                120.5321,
                                15.8632
                            ]
                        ]
                    ]
                ]
            }
        },
        {
            "type": "Feature",
            "properties": {
                "GID_3": "PHL.61.4.8_1",
                "GID_0": "PHL",
                "COUNTRY": "Philippines",
                "GID_1": "PHL.61_1",
                "NAME_1": "Pangasinan",
                "NL_NAME_1": "NA",
                "GID_2": "PHL.61.4_1",
                "NAME_2": "Alcala",
                "NL_NAME_2": "NA",
                "NAME_3": "Kasikis",
                "VARNAME_3": "NA",
                "NL_NAME_3": "NA",
                "TYPE_3": "Barangay",
                "ENGTYPE_3": "Village",
                "CC_3": "NA",
                "HASC_3": "NA",
                "DISTRICT": 5
            },
            "geometry": {
                "type": "MultiPolygon",
                "coordinates": [
                    [
                        [
                            [
                                120.5461,
                                15.8447
                            ],
                            [
                                120.542,
                                15.8468
                            ],
                            [
                                120.539,
                                15.8666
                            ],
                            [
                                120.5434,
                                15.868
                            ],
                            [
                                120.5484,
                                15.8463
                            ],
                            [
                                120.5461,
                                15.8447
                            ]
                        ]
                    ]
                ]
            }
        },
        {
            "type": "Feature",
            "properties": {
                "GID_3": "PHL.61.4.9_1",
                "GID_0": "PHL",
                "COUNTRY": "Philippines",
                "GID_1": "PHL.61_1",
                "NAME_1": "Pangasinan",
                "NL_NAME_1": "NA",
                "GID_2": "PHL.61.4_1",
                "NAME_2": "Alcala",
                "NL_NAME_2": "NA",
                "NAME_3": "Laoac",
                "VARNAME_3": "NA",
                "NL_NAME_3": "NA",
                "TYPE_3": "Barangay",
                "ENGTYPE_3": "Village",
                "CC_3": "NA",
                "HASC_3": "NA",
                "DISTRICT": 5
            },
            "geometry": {
                "type": "MultiPolygon",
                "coordinates": [
                    [
                        [
                            [
                                120.5118,
                                15.8321
                            ],
                            [
                                120.5097,
                                15.8575
                            ],
                            [
                                120.5124,
                                15.8571
                            ],
                            [
                                120.5209,
                                15.8321
                            ],
                            [
                                120.5118,
                                15.8321
                            ]
                        ]
                    ]
                ]
            }
        },
        {
            "type": "Feature",
            "properties": {
                "GID_3": "PHL.61.4.10_1",
                "GID_0": "PHL",
                "COUNTRY": "Philippines",
                "GID_1": "PHL.61_1",
                "NAME_1": "Pangasinan",
                "NL_NAME_1": "NA",
                "GID_2": "PHL.61.4_1",
                "NAME_2": "Alcala",
                "NL_NAME_2": "NA",
                "NAME_3": "Macayo",
                "VARNAME_3": "NA",
                "NL_NAME_3": "NA",
                "TYPE_3": "Barangay",
                "ENGTYPE_3": "Village",
                "CC_3": "NA",
                "HASC_3": "NA",
                "DISTRICT": 5
            },
            "geometry": {
                "type": "MultiPolygon",
                "coordinates": [
                    [
                        [
                            [
                                120.5525,
                                15.8729
                            ],
                            [
                                120.5507,
                                15.8816
                            ],
                            [
                                120.5678,
                                15.887
                            ],
                            [
                                120.5582,
                                15.8813
                            ],
                            [
                                120.5525,
                                15.8729
                            ]
                        ]
                    ]
                ]
            }
        },
        {
            "type": "Feature",
            "properties": {
                "GID_3": "PHL.61.4.11_1",
                "GID_0": "PHL",
                "COUNTRY": "Philippines",
                "GID_1": "PHL.61_1",
                "NAME_1": "Pangasinan",
                "NL_NAME_1": "NA",
                "GID_2": "PHL.61.4_1",
                "NAME_2": "Alcala",
                "NL_NAME_2": "NA",
                "NAME_3": "PindanganCentro",
                "VARNAME_3": "NA",
                "NL_NAME_3": "NA",
                "TYPE_3": "Barangay",
                "ENGTYPE_3": "Village",
                "CC_3": "NA",
                "HASC_3": "NA",
                "DISTRICT": 5
            },
            "geometry": {
                "type": "MultiPolygon",
                "coordinates": [
                    [
                        [
                            [
                                120.5434,
                                15.868
                            ],
                            [
                                120.5485,
                                15.8699
                            ],
                            [
                                120.5493,
                                15.8648
                            ],
                            [
                                120.5567,
                                15.8656
                            ],
                            [
                                120.5596,
                                15.8562
                            ],
                            [
                                120.5484,
                                15.8463
                            ],
                            [
                                120.5434,
                                15.868
                            ]
                        ]
                    ]
                ]
            }
        },
        {
            "type": "Feature",
            "properties": {
                "GID_3": "PHL.61.4.12_1",
                "GID_0": "PHL",
                "COUNTRY": "Philippines",
                "GID_1": "PHL.61_1",
                "NAME_1": "Pangasinan",
                "NL_NAME_1": "NA",
                "GID_2": "PHL.61.4_1",
                "NAME_2": "Alcala",
                "NL_NAME_2": "NA",
                "NAME_3": "PindanganEast",
                "VARNAME_3": "NA",
                "NL_NAME_3": "NA",
                "TYPE_3": "Barangay",
                "ENGTYPE_3": "Village",
                "CC_3": "NA",
                "HASC_3": "NA",
                "DISTRICT": 5
            },
            "geometry": {
                "type": "MultiPolygon",
                "coordinates": [
                    [
                        [
                            [
                                120.5596,
                                15.8562
                            ],
                            [
                                120.5567,
                                15.8656
                            ],
                            [
                                120.5532,
                                15.8734
                            ],
                            [
                                120.5637,
                                15.8654
                            ],
                            [
                                120.5596,
                                15.8562
                            ]
                        ]
                    ]
                ]
            }
        },
        {
            "type": "Feature",
            "properties": {
                "GID_3": "PHL.61.4.13_1",
                "GID_0": "PHL",
                "COUNTRY": "Philippines",
                "GID_1": "PHL.61_1",
                "NAME_1": "Pangasinan",
                "NL_NAME_1": "NA",
                "GID_2": "PHL.61.4_1",
                "NAME_2": "Alcala",
                "NL_NAME_2": "NA",
                "NAME_3": "PindanganWest",
                "VARNAME_3": "NA",
                "NL_NAME_3": "NA",
                "TYPE_3": "Barangay",
                "ENGTYPE_3": "Village",
                "CC_3": "NA",
                "HASC_3": "NA",
                "DISTRICT": 5
            },
            "geometry": {
                "type": "MultiPolygon",
                "coordinates": [
                    [
                        [
                            [
                                120.5485,
                                15.8699
                            ],
                            [
                                120.553,
                                15.8739
                            ],
                            [
                                120.5567,
                                15.8656
                            ],
                            [
                                120.5493,
                                15.8648
                            ],
                            [
                                120.5485,
                                15.8699
                            ]
                        ]
                    ]
                ]
            }
        },
        {
            "type": "Feature",
            "properties": {
                "GID_3": "PHL.61.4.14_1",
                "GID_0": "PHL",
                "COUNTRY": "Philippines",
                "GID_1": "PHL.61_1",
                "NAME_1": "Pangasinan",
                "NL_NAME_1": "NA",
                "GID_2": "PHL.61.4_1",
                "NAME_2": "Alcala",
                "NL_NAME_2": "NA",
                "NAME_3": "PoblacionEast",
                "VARNAME_3": "NA",
                "NL_NAME_3": "NA",
                "TYPE_3": "Barangay",
                "ENGTYPE_3": "Village",
                "CC_3": "NA",
                "HASC_3": "NA",
                "DISTRICT": 5
            },
            "geometry": {
                "type": "MultiPolygon",
                "coordinates": [
                    [
                        [
                            [
                                120.5229,
                                15.8567
                            ],
                            [
                                120.5228,
                                15.8541
                            ],
                            [
                                120.5329,
                                15.832
                            ],
                            [
                                120.5285,
                                15.8321
                            ],
                            [
                                120.5219,
                                15.8479
                            ],
                            [
                                120.5201,
                                15.853
                            ],
                            [
                                120.5229,
                                15.8567
                            ]
                        ]
                    ]
                ]
            }
        },
        {
            "type": "Feature",
            "properties": {
                "GID_3": "PHL.61.4.15_1",
                "GID_0": "PHL",
                "COUNTRY": "Philippines",
                "GID_1": "PHL.61_1",
                "NAME_1": "Pangasinan",
                "NL_NAME_1": "NA",
                "GID_2": "PHL.61.4_1",
                "NAME_2": "Alcala",
                "NL_NAME_2": "NA",
                "NAME_3": "PoblacionWest",
                "VARNAME_3": "NA",
                "NL_NAME_3": "NA",
                "TYPE_3": "Barangay",
                "ENGTYPE_3": "Village",
                "CC_3": "NA",
                "HASC_3": "NA",
                "DISTRICT": 5
            },
            "geometry": {
                "type": "MultiPolygon",
                "coordinates": [
                    [
                        [
                            [
                                120.5295,
                                15.8505
                            ],
                            [
                                120.5308,
                                15.8484
                            ],
                            [
                                120.5376,
                                15.8319
                            ],
                            [
                                120.5329,
                                15.832
                            ],
                            [
                                120.5228,
                                15.8541
                            ],
                            [
                                120.5235,
                                15.8587
                            ],
                            [
                                120.5249,
                                15.8591
                            ],
                            [
                                120.5295,
                                15.8505
                            ]
                        ]
                    ]
                ]
            }
        },
        {
            "type": "Feature",
            "properties": {
                "GID_3": "PHL.61.4.16_1",
                "GID_0": "PHL",
                "COUNTRY": "Philippines",
                "GID_1": "PHL.61_1",
                "NAME_1": "Pangasinan",
                "NL_NAME_1": "NA",
                "GID_2": "PHL.61.4_1",
                "NAME_2": "Alcala",
                "NL_NAME_2": "NA",
                "NAME_3": "SanJuan",
                "VARNAME_3": "NA",
                "NL_NAME_3": "NA",
                "TYPE_3": "Barangay",
                "ENGTYPE_3": "Village",
                "CC_3": "NA",
                "HASC_3": "NA",
                "DISTRICT": 5
            },
            "geometry": {
                "type": "MultiPolygon",
                "coordinates": [
                    [
                        [
                            [
                                120.5209,
                                15.8321
                            ],
                            [
                                120.5164,
                                15.8461
                            ],
                            [
                                120.5201,
                                15.853
                            ],
                            [
                                120.5285,
                                15.8321
                            ],
                            [
                                120.5209,
                                15.8321
                            ]
                        ]
                    ]
                ]
            }
        },
        {
            "type": "Feature",
            "properties": {
                "GID_3": "PHL.61.4.17_1",
                "GID_0": "PHL",
                "COUNTRY": "Philippines",
                "GID_1": "PHL.61_1",
                "NAME_1": "Pangasinan",
                "NL_NAME_1": "NA",
                "GID_2": "PHL.61.4_1",
                "NAME_2": "Alcala",
                "NL_NAME_2": "NA",
                "NAME_3": "SanNicolas",
                "VARNAME_3": "NA",
                "NL_NAME_3": "NA",
                "TYPE_3": "Barangay",
                "ENGTYPE_3": "Village",
                "CC_3": "NA",
                "HASC_3": "NA",
                "DISTRICT": 5
            },
            "geometry": {
                "type": "MultiPolygon",
                "coordinates": [
                    [
                        [
                            [
                                120.5379,
                                15.8497
                            ],
                            [
                                120.5295,
                                15.8505
                            ],
                            [
                                120.5249,
                                15.8591
                            ],
                            [
                                120.5323,
                                15.8637
                            ],
                            [
                                120.5379,
                                15.8497
                            ]
                        ]
                    ]
                ]
            }
        },
        {
            "type": "Feature",
            "properties": {
                "GID_3": "PHL.61.4.18_1",
                "GID_0": "PHL",
                "COUNTRY": "Philippines",
                "GID_1": "PHL.61_1",
                "NAME_1": "Pangasinan",
                "NL_NAME_1": "NA",
                "GID_2": "PHL.61.4_1",
                "NAME_2": "Alcala",
                "NL_NAME_2": "NA",
                "NAME_3": "SanPedroApartado",
                "VARNAME_3": "NA",
                "NL_NAME_3": "NA",
                "TYPE_3": "Barangay",
                "ENGTYPE_3": "Village",
                "CC_3": "NA",
                "HASC_3": "NA",
                "DISTRICT": 5
            },
            "geometry": {
                "type": "MultiPolygon",
                "coordinates": [
                    [
                        [
                            [
                                120.5567,
                                15.8432
                            ],
                            [
                                120.5487,
                                15.8414
                            ],
                            [
                                120.5461,
                                15.8447
                            ],
                            [
                                120.5609,
                                15.8572
                            ],
                            [
                                120.5637,
                                15.8654
                            ],
                            [
                                120.5799,
                                15.8577
                            ],
                            [
                                120.5769,
                                15.8457
                            ],
                            [
                                120.5666,
                                15.8471
                            ],
                            [
                                120.5615,
                                15.8464
                            ],
                            [
                                120.5567,
                                15.8432
                            ]
                        ]
                    ]
                ]
            }
        },
        {
            "type": "Feature",
            "properties": {
                "GID_3": "PHL.61.4.19_1",
                "GID_0": "PHL",
                "COUNTRY": "Philippines",
                "GID_1": "PHL.61_1",
                "NAME_1": "Pangasinan",
                "NL_NAME_1": "NA",
                "GID_2": "PHL.61.4_1",
                "NAME_2": "Alcala",
                "NL_NAME_2": "NA",
                "NAME_3": "SanPedroIli",
                "VARNAME_3": "NA",
                "NL_NAME_3": "NA",
                "TYPE_3": "Barangay",
                "ENGTYPE_3": "Village",
                "CC_3": "NA",
                "HASC_3": "NA",
                "DISTRICT": 5
            },
            "geometry": {
                "type": "MultiPolygon",
                "coordinates": [
                    [
                        [
                            [
                                120.542,
                                15.8468
                            ],
                            [
                                120.5379,
                                15.8497
                            ],
                            [
                                120.5323,
                                15.8637
                            ],
                            [
                                120.539,
                                15.8666
                            ],
                            [
                                120.542,
                                15.8468
                            ]
                        ]
                    ]
                ]
            }
        },
        {
            "type": "Feature",
            "properties": {
                "GID_3": "PHL.61.4.20_1",
                "GID_0": "PHL",
                "COUNTRY": "Philippines",
                "GID_1": "PHL.61_1",
                "NAME_1": "Pangasinan",
                "NL_NAME_1": "NA",
                "GID_2": "PHL.61.4_1",
                "NAME_2": "Alcala",
                "NL_NAME_2": "NA",
                "NAME_3": "SanVicente",
                "VARNAME_3": "NA",
                "NL_NAME_3": "NA",
                "TYPE_3": "Barangay",
                "ENGTYPE_3": "Village",
                "CC_3": "NA",
                "HASC_3": "NA",
                "DISTRICT": 5
            },
            "geometry": {
                "type": "MultiPolygon",
                "coordinates": [
                    [
                        [
                            [
                                120.5124,
                                15.8571
                            ],
                            [
                                120.5235,
                                15.8587
                            ],
                            [
                                120.5164,
                                15.8461
                            ],
                            [
                                120.5124,
                                15.8571
                            ]
                        ]
                    ]
                ]
            }
        },
        {
            "type": "Feature",
            "properties": {
                "GID_3": "PHL.61.4.21_1",
                "GID_0": "PHL",
                "COUNTRY": "Philippines",
                "GID_1": "PHL.61_1",
                "NAME_1": "Pangasinan",
                "NL_NAME_1": "NA",
                "GID_2": "PHL.61.4_1",
                "NAME_2": "Alcala",
                "NL_NAME_2": "NA",
                "NAME_3": "Vacante",
                "VARNAME_3": "NA",
                "NL_NAME_3": "NA",
                "TYPE_3": "Barangay",
                "ENGTYPE_3": "Village",
                "CC_3": "NA",
                "HASC_3": "NA",
                "DISTRICT": 5
            },
            "geometry": {
                "type": "MultiPolygon",
                "coordinates": [
                    [
                        [
                            [
                                120.5749,
                                15.839
                            ],
                            [
                                120.5675,
                                15.8436
                            ],
                            [
                                120.5567,
                                15.8432
                            ],
                            [
                                120.5615,
                                15.8464
                            ],
                            [
                                120.5666,
                                15.8471
                            ],
                            [
                                120.5769,
                                15.8457
                            ],
                            [
                                120.5749,
                                15.839
                            ]
                        ]
                    ]
                ]
            }
        },
        {
            "type": "Feature",
            "properties": {
                "GID_3": "PHL.61.6.1_1",
                "GID_0": "PHL",
                "COUNTRY": "Philippines",
                "GID_1": "PHL.61_1",
                "NAME_1": "Pangasinan",
                "NL_NAME_1": "NA",
                "GID_2": "PHL.61.6_1",
                "NAME_2": "Asingan",
                "NL_NAME_2": "NA",
                "NAME_3": "AristonEste",
                "VARNAME_3": "NA",
                "NL_NAME_3": "NA",
                "TYPE_3": "Barangay",
                "ENGTYPE_3": "Village",
                "CC_3": "NA",
                "HASC_3": "NA",
                "DISTRICT": 6
            },
            "geometry": {
                "type": "MultiPolygon",
                "coordinates": [
                    [
                        [
                            [
                                120.7006,
                                16.0319
                            ],
                            [
                                120.6996,
                                16.034
                            ],
                            [
                                120.6936,
                                16.032
                            ],
                            [
                                120.6925,
                                16.0346
                            ],
                            [
                                120.6941,
                                16.0409
                            ],
                            [
                                120.6911,
                                16.0482
                            ],
                            [
                                120.7085,
                                16.0494
                            ],
                            [
                                120.7094,
                                16.0457
                            ],
                            [
                                120.7076,
                                16.0414
                            ],
                            [
                                120.7006,
                                16.0319
                            ]
                        ]
                    ]
                ]
            }
        },
        {
            "type": "Feature",
            "properties": {
                "GID_3": "PHL.61.6.2_1",
                "GID_0": "PHL",
                "COUNTRY": "Philippines",
                "GID_1": "PHL.61_1",
                "NAME_1": "Pangasinan",
                "NL_NAME_1": "NA",
                "GID_2": "PHL.61.6_1",
                "NAME_2": "Asingan",
                "NL_NAME_2": "NA",
                "NAME_3": "AristonWeste",
                "VARNAME_3": "NA",
                "NL_NAME_3": "NA",
                "TYPE_3": "Barangay",
                "ENGTYPE_3": "Village",
                "CC_3": "NA",
                "HASC_3": "NA",
                "DISTRICT": 6
            },
            "geometry": {
                "type": "MultiPolygon",
                "coordinates": [
                    [
                        [
                            [
                                120.6911,
                                16.0482
                            ],
                            [
                                120.6941,
                                16.0409
                            ],
                            [
                                120.6925,
                                16.0346
                            ],
                            [
                                120.6936,
                                16.032
                            ],
                            [
                                120.6999,
                                16.0338
                            ],
                            [
                                120.7011,
                                16.0294
                            ],
                            [
                                120.6989,
                                16.0228
                            ],
                            [
                                120.7068,
                                16.0132
                            ],
                            [
                                120.6957,
                                16.0138
                            ],
                            [
                                120.6881,
                                16.0268
                            ],
                            [
                                120.6877,
                                16.0292
                            ],
                            [
                                120.6914,
                                16.0394
                            ],
                            [
                                120.6911,
                                16.0482
                            ]
                        ]
                    ]
                ]
            }
        },
        {
            "type": "Feature",
            "properties": {
                "GID_3": "PHL.61.6.3_1",
                "GID_0": "PHL",
                "COUNTRY": "Philippines",
                "GID_1": "PHL.61_1",
                "NAME_1": "Pangasinan",
                "NL_NAME_1": "NA",
                "GID_2": "PHL.61.6_1",
                "NAME_2": "Asingan",
                "NL_NAME_2": "NA",
                "NAME_3": "Bantog",
                "VARNAME_3": "NA",
                "NL_NAME_3": "NA",
                "TYPE_3": "Barangay",
                "ENGTYPE_3": "Village",
                "CC_3": "NA",
                "HASC_3": "NA",
                "DISTRICT": 6
            },
            "geometry": {
                "type": "MultiPolygon",
                "coordinates": [
                    [
                        [
                            [
                                120.6877,
                                16.0292
                            ],
                            [
                                120.6957,
                                16.0138
                            ],
                            [
                                120.7095,
                                16.0131
                            ],
                            [
                                120.7127,
                                16.0091
                            ],
                            [
                                120.7132,
                                16.005
                            ],
                            [
                                120.7086,
                                16.0016
                            ],
                            [
                                120.7043,
                                15.9956
                            ],
                            [
                                120.6955,
                                15.9979
                            ],
                            [
                                120.6902,
                                15.9955
                            ],
                            [
                                120.6886,
                                15.9914
                            ],
                            [
                                120.689,
                                15.9865
                            ],
                            [
                                120.6868,
                                15.9851
                            ],
                            [
                                120.6782,
                                15.9842
                            ],
                            [
                                120.6673,
                                15.9857
                            ],
                            [
                                120.6645,
                                15.982
                            ],
                            [
                                120.6636,
                                15.9833
                            ],
                            [
                                120.6686,
                                15.9907
                            ],
                            [
                                120.6684,
                                15.996
                            ],
                            [
                                120.6709,
                                16.0002
                            ],
                            [
                                120.6696,
                                16.0042
                            ],
                            [
                                120.6752,
                                16.0061
                            ],
                            [
                                120.6776,
                                16.0087
                            ],
                            [
                                120.674,
                                16.0145
                            ],
                            [
                                120.6798,
                                16.0171
                            ],
                            [
                                120.6831,
                                16.0221
                            ],
                            [
                                120.6832,
                                16.027
                            ],
                            [
                                120.6877,
                                16.0292
                            ]
                        ]
                    ]
                ]
            }
        },
        {
            "type": "Feature",
            "properties": {
                "GID_3": "PHL.61.6.4_1",
                "GID_0": "PHL",
                "COUNTRY": "Philippines",
                "GID_1": "PHL.61_1",
                "NAME_1": "Pangasinan",
                "NL_NAME_1": "NA",
                "GID_2": "PHL.61.6_1",
                "NAME_2": "Asingan",
                "NL_NAME_2": "NA",
                "NAME_3": "Baro",
                "VARNAME_3": "NA",
                "NL_NAME_3": "NA",
                "TYPE_3": "Barangay",
                "ENGTYPE_3": "Village",
                "CC_3": "NA",
                "HASC_3": "NA",
                "DISTRICT": 6
            },
            "geometry": {
                "type": "MultiPolygon",
                "coordinates": [
                    [
                        [
                            [
                                120.6705,
                                16.0054
                            ],
                            [
                                120.6696,
                                16.0034
                            ],
                            [
                                120.6709,
                                16.0002
                            ],
                            [
                                120.6681,
                                15.9942
                            ],
                            [
                                120.6582,
                                15.9947
                            ],
                            [
                                120.6586,
                                15.9998
                            ],
                            [
                                120.6615,
                                16.0032
                            ],
                            [
                                120.6705,
                                16.0054
                            ]
                        ]
                    ]
                ]
            }
        },
        {
            "type": "Feature",
            "properties": {
                "GID_3": "PHL.61.6.5_1",
                "GID_0": "PHL",
                "COUNTRY": "Philippines",
                "GID_1": "PHL.61_1",
                "NAME_1": "Pangasinan",
                "NL_NAME_1": "NA",
                "GID_2": "PHL.61.6_1",
                "NAME_2": "Asingan",
                "NL_NAME_2": "NA",
                "NAME_3": "Bobonan",
                "VARNAME_3": "NA",
                "NL_NAME_3": "NA",
                "TYPE_3": "Barangay",
                "ENGTYPE_3": "Village",
                "CC_3": "NA",
                "HASC_3": "NA",
                "DISTRICT": 6
            },
            "geometry": {
                "type": "MultiPolygon",
                "coordinates": [
                    [
                        [
                            [
                                120.6465,
                                16.0443
                            ],
                            [
                                120.6408,
                                16.0353
                            ],
                            [
                                120.6356,
                                16.0343
                            ],
                            [
                                120.63,
                                16.0402
                            ],
                            [
                                120.6316,
                                16.0422
                            ],
                            [
                                120.6465,
                                16.0443
                            ]
                        ]
                    ]
                ]
            }
        },
        {
            "type": "Feature",
            "properties": {
                "GID_3": "PHL.61.6.6_1",
                "GID_0": "PHL",
                "COUNTRY": "Philippines",
                "GID_1": "PHL.61_1",
                "NAME_1": "Pangasinan",
                "NL_NAME_1": "NA",
                "GID_2": "PHL.61.6_1",
                "NAME_2": "Asingan",
                "NL_NAME_2": "NA",
                "NAME_3": "Cabalitian",
                "VARNAME_3": "NA",
                "NL_NAME_3": "NA",
                "TYPE_3": "Barangay",
                "ENGTYPE_3": "Village",
                "CC_3": "NA",
                "HASC_3": "NA",
                "DISTRICT": 6
            },
            "geometry": {
                "type": "MultiPolygon",
                "coordinates": [
                    [
                        [
                            [
                                120.6495,
                                15.9742
                            ],
                            [
                                120.6445,
                                15.9864
                            ],
                            [
                                120.6554,
                                15.988
                            ],
                            [
                                120.6645,
                                15.982
                            ],
                            [
                                120.6568,
                                15.9796
                            ],
                            [
                                120.6495,
                                15.9742
                            ]
                        ]
                    ]
                ]
            }
        },
        {
            "type": "Feature",
            "properties": {
                "GID_3": "PHL.61.6.7_1",
                "GID_0": "PHL",
                "COUNTRY": "Philippines",
                "GID_1": "PHL.61_1",
                "NAME_1": "Pangasinan",
                "NL_NAME_1": "NA",
                "GID_2": "PHL.61.6_1",
                "NAME_2": "Asingan",
                "NL_NAME_2": "NA",
                "NAME_3": "Calepaan",
                "VARNAME_3": "NA",
                "NL_NAME_3": "NA",
                "TYPE_3": "Barangay",
                "ENGTYPE_3": "Village",
                "CC_3": "NA",
                "HASC_3": "NA",
                "DISTRICT": 6
            },
            "geometry": {
                "type": "MultiPolygon",
                "coordinates": [
                    [
                        [
                            [
                                120.628,
                                16.037
                            ],
                            [
                                120.6302,
                                16.035
                            ],
                            [
                                120.6287,
                                16.0296
                            ],
                            [
                                120.63,
                                16.0196
                            ],
                            [
                                120.6205,
                                16.0201
                            ],
                            [
                                120.6187,
                                16.0129
                            ],
                            [
                                120.5949,
                                16.0149
                            ],
                            [
                                120.6124,
                                16.0283
                            ],
                            [
                                120.628,
                                16.037
                            ]
                        ]
                    ]
                ]
            }
        },
        {
            "type": "Feature",
            "properties": {
                "GID_3": "PHL.61.6.8_1",
                "GID_0": "PHL",
                "COUNTRY": "Philippines",
                "GID_1": "PHL.61_1",
                "NAME_1": "Pangasinan",
                "NL_NAME_1": "NA",
                "GID_2": "PHL.61.6_1",
                "NAME_2": "Asingan",
                "NL_NAME_2": "NA",
                "NAME_3": "CarosucanNorte",
                "VARNAME_3": "NA",
                "NL_NAME_3": "NA",
                "TYPE_3": "Barangay",
                "ENGTYPE_3": "Village",
                "CC_3": "NA",
                "HASC_3": "NA",
                "DISTRICT": 6
            },
            "geometry": {
                "type": "MultiPolygon",
                "coordinates": [
                    [
                        [
                            [
                                120.6445,
                                15.9864
                            ],
                            [
                                120.6495,
                                15.9742
                            ],
                            [
                                120.6368,
                                15.9691
                            ],
                            [
                                120.6313,
                                15.9708
                            ],
                            [
                                120.6302,
                                15.9851
                            ],
                            [
                                120.635,
                                15.9835
                            ],
                            [
                                120.6445,
                                15.9864
                            ]
                        ]
                    ]
                ]
            }
        },
        {
            "type": "Feature",
            "properties": {
                "GID_3": "PHL.61.6.9_1",
                "GID_0": "PHL",
                "COUNTRY": "Philippines",
                "GID_1": "PHL.61_1",
                "NAME_1": "Pangasinan",
                "NL_NAME_1": "NA",
                "GID_2": "PHL.61.6_1",
                "NAME_2": "Asingan",
                "NL_NAME_2": "NA",
                "NAME_3": "CarosucanSur",
                "VARNAME_3": "NA",
                "NL_NAME_3": "NA",
                "TYPE_3": "Barangay",
                "ENGTYPE_3": "Village",
                "CC_3": "NA",
                "HASC_3": "NA",
                "DISTRICT": 6
            },
            "geometry": {
                "type": "MultiPolygon",
                "coordinates": [
                    [
                        [
                            [
                                120.6313,
                                15.9708
                            ],
                            [
                                120.6361,
                                15.9691
                            ],
                            [
                                120.6393,
                                15.9697
                            ],
                            [
                                120.6381,
                                15.9652
                            ],
                            [
                                120.6394,
                                15.9622
                            ],
                            [
                                120.648,
                                15.9519
                            ],
                            [
                                120.6479,
                                15.949
                            ],
                            [
                                120.6457,
                                15.9469
                            ],
                            [
                                120.6302,
                                15.9495
                            ],
                            [
                                120.6313,
                                15.9708
                            ]
                        ]
                    ]
                ]
            }
        },
        {
            "type": "Feature",
            "properties": {
                "GID_3": "PHL.61.6.10_1",
                "GID_0": "PHL",
                "COUNTRY": "Philippines",
                "GID_1": "PHL.61_1",
                "NAME_1": "Pangasinan",
                "NL_NAME_1": "NA",
                "GID_2": "PHL.61.6_1",
                "NAME_2": "Asingan",
                "NL_NAME_2": "NA",
                "NAME_3": "Coldit",
                "VARNAME_3": "NA",
                "NL_NAME_3": "NA",
                "TYPE_3": "Barangay",
                "ENGTYPE_3": "Village",
                "CC_3": "NA",
                "HASC_3": "NA",
                "DISTRICT": 6
            },
            "geometry": {
                "type": "MultiPolygon",
                "coordinates": [
                    [
                        [
                            [
                                120.6408,
                                16.0353
                            ],
                            [
                                120.6465,
                                16.0443
                            ],
                            [
                                120.6608,
                                16.0464
                            ],
                            [
                                120.6457,
                                16.0322
                            ],
                            [
                                120.6408,
                                16.0353
                            ]
                        ]
                    ]
                ]
            }
        },
        {
            "type": "Feature",
            "properties": {
                "GID_3": "PHL.61.6.11_1",
                "GID_0": "PHL",
                "COUNTRY": "Philippines",
                "GID_1": "PHL.61_1",
                "NAME_1": "Pangasinan",
                "NL_NAME_1": "NA",
                "GID_2": "PHL.61.6_1",
                "NAME_2": "Asingan",
                "NL_NAME_2": "NA",
                "NAME_3": "Domanpot",
                "VARNAME_3": "NA",
                "NL_NAME_3": "NA",
                "TYPE_3": "Barangay",
                "ENGTYPE_3": "Village",
                "CC_3": "NA",
                "HASC_3": "NA",
                "DISTRICT": 6
            },
            "geometry": {
                "type": "MultiPolygon",
                "coordinates": [
                    [
                        [
                            [
                                120.6615,
                                16.0032
                            ],
                            [
                                120.6561,
                                15.994
                            ],
                            [
                                120.6554,
                                15.988
                            ],
                            [
                                120.6404,
                                15.9859
                            ],
                            [
                                120.635,
                                15.9835
                            ],
                            [
                                120.6302,
                                15.9851
                            ],
                            [
                                120.6305,
                                16.0054
                            ],
                            [
                                120.6293,
                                16.0098
                            ],
                            [
                                120.6306,
                                16.0131
                            ],
                            [
                                120.6345,
                                16.0127
                            ],
                            [
                                120.6444,
                                16.0162
                            ],
                            [
                                120.6454,
                                16.0129
                            ],
                            [
                                120.66,
                                16.0086
                            ],
                            [
                                120.6615,
                                16.0032
                            ]
                        ]
                    ]
                ]
            }
        },
        {
            "type": "Feature",
            "properties": {
                "GID_3": "PHL.61.6.12_1",
                "GID_0": "PHL",
                "COUNTRY": "Philippines",
                "GID_1": "PHL.61_1",
                "NAME_1": "Pangasinan",
                "NL_NAME_1": "NA",
                "GID_2": "PHL.61.6_1",
                "NAME_2": "Asingan",
                "NL_NAME_2": "NA",
                "NAME_3": "Dupac",
                "VARNAME_3": "NA",
                "NL_NAME_3": "NA",
                "TYPE_3": "Barangay",
                "ENGTYPE_3": "Village",
                "CC_3": "NA",
                "HASC_3": "NA",
                "DISTRICT": 6
            },
            "geometry": {
                "type": "MultiPolygon",
                "coordinates": [
                    [
                        [
                            [
                                120.6911,
                                16.0482
                            ],
                            [
                                120.6914,
                                16.0394
                            ],
                            [
                                120.689,
                                16.0306
                            ],
                            [
                                120.6832,
                                16.027
                            ],
                            [
                                120.6831,
                                16.0221
                            ],
                            [
                                120.6798,
                                16.0171
                            ],
                            [
                                120.6738,
                                16.0142
                            ],
                            [
                                120.6737,
                                16.0161
                            ],
                            [
                                120.6613,
                                16.0141
                            ],
                            [
                                120.6603,
                                16.0238
                            ],
                            [
                                120.6656,
                                16.0291
                            ],
                            [
                                120.6833,
                                16.0396
                            ],
                            [
                                120.6854,
                                16.0479
                            ],
                            [
                                120.6911,
                                16.0482
                            ]
                        ]
                    ]
                ]
            }
        },
        {
            "type": "Feature",
            "properties": {
                "GID_3": "PHL.61.6.13_1",
                "GID_0": "PHL",
                "COUNTRY": "Philippines",
                "GID_1": "PHL.61_1",
                "NAME_1": "Pangasinan",
                "NL_NAME_1": "NA",
                "GID_2": "PHL.61.6_1",
                "NAME_2": "Asingan",
                "NL_NAME_2": "NA",
                "NAME_3": "Macalong",
                "VARNAME_3": "NA",
                "NL_NAME_3": "NA",
                "TYPE_3": "Barangay",
                "ENGTYPE_3": "Village",
                "CC_3": "NA",
                "HASC_3": "NA",
                "DISTRICT": 6
            },
            "geometry": {
                "type": "MultiPolygon",
                "coordinates": [
                    [
                        [
                            [
                                120.66,
                                16.0086
                            ],
                            [
                                120.6454,
                                16.0129
                            ],
                            [
                                120.6418,
                                16.0203
                            ],
                            [
                                120.6459,
                                16.024
                            ],
                            [
                                120.6537,
                                16.0207
                            ],
                            [
                                120.6573,
                                16.0243
                            ],
                            [
                                120.6603,
                                16.0238
                            ],
                            [
                                120.6613,
                                16.0141
                            ],
                            [
                                120.6599,
                                16.0132
                            ],
                            [
                                120.66,
                                16.0086
                            ]
                        ]
                    ]
                ]
            }
        },
        {
            "type": "Feature",
            "properties": {
                "GID_3": "PHL.61.6.14_1",
                "GID_0": "PHL",
                "COUNTRY": "Philippines",
                "GID_1": "PHL.61_1",
                "NAME_1": "Pangasinan",
                "NL_NAME_1": "NA",
                "GID_2": "PHL.61.6_1",
                "NAME_2": "Asingan",
                "NL_NAME_2": "NA",
                "NAME_3": "Palaris",
                "VARNAME_3": "NA",
                "NL_NAME_3": "NA",
                "TYPE_3": "Barangay",
                "ENGTYPE_3": "Village",
                "CC_3": "NA",
                "HASC_3": "NA",
                "DISTRICT": 6
            },
            "geometry": {
                "type": "MultiPolygon",
                "coordinates": [
                    [
                        [
                            [
                                120.63,
                                16.0402
                            ],
                            [
                                120.6356,
                                16.0343
                            ],
                            [
                                120.6337,
                                16.0315
                            ],
                            [
                                120.6304,
                                16.0327
                            ],
                            [
                                120.628,
                                16.037
                            ],
                            [
                                120.63,
                                16.0402
                            ]
                        ]
                    ]
                ]
            }
        },
        {
            "type": "Feature",
            "properties": {
                "GID_3": "PHL.61.6.15_1",
                "GID_0": "PHL",
                "COUNTRY": "Philippines",
                "GID_1": "PHL.61_1",
                "NAME_1": "Pangasinan",
                "NL_NAME_1": "NA",
                "GID_2": "PHL.61.6_1",
                "NAME_2": "Asingan",
                "NL_NAME_2": "NA",
                "NAME_3": "PoblacionEast",
                "VARNAME_3": "NA",
                "NL_NAME_3": "NA",
                "TYPE_3": "Barangay",
                "ENGTYPE_3": "Village",
                "CC_3": "NA",
                "HASC_3": "NA",
                "DISTRICT": 6
            },
            "geometry": {
                "type": "MultiPolygon",
                "coordinates": [
                    [
                        [
                            [
                                120.674,
                                16.0145
                            ],
                            [
                                120.6776,
                                16.01
                            ],
                            [
                                120.6765,
                                16.007
                            ],
                            [
                                120.6726,
                                16.0051
                            ],
                            [
                                120.6668,
                                16.005
                            ],
                            [
                                120.6637,
                                16.0145
                            ],
                            [
                                120.6737,
                                16.0161
                            ],
                            [
                                120.674,
                                16.0145
                            ]
                        ]
                    ]
                ]
            }
        },
        {
            "type": "Feature",
            "properties": {
                "GID_3": "PHL.61.6.16_1",
                "GID_0": "PHL",
                "COUNTRY": "Philippines",
                "GID_1": "PHL.61_1",
                "NAME_1": "Pangasinan",
                "NL_NAME_1": "NA",
                "GID_2": "PHL.61.6_1",
                "NAME_2": "Asingan",
                "NL_NAME_2": "NA",
                "NAME_3": "PoblacionWest",
                "VARNAME_3": "NA",
                "NL_NAME_3": "NA",
                "TYPE_3": "Barangay",
                "ENGTYPE_3": "Village",
                "CC_3": "NA",
                "HASC_3": "NA",
                "DISTRICT": 6
            },
            "geometry": {
                "type": "MultiPolygon",
                "coordinates": [
                    [
                        [
                            [
                                120.6668,
                                16.005
                            ],
                            [
                                120.6615,
                                16.0032
                            ],
                            [
                                120.6599,
                                16.0132
                            ],
                            [
                                120.6613,
                                16.0141
                            ],
                            [
                                120.6637,
                                16.0145
                            ],
                            [
                                120.6668,
                                16.005
                            ]
                        ]
                    ]
                ]
            }
        },
        {
            "type": "Feature",
            "properties": {
                "GID_3": "PHL.61.6.17_1",
                "GID_0": "PHL",
                "COUNTRY": "Philippines",
                "GID_1": "PHL.61_1",
                "NAME_1": "Pangasinan",
                "NL_NAME_1": "NA",
                "GID_2": "PHL.61.6_1",
                "NAME_2": "Asingan",
                "NL_NAME_2": "NA",
                "NAME_3": "SanVicenteEste",
                "VARNAME_3": "NA",
                "NL_NAME_3": "NA",
                "TYPE_3": "Barangay",
                "ENGTYPE_3": "Village",
                "CC_3": "NA",
                "HASC_3": "NA",
                "DISTRICT": 6
            },
            "geometry": {
                "type": "MultiPolygon",
                "coordinates": [
                    [
                        [
                            [
                                120.6854,
                                16.0479
                            ],
                            [
                                120.6833,
                                16.0396
                            ],
                            [
                                120.6656,
                                16.0291
                            ],
                            [
                                120.6618,
                                16.025
                            ],
                            [
                                120.6595,
                                16.0278
                            ],
                            [
                                120.6579,
                                16.0351
                            ],
                            [
                                120.6615,
                                16.0363
                            ],
                            [
                                120.6645,
                                16.0467
                            ],
                            [
                                120.6854,
                                16.0479
                            ]
                        ]
                    ]
                ]
            }
        },
        {
            "type": "Feature",
            "properties": {
                "GID_3": "PHL.61.6.18_1",
                "GID_0": "PHL",
                "COUNTRY": "Philippines",
                "GID_1": "PHL.61_1",
                "NAME_1": "Pangasinan",
                "NL_NAME_1": "NA",
                "GID_2": "PHL.61.6_1",
                "NAME_2": "Asingan",
                "NL_NAME_2": "NA",
                "NAME_3": "SanVicenteWeste",
                "VARNAME_3": "NA",
                "NL_NAME_3": "NA",
                "TYPE_3": "Barangay",
                "ENGTYPE_3": "Village",
                "CC_3": "NA",
                "HASC_3": "NA",
                "DISTRICT": 6
            },
            "geometry": {
                "type": "MultiPolygon",
                "coordinates": [
                    [
                        [
                            [
                                120.6457,
                                16.0322
                            ],
                            [
                                120.6608,
                                16.0464
                            ],
                            [
                                120.6645,
                                16.0467
                            ],
                            [
                                120.6615,
                                16.0363
                            ],
                            [
                                120.6579,
                                16.0351
                            ],
                            [
                                120.6595,
                                16.0278
                            ],
                            [
                                120.6617,
                                16.0248
                            ],
                            [
                                120.6573,
                                16.0243
                            ],
                            [
                                120.6537,
                                16.0207
                            ],
                            [
                                120.6459,
                                16.024
                            ],
                            [
                                120.641,
                                16.0274
                            ],
                            [
                                120.6457,
                                16.0322
                            ]
                        ]
                    ]
                ]
            }
        },
        {
            "type": "Feature",
            "properties": {
                "GID_3": "PHL.61.6.19_1",
                "GID_0": "PHL",
                "COUNTRY": "Philippines",
                "GID_1": "PHL.61_1",
                "NAME_1": "Pangasinan",
                "NL_NAME_1": "NA",
                "GID_2": "PHL.61.6_1",
                "NAME_2": "Asingan",
                "NL_NAME_2": "NA",
                "NAME_3": "Sanchez",
                "VARNAME_3": "NA",
                "NL_NAME_3": "NA",
                "TYPE_3": "Barangay",
                "ENGTYPE_3": "Village",
                "CC_3": "NA",
                "HASC_3": "NA",
                "DISTRICT": 6
            },
            "geometry": {
                "type": "MultiPolygon",
                "coordinates": [
                    [
                        [
                            [
                                120.6681,
                                15.9942
                            ],
                            [
                                120.6686,
                                15.9907
                            ],
                            [
                                120.6654,
                                15.9873
                            ],
                            [
                                120.6636,
                                15.9833
                            ],
                            [
                                120.6645,
                                15.982
                            ],
                            [
                                120.6554,
                                15.9874
                            ],
                            [
                                120.6575,
                                15.9959
                            ],
                            [
                                120.661,
                                15.9942
                            ],
                            [
                                120.6681,
                                15.9942
                            ]
                        ]
                    ]
                ]
            }
        },
        {
            "type": "Feature",
            "properties": {
                "GID_3": "PHL.61.6.20_1",
                "GID_0": "PHL",
                "COUNTRY": "Philippines",
                "GID_1": "PHL.61_1",
                "NAME_1": "Pangasinan",
                "NL_NAME_1": "NA",
                "GID_2": "PHL.61.6_1",
                "NAME_2": "Asingan",
                "NL_NAME_2": "NA",
                "NAME_3": "Sobol",
                "VARNAME_3": "NA",
                "NL_NAME_3": "NA",
                "TYPE_3": "Barangay",
                "ENGTYPE_3": "Village",
                "CC_3": "NA",
                "HASC_3": "NA",
                "DISTRICT": 6
            },
            "geometry": {
                "type": "MultiPolygon",
                "coordinates": [
                    [
                        [
                            [
                                120.6187,
                                16.0129
                            ],
                            [
                                120.6205,
                                16.0201
                            ],
                            [
                                120.636,
                                16.0187
                            ],
                            [
                                120.6418,
                                16.0203
                            ],
                            [
                                120.6444,
                                16.0162
                            ],
                            [
                                120.6345,
                                16.0127
                            ],
                            [
                                120.6306,
                                16.0131
                            ],
                            [
                                120.6293,
                                16.0098
                            ],
                            [
                                120.626,
                                16.0125
                            ],
                            [
                                120.6187,
                                16.0129
                            ]
                        ]
                    ]
                ]
            }
        },
        {
            "type": "Feature",
            "properties": {
                "GID_3": "PHL.61.6.21_1",
                "GID_0": "PHL",
                "COUNTRY": "Philippines",
                "GID_1": "PHL.61_1",
                "NAME_1": "Pangasinan",
                "NL_NAME_1": "NA",
                "GID_2": "PHL.61.6_1",
                "NAME_2": "Asingan",
                "NL_NAME_2": "NA",
                "NAME_3": "Toboy",
                "VARNAME_3": "NA",
                "NL_NAME_3": "NA",
                "TYPE_3": "Barangay",
                "ENGTYPE_3": "Village",
                "CC_3": "NA",
                "HASC_3": "NA",
                "DISTRICT": 6
            },
            "geometry": {
                "type": "MultiPolygon",
                "coordinates": [
                    [
                        [
                            [
                                120.6356,
                                16.0343
                            ],
                            [
                                120.6402,
                                16.0354
                            ],
                            [
                                120.6448,
                                16.0337
                            ],
                            [
                                120.6457,
                                16.0322
                            ],
                            [
                                120.641,
                                16.0274
                            ],
                            [
                                120.6459,
                                16.024
                            ],
                            [
                                120.6418,
                                16.0203
                            ],
                            [
                                120.636,
                                16.0187
                            ],
                            [
                                120.63,
                                16.0196
                            ],
                            [
                                120.6287,
                                16.0296
                            ],
                            [
                                120.6304,
                                16.0327
                            ],
                            [
                                120.6337,
                                16.0315
                            ],
                            [
                                120.6356,
                                16.0343
                            ]
                        ]
                    ]
                ]
            }
        },
        {
            "type": "Feature",
            "properties": {
                "GID_3": "PHL.61.7.1_1",
                "GID_0": "PHL",
                "COUNTRY": "Philippines",
                "GID_1": "PHL.61_1",
                "NAME_1": "Pangasinan",
                "NL_NAME_1": "NA",
                "GID_2": "PHL.61.7_1",
                "NAME_2": "Balungao",
                "NL_NAME_2": "NA",
                "NAME_3": "AngayanNorte",
                "VARNAME_3": "NA",
                "NL_NAME_3": "NA",
                "TYPE_3": "Barangay",
                "ENGTYPE_3": "Village",
                "CC_3": "NA",
                "HASC_3": "NA",
                "DISTRICT": 6
            },
            "geometry": {
                "type": "MultiPolygon",
                "coordinates": [
                    [
                        [
                            [
                                120.6955,
                                15.8912
                            ],
                            [
                                120.6925,
                                15.8997
                            ],
                            [
                                120.6879,
                                15.9055
                            ],
                            [
                                120.6914,
                                15.9208
                            ],
                            [
                                120.6937,
                                15.9236
                            ],
                            [
                                120.6901,
                                15.9348
                            ],
                            [
                                120.6989,
                                15.9361
                            ],
                            [
                                120.7001,
                                15.9282
                            ],
                            [
                                120.6959,
                                15.9119
                            ],
                            [
                                120.6989,
                                15.9027
                            ],
                            [
                                120.6996,
                                15.8918
                            ],
                            [
                                120.6955,
                                15.8912
                            ]
                        ]
                    ]
                ]
            }
        },
        {
            "type": "Feature",
            "properties": {
                "GID_3": "PHL.61.7.2_1",
                "GID_0": "PHL",
                "COUNTRY": "Philippines",
                "GID_1": "PHL.61_1",
                "NAME_1": "Pangasinan",
                "NL_NAME_1": "NA",
                "GID_2": "PHL.61.7_1",
                "NAME_2": "Balungao",
                "NL_NAME_2": "NA",
                "NAME_3": "AngayanSur",
                "VARNAME_3": "NA",
                "NL_NAME_3": "NA",
                "TYPE_3": "Barangay",
                "ENGTYPE_3": "Village",
                "CC_3": "NA",
                "HASC_3": "NA",
                "DISTRICT": 6
            },
            "geometry": {
                "type": "MultiPolygon",
                "coordinates": [
                    [
                        [
                            [
                                120.6894,
                                15.9126
                            ],
                            [
                                120.6879,
                                15.9055
                            ],
                            [
                                120.6925,
                                15.8997
                            ],
                            [
                                120.6955,
                                15.8912
                            ],
                            [
                                120.6932,
                                15.8825
                            ],
                            [
                                120.6885,
                                15.8817
                            ],
                            [
                                120.6872,
                                15.8896
                            ],
                            [
                                120.6883,
                                15.8949
                            ],
                            [
                                120.6825,
                                15.9077
                            ],
                            [
                                120.6774,
                                15.9149
                            ],
                            [
                                120.6829,
                                15.9125
                            ],
                            [
                                120.6894,
                                15.9126
                            ]
                        ]
                    ]
                ]
            }
        },
        {
            "type": "Feature",
            "properties": {
                "GID_3": "PHL.61.7.3_1",
                "GID_0": "PHL",
                "COUNTRY": "Philippines",
                "GID_1": "PHL.61_1",
                "NAME_1": "Pangasinan",
                "NL_NAME_1": "NA",
                "GID_2": "PHL.61.7_1",
                "NAME_2": "Balungao",
                "NL_NAME_2": "NA",
                "NAME_3": "Capulaan",
                "VARNAME_3": "NA",
                "NL_NAME_3": "NA",
                "TYPE_3": "Barangay",
                "ENGTYPE_3": "Village",
                "CC_3": "NA",
                "HASC_3": "NA",
                "DISTRICT": 6
            },
            "geometry": {
                "type": "MultiPolygon",
                "coordinates": [
                    [
                        [
                            [
                                120.6581,
                                15.9095
                            ],
                            [
                                120.6525,
                                15.9067
                            ],
                            [
                                120.6512,
                                15.9043
                            ],
                            [
                                120.6495,
                                15.91
                            ],
                            [
                                120.6538,
                                15.9204
                            ],
                            [
                                120.6636,
                                15.9301
                            ],
                            [
                                120.6683,
                                15.9309
                            ],
                            [
                                120.6714,
                                15.9169
                            ],
                            [
                                120.6667,
                                15.9155
                            ],
                            [
                                120.6581,
                                15.9095
                            ]
                        ]
                    ]
                ]
            }
        },
        {
            "type": "Feature",
            "properties": {
                "GID_3": "PHL.61.7.4_1",
                "GID_0": "PHL",
                "COUNTRY": "Philippines",
                "GID_1": "PHL.61_1",
                "NAME_1": "Pangasinan",
                "NL_NAME_1": "NA",
                "GID_2": "PHL.61.7_1",
                "NAME_2": "Balungao",
                "NL_NAME_2": "NA",
                "NAME_3": "Esmeralda",
                "VARNAME_3": "NA",
                "NL_NAME_3": "NA",
                "TYPE_3": "Barangay",
                "ENGTYPE_3": "Village",
                "CC_3": "NA",
                "HASC_3": "NA",
                "DISTRICT": 6
            },
            "geometry": {
                "type": "MultiPolygon",
                "coordinates": [
                    [
                        [
                            [
                                120.6955,
                                15.8912
                            ],
                            [
                                120.73,
                                15.8931
                            ],
                            [
                                120.7419,
                                15.8617
                            ],
                            [
                                120.7304,
                                15.8624
                            ],
                            [
                                120.7188,
                                15.8672
                            ],
                            [
                                120.7166,
                                15.8664
                            ],
                            [
                                120.717,
                                15.8636
                            ],
                            [
                                120.7116,
                                15.8613
                            ],
                            [
                                120.7084,
                                15.8616
                            ],
                            [
                                120.7058,
                                15.8622
                            ],
                            [
                                120.7051,
                                15.8681
                            ],
                            [
                                120.6885,
                                15.8707
                            ],
                            [
                                120.6885,
                                15.8817
                            ],
                            [
                                120.6932,
                                15.8825
                            ],
                            [
                                120.6955,
                                15.8912
                            ]
                        ]
                    ]
                ]
            }
        },
        {
            "type": "Feature",
            "properties": {
                "GID_3": "PHL.61.7.5_1",
                "GID_0": "PHL",
                "COUNTRY": "Philippines",
                "GID_1": "PHL.61_1",
                "NAME_1": "Pangasinan",
                "NL_NAME_1": "NA",
                "GID_2": "PHL.61.7_1",
                "NAME_2": "Balungao",
                "NL_NAME_2": "NA",
                "NAME_3": "Kita-Kita",
                "VARNAME_3": "NA",
                "NL_NAME_3": "NA",
                "TYPE_3": "Barangay",
                "ENGTYPE_3": "Village",
                "CC_3": "NA",
                "HASC_3": "NA",
                "DISTRICT": 6
            },
            "geometry": {
                "type": "MultiPolygon",
                "coordinates": [
                    [
                        [
                            [
                                120.6512,
                                15.9043
                            ],
                            [
                                120.6525,
                                15.9067
                            ],
                            [
                                120.6581,
                                15.9095
                            ],
                            [
                                120.6628,
                                15.9018
                            ],
                            [
                                120.6652,
                                15.8942
                            ],
                            [
                                120.6659,
                                15.8794
                            ],
                            [
                                120.6609,
                                15.8746
                            ],
                            [
                                120.6512,
                                15.9043
                            ]
                        ]
                    ]
                ]
            }
        },
        {
            "type": "Feature",
            "properties": {
                "GID_3": "PHL.61.7.6_1",
                "GID_0": "PHL",
                "COUNTRY": "Philippines",
                "GID_1": "PHL.61_1",
                "NAME_1": "Pangasinan",
                "NL_NAME_1": "NA",
                "GID_2": "PHL.61.7_1",
                "NAME_2": "Balungao",
                "NL_NAME_2": "NA",
                "NAME_3": "Mabini",
                "VARNAME_3": "NA",
                "NL_NAME_3": "NA",
                "TYPE_3": "Barangay",
                "ENGTYPE_3": "Village",
                "CC_3": "NA",
                "HASC_3": "NA",
                "DISTRICT": 6
            },
            "geometry": {
                "type": "MultiPolygon",
                "coordinates": [
                    [
                        [
                            [
                                120.7357,
                                15.8504
                            ],
                            [
                                120.7194,
                                15.8527
                            ],
                            [
                                120.6996,
                                15.8462
                            ],
                            [
                                120.6892,
                                15.8452
                            ],
                            [
                                120.6798,
                                15.8652
                            ],
                            [
                                120.6807,
                                15.872
                            ],
                            [
                                120.7051,
                                15.8681
                            ],
                            [
                                120.7058,
                                15.8622
                            ],
                            [
                                120.7084,
                                15.8616
                            ],
                            [
                                120.7116,
                                15.8613
                            ],
                            [
                                120.717,
                                15.8636
                            ],
                            [
                                120.7166,
                                15.8664
                            ],
                            [
                                120.7188,
                                15.8672
                            ],
                            [
                                120.7304,
                                15.8624
                            ],
                            [
                                120.7419,
                                15.8617
                            ],
                            [
                                120.745,
                                15.8539
                            ],
                            [
                                120.7357,
                                15.8504
                            ]
                        ]
                    ]
                ]
            }
        },
        {
            "type": "Feature",
            "properties": {
                "GID_3": "PHL.61.7.7_1",
                "GID_0": "PHL",
                "COUNTRY": "Philippines",
                "GID_1": "PHL.61_1",
                "NAME_1": "Pangasinan",
                "NL_NAME_1": "NA",
                "GID_2": "PHL.61.7_1",
                "NAME_2": "Balungao",
                "NL_NAME_2": "NA",
                "NAME_3": "Mauban",
                "VARNAME_3": "NA",
                "NL_NAME_3": "NA",
                "TYPE_3": "Barangay",
                "ENGTYPE_3": "Village",
                "CC_3": "NA",
                "HASC_3": "NA",
                "DISTRICT": 6
            },
            "geometry": {
                "type": "MultiPolygon",
                "coordinates": [
                    [
                        [
                            [
                                120.73,
                                15.8931
                            ],
                            [
                                120.71,
                                15.892
                            ],
                            [
                                120.7069,
                                15.9065
                            ],
                            [
                                120.7084,
                                15.9078
                            ],
                            [
                                120.7133,
                                15.9068
                            ],
                            [
                                120.7276,
                                15.9
                            ],
                            [
                                120.73,
                                15.8931
                            ]
                        ]
                    ]
                ]
            }
        },
        {
            "type": "Feature",
            "properties": {
                "GID_3": "PHL.61.7.8_1",
                "GID_0": "PHL",
                "COUNTRY": "Philippines",
                "GID_1": "PHL.61_1",
                "NAME_1": "Pangasinan",
                "NL_NAME_1": "NA",
                "GID_2": "PHL.61.7_1",
                "NAME_2": "Balungao",
                "NL_NAME_2": "NA",
                "NAME_3": "Poblacion",
                "VARNAME_3": "NA",
                "NL_NAME_3": "NA",
                "TYPE_3": "Barangay",
                "ENGTYPE_3": "Village",
                "CC_3": "NA",
                "HASC_3": "NA",
                "DISTRICT": 6
            },
            "geometry": {
                "type": "MultiPolygon",
                "coordinates": [
                    [
                        [
                            [
                                120.6581,
                                15.9095
                            ],
                            [
                                120.6621,
                                15.9122
                            ],
                            [
                                120.6685,
                                15.9115
                            ],
                            [
                                120.6684,
                                15.9037
                            ],
                            [
                                120.6739,
                                15.8805
                            ],
                            [
                                120.6661,
                                15.8845
                            ],
                            [
                                120.6628,
                                15.9018
                            ],
                            [
                                120.6581,
                                15.9095
                            ]
                        ]
                    ]
                ]
            }
        },
        {
            "type": "Feature",
            "properties": {
                "GID_3": "PHL.61.7.9_1",
                "GID_0": "PHL",
                "COUNTRY": "Philippines",
                "GID_1": "PHL.61_1",
                "NAME_1": "Pangasinan",
                "NL_NAME_1": "NA",
                "GID_2": "PHL.61.7_1",
                "NAME_2": "Balungao",
                "NL_NAME_2": "NA",
                "NAME_3": "Pugaro",
                "VARNAME_3": "NA",
                "NL_NAME_3": "NA",
                "TYPE_3": "Barangay",
                "ENGTYPE_3": "Village",
                "CC_3": "NA",
                "HASC_3": "NA",
                "DISTRICT": 6
            },
            "geometry": {
                "type": "MultiPolygon",
                "coordinates": [
                    [
                        [
                            [
                                120.6621,
                                15.9122
                            ],
                            [
                                120.6714,
                                15.9169
                            ],
                            [
                                120.6761,
                                15.8897
                            ],
                            [
                                120.6799,
                                15.8866
                            ],
                            [
                                120.6824,
                                15.887
                            ],
                            [
                                120.6807,
                                15.872
                            ],
                            [
                                120.6738,
                                15.8747
                            ],
                            [
                                120.6741,
                                15.8833
                            ],
                            [
                                120.6692,
                                15.8994
                            ],
                            [
                                120.6685,
                                15.9115
                            ],
                            [
                                120.6621,
                                15.9122
                            ]
                        ]
                    ]
                ]
            }
        },
        {
            "type": "Feature",
            "properties": {
                "GID_3": "PHL.61.7.10_1",
                "GID_0": "PHL",
                "COUNTRY": "Philippines",
                "GID_1": "PHL.61_1",
                "NAME_1": "Pangasinan",
                "NL_NAME_1": "NA",
                "GID_2": "PHL.61.7_1",
                "NAME_2": "Balungao",
                "NL_NAME_2": "NA",
                "NAME_3": "Rajal",
                "VARNAME_3": "NA",
                "NL_NAME_3": "NA",
                "TYPE_3": "Barangay",
                "ENGTYPE_3": "Village",
                "CC_3": "NA",
                "HASC_3": "NA",
                "DISTRICT": 6
            },
            "geometry": {
                "type": "MultiPolygon",
                "coordinates": [
                    [
                        [
                            [
                                120.6996,
                                15.8918
                            ],
                            [
                                120.6989,
                                15.9027
                            ],
                            [
                                120.6962,
                                15.9086
                            ],
                            [
                                120.6958,
                                15.9141
                            ],
                            [
                                120.7001,
                                15.9282
                            ],
                            [
                                120.7048,
                                15.9278
                            ],
                            [
                                120.706,
                                15.9274
                            ],
                            [
                                120.7064,
                                15.9186
                            ],
                            [
                                120.7098,
                                15.9174
                            ],
                            [
                                120.7098,
                                15.9122
                            ],
                            [
                                120.7068,
                                15.9046
                            ],
                            [
                                120.71,
                                15.892
                            ],
                            [
                                120.6996,
                                15.8918
                            ]
                        ]
                    ]
                ]
            }
        },
        {
            "type": "Feature",
            "properties": {
                "GID_3": "PHL.61.7.11_1",
                "GID_0": "PHL",
                "COUNTRY": "Philippines",
                "GID_1": "PHL.61_1",
                "NAME_1": "Pangasinan",
                "NL_NAME_1": "NA",
                "GID_2": "PHL.61.7_1",
                "NAME_2": "Balungao",
                "NL_NAME_2": "NA",
                "NAME_3": "SanAndres",
                "VARNAME_3": "NA",
                "NL_NAME_3": "NA",
                "TYPE_3": "Barangay",
                "ENGTYPE_3": "Village",
                "CC_3": "NA",
                "HASC_3": "NA",
                "DISTRICT": 6
            },
            "geometry": {
                "type": "MultiPolygon",
                "coordinates": [
                    [
                        [
                            [
                                120.6892,
                                15.8452
                            ],
                            [
                                120.6807,
                                15.8457
                            ],
                            [
                                120.6781,
                                15.8528
                            ],
                            [
                                120.6634,
                                15.8695
                            ],
                            [
                                120.6609,
                                15.8746
                            ],
                            [
                                120.6659,
                                15.8794
                            ],
                            [
                                120.6653,
                                15.8862
                            ],
                            [
                                120.6739,
                                15.8805
                            ],
                            [
                                120.6738,
                                15.8747
                            ],
                            [
                                120.6807,
                                15.872
                            ],
                            [
                                120.6798,
                                15.8652
                            ],
                            [
                                120.6892,
                                15.8452
                            ]
                        ]
                    ]
                ]
            }
        },
        {
            "type": "Feature",
            "properties": {
                "GID_3": "PHL.61.7.12_1",
                "GID_0": "PHL",
                "COUNTRY": "Philippines",
                "GID_1": "PHL.61_1",
                "NAME_1": "Pangasinan",
                "NL_NAME_1": "NA",
                "GID_2": "PHL.61.7_1",
                "NAME_2": "Balungao",
                "NL_NAME_2": "NA",
                "NAME_3": "SanAurelio1st",
                "VARNAME_3": "NA",
                "NL_NAME_3": "NA",
                "TYPE_3": "Barangay",
                "ENGTYPE_3": "Village",
                "CC_3": "NA",
                "HASC_3": "NA",
                "DISTRICT": 6
            },
            "geometry": {
                "type": "MultiPolygon",
                "coordinates": [
                    [
                        [
                            [
                                120.6774,
                                15.9149
                            ],
                            [
                                120.6801,
                                15.9085
                            ],
                            [
                                120.6826,
                                15.89
                            ],
                            [
                                120.6824,
                                15.887
                            ],
                            [
                                120.6799,
                                15.8866
                            ],
                            [
                                120.6761,
                                15.8897
                            ],
                            [
                                120.6714,
                                15.9169
                            ],
                            [
                                120.6771,
                                15.9178
                            ],
                            [
                                120.6774,
                                15.9149
                            ]
                        ]
                    ]
                ]
            }
        },
        {
            "type": "Feature",
            "properties": {
                "GID_3": "PHL.61.7.13_1",
                "GID_0": "PHL",
                "COUNTRY": "Philippines",
                "GID_1": "PHL.61_1",
                "NAME_1": "Pangasinan",
                "NL_NAME_1": "NA",
                "GID_2": "PHL.61.7_1",
                "NAME_2": "Balungao",
                "NL_NAME_2": "NA",
                "NAME_3": "SanAurelio2nd",
                "VARNAME_3": "NA",
                "NL_NAME_3": "NA",
                "TYPE_3": "Barangay",
                "ENGTYPE_3": "Village",
                "CC_3": "NA",
                "HASC_3": "NA",
                "DISTRICT": 6
            },
            "geometry": {
                "type": "MultiPolygon",
                "coordinates": [
                    [
                        [
                            [
                                120.6791,
                                15.9118
                            ],
                            [
                                120.6825,
                                15.9077
                            ],
                            [
                                120.6883,
                                15.8949
                            ],
                            [
                                120.6872,
                                15.8896
                            ],
                            [
                                120.6885,
                                15.8707
                            ],
                            [
                                120.6807,
                                15.872
                            ],
                            [
                                120.6826,
                                15.89
                            ],
                            [
                                120.6791,
                                15.9118
                            ]
                        ]
                    ]
                ]
            }
        },
        {
            "type": "Feature",
            "properties": {
                "GID_3": "PHL.61.7.14_1",
                "GID_0": "PHL",
                "COUNTRY": "Philippines",
                "GID_1": "PHL.61_1",
                "NAME_1": "Pangasinan",
                "NL_NAME_1": "NA",
                "GID_2": "PHL.61.7_1",
                "NAME_2": "Balungao",
                "NL_NAME_2": "NA",
                "NAME_3": "SanAurelio3rd",
                "VARNAME_3": "NA",
                "NL_NAME_3": "NA",
                "TYPE_3": "Barangay",
                "ENGTYPE_3": "Village",
                "CC_3": "NA",
                "HASC_3": "NA",
                "DISTRICT": 6
            },
            "geometry": {
                "type": "MultiPolygon",
                "coordinates": [
                    [
                        [
                            [
                                120.6914,
                                15.9208
                            ],
                            [
                                120.6894,
                                15.9126
                            ],
                            [
                                120.6829,
                                15.9125
                            ],
                            [
                                120.6774,
                                15.9149
                            ],
                            [
                                120.6771,
                                15.9178
                            ],
                            [
                                120.6835,
                                15.9184
                            ],
                            [
                                120.6857,
                                15.9206
                            ],
                            [
                                120.6914,
                                15.9208
                            ]
                        ]
                    ]
                ]
            }
        },
        {
            "type": "Feature",
            "properties": {
                "GID_3": "PHL.61.7.15_1",
                "GID_0": "PHL",
                "COUNTRY": "Philippines",
                "GID_1": "PHL.61_1",
                "NAME_1": "Pangasinan",
                "NL_NAME_1": "NA",
                "GID_2": "PHL.61.7_1",
                "NAME_2": "Balungao",
                "NL_NAME_2": "NA",
                "NAME_3": "SanJoaquin",
                "VARNAME_3": "NA",
                "NL_NAME_3": "NA",
                "TYPE_3": "Barangay",
                "ENGTYPE_3": "Village",
                "CC_3": "NA",
                "HASC_3": "NA",
                "DISTRICT": 6
            },
            "geometry": {
                "type": "MultiPolygon",
                "coordinates": [
                    [
                        [
                            [
                                120.6989,
                                15.9361
                            ],
                            [
                                120.683,
                                15.935
                            ],
                            [
                                120.6817,
                                15.9498
                            ],
                            [
                                120.6876,
                                15.9481
                            ],
                            [
                                120.6911,
                                15.9446
                            ],
                            [
                                120.6997,
                                15.946
                            ],
                            [
                                120.7101,
                                15.9433
                            ],
                            [
                                120.7171,
                                15.9467
                            ],
                            [
                                120.7174,
                                15.9434
                            ],
                            [
                                120.7198,
                                15.9434
                            ],
                            [
                                120.7208,
                                15.932
                            ],
                            [
                                120.7126,
                                15.9333
                            ],
                            [
                                120.7096,
                                15.9354
                            ],
                            [
                                120.6989,
                                15.9361
                            ]
                        ]
                    ]
                ]
            }
        },
        {
            "type": "Feature",
            "properties": {
                "GID_3": "PHL.61.7.16_1",
                "GID_0": "PHL",
                "COUNTRY": "Philippines",
                "GID_1": "PHL.61_1",
                "NAME_1": "Pangasinan",
                "NL_NAME_1": "NA",
                "GID_2": "PHL.61.7_1",
                "NAME_2": "Balungao",
                "NL_NAME_2": "NA",
                "NAME_3": "SanJulian",
                "VARNAME_3": "NA",
                "NL_NAME_3": "NA",
                "TYPE_3": "Barangay",
                "ENGTYPE_3": "Village",
                "CC_3": "NA",
                "HASC_3": "NA",
                "DISTRICT": 6
            },
            "geometry": {
                "type": "MultiPolygon",
                "coordinates": [
                    [
                        [
                            [
                                120.6714,
                                15.9169
                            ],
                            [
                                120.6681,
                                15.9328
                            ],
                            [
                                120.6638,
                                15.9361
                            ],
                            [
                                120.6625,
                                15.9432
                            ],
                            [
                                120.6588,
                                15.9471
                            ],
                            [
                                120.6668,
                                15.9496
                            ],
                            [
                                120.6735,
                                15.9489
                            ],
                            [
                                120.6792,
                                15.9511
                            ],
                            [
                                120.6821,
                                15.9501
                            ],
                            [
                                120.6828,
                                15.9329
                            ],
                            [
                                120.6766,
                                15.9196
                            ],
                            [
                                120.6714,
                                15.9169
                            ]
                        ]
                    ]
                ]
            }
        },
        {
            "type": "Feature",
            "properties": {
                "GID_3": "PHL.61.7.17_1",
                "GID_0": "PHL",
                "COUNTRY": "Philippines",
                "GID_1": "PHL.61_1",
                "NAME_1": "Pangasinan",
                "NL_NAME_1": "NA",
                "GID_2": "PHL.61.7_1",
                "NAME_2": "Balungao",
                "NL_NAME_2": "NA",
                "NAME_3": "SanLeon",
                "VARNAME_3": "NA",
                "NL_NAME_3": "NA",
                "TYPE_3": "Barangay",
                "ENGTYPE_3": "Village",
                "CC_3": "NA",
                "HASC_3": "NA",
                "DISTRICT": 6
            },
            "geometry": {
                "type": "MultiPolygon",
                "coordinates": [
                    [
                        [
                            [
                                120.7001,
                                15.9282
                            ],
                            [
                                120.6995,
                                15.9364
                            ],
                            [
                                120.7096,
                                15.9354
                            ],
                            [
                                120.7126,
                                15.9333
                            ],
                            [
                                120.7208,
                                15.932
                            ],
                            [
                                120.7237,
                                15.9095
                            ],
                            [
                                120.7276,
                                15.9
                            ],
                            [
                                120.7084,
                                15.9078
                            ],
                            [
                                120.7098,
                                15.9174
                            ],
                            [
                                120.7064,
                                15.9186
                            ],
                            [
                                120.706,
                                15.9274
                            ],
                            [
                                120.7001,
                                15.9282
                            ]
                        ]
                    ]
                ]
            }
        },
        {
            "type": "Feature",
            "properties": {
                "GID_3": "PHL.61.7.18_1",
                "GID_0": "PHL",
                "COUNTRY": "Philippines",
                "GID_1": "PHL.61_1",
                "NAME_1": "Pangasinan",
                "NL_NAME_1": "NA",
                "GID_2": "PHL.61.7_1",
                "NAME_2": "Balungao",
                "NL_NAME_2": "NA",
                "NAME_3": "SanMarcelino",
                "VARNAME_3": "NA",
                "NL_NAME_3": "NA",
                "TYPE_3": "Barangay",
                "ENGTYPE_3": "Village",
                "CC_3": "NA",
                "HASC_3": "NA",
                "DISTRICT": 6
            },
            "geometry": {
                "type": "MultiPolygon",
                "coordinates": [
                    [
                        [
                            [
                                120.662,
                                15.9439
                            ],
                            [
                                120.6638,
                                15.9361
                            ],
                            [
                                120.6517,
                                15.9308
                            ],
                            [
                                120.6468,
                                15.9236
                            ],
                            [
                                120.6439,
                                15.933
                            ],
                            [
                                120.6523,
                                15.9382
                            ],
                            [
                                120.6576,
                                15.9395
                            ],
                            [
                                120.662,
                                15.9439
                            ]
                        ]
                    ]
                ]
            }
        },
        {
            "type": "Feature",
            "properties": {
                "GID_3": "PHL.61.7.19_1",
                "GID_0": "PHL",
                "COUNTRY": "Philippines",
                "GID_1": "PHL.61_1",
                "NAME_1": "Pangasinan",
                "NL_NAME_1": "NA",
                "GID_2": "PHL.61.7_1",
                "NAME_2": "Balungao",
                "NL_NAME_2": "NA",
                "NAME_3": "SanMiguel",
                "VARNAME_3": "NA",
                "NL_NAME_3": "NA",
                "TYPE_3": "Barangay",
                "ENGTYPE_3": "Village",
                "CC_3": "NA",
                "HASC_3": "NA",
                "DISTRICT": 6
            },
            "geometry": {
                "type": "MultiPolygon",
                "coordinates": [
                    [
                        [
                            [
                                120.6683,
                                15.9309
                            ],
                            [
                                120.6636,
                                15.9301
                            ],
                            [
                                120.6538,
                                15.9204
                            ],
                            [
                                120.6495,
                                15.91
                            ],
                            [
                                120.6468,
                                15.9236
                            ],
                            [
                                120.6486,
                                15.9278
                            ],
                            [
                                120.6561,
                                15.9334
                            ],
                            [
                                120.6638,
                                15.9361
                            ],
                            [
                                120.6681,
                                15.9328
                            ],
                            [
                                120.6683,
                                15.9309
                            ]
                        ]
                    ]
                ]
            }
        },
        {
            "type": "Feature",
            "properties": {
                "GID_3": "PHL.61.7.20_1",
                "GID_0": "PHL",
                "COUNTRY": "Philippines",
                "GID_1": "PHL.61_1",
                "NAME_1": "Pangasinan",
                "NL_NAME_1": "NA",
                "GID_2": "PHL.61.7_1",
                "NAME_2": "Balungao",
                "NL_NAME_2": "NA",
                "NAME_3": "SanRaymundo",
                "VARNAME_3": "NA",
                "NL_NAME_3": "NA",
                "TYPE_3": "Barangay",
                "ENGTYPE_3": "Village",
                "CC_3": "NA",
                "HASC_3": "NA",
                "DISTRICT": 6
            },
            "geometry": {
                "type": "MultiPolygon",
                "coordinates": [
                    [
                        [
                            [
                                120.6901,
                                15.9348
                            ],
                            [
                                120.6937,
                                15.9236
                            ],
                            [
                                120.6914,
                                15.9208
                            ],
                            [
                                120.6732,
                                15.9172
                            ],
                            [
                                120.6766,
                                15.9196
                            ],
                            [
                                120.683,
                                15.935
                            ],
                            [
                                120.6901,
                                15.9348
                            ]
                        ]
                    ]
                ]
            }
        },
        {
            "type": "Feature",
            "properties": {
                "GID_3": "PHL.61.10.1_1",
                "GID_0": "PHL",
                "COUNTRY": "Philippines",
                "GID_1": "PHL.61_1",
                "NAME_1": "Pangasinan",
                "NL_NAME_1": "NA",
                "GID_2": "PHL.61.10_1",
                "NAME_2": "Bautista",
                "NL_NAME_2": "NA",
                "NAME_3": "Artacho",
                "VARNAME_3": "NA",
                "NL_NAME_3": "NA",
                "TYPE_3": "Barangay",
                "ENGTYPE_3": "Village",
                "CC_3": "NA",
                "HASC_3": "NA",
                "DISTRICT": 5
            },
            "geometry": {
                "type": "MultiPolygon",
                "coordinates": [
                    [
                        [
                            [
                                120.547,
                                15.8322
                            ],
                            [
                                120.573,
                                15.8323
                            ],
                            [
                                120.5693,
                                15.8176
                            ],
                            [
                                120.5604,
                                15.8128
                            ],
                            [
                                120.547,
                                15.8322
                            ]
                        ]
                    ]
                ]
            }
        },
        {
            "type": "Feature",
            "properties": {
                "GID_3": "PHL.61.10.2_1",
                "GID_0": "PHL",
                "COUNTRY": "Philippines",
                "GID_1": "PHL.61_1",
                "NAME_1": "Pangasinan",
                "NL_NAME_1": "NA",
                "GID_2": "PHL.61.10_1",
                "NAME_2": "Bautista",
                "NL_NAME_2": "NA",
                "NAME_3": "Baluyot",
                "VARNAME_3": "NA",
                "NL_NAME_3": "NA",
                "TYPE_3": "Barangay",
                "ENGTYPE_3": "Village",
                "CC_3": "NA",
                "HASC_3": "NA",
                "DISTRICT": 5
            },
            "geometry": {
                "type": "MultiPolygon",
                "coordinates": [
                    [
                        [
                            [
                                120.4729,
                                15.8118
                            ],
                            [
                                120.4752,
                                15.8071
                            ],
                            [
                                120.4807,
                                15.8056
                            ],
                            [
                                120.4822,
                                15.7999
                            ],
                            [
                                120.4688,
                                15.8011
                            ],
                            [
                                120.4684,
                                15.809
                            ],
                            [
                                120.4729,
                                15.8118
                            ]
                        ]
                    ]
                ]
            }
        },
        {
            "type": "Feature",
            "properties": {
                "GID_3": "PHL.61.10.3_1",
                "GID_0": "PHL",
                "COUNTRY": "Philippines",
                "GID_1": "PHL.61_1",
                "NAME_1": "Pangasinan",
                "NL_NAME_1": "NA",
                "GID_2": "PHL.61.10_1",
                "NAME_2": "Bautista",
                "NL_NAME_2": "NA",
                "NAME_3": "Cabuaan",
                "VARNAME_3": "NA",
                "NL_NAME_3": "NA",
                "TYPE_3": "Barangay",
                "ENGTYPE_3": "Village",
                "CC_3": "NA",
                "HASC_3": "NA",
                "DISTRICT": 5
            },
            "geometry": {
                "type": "MultiPolygon",
                "coordinates": [
                    [
                        [
                            [
                                120.4807,
                                15.8056
                            ],
                            [
                                120.4752,
                                15.8071
                            ],
                            [
                                120.4735,
                                15.8127
                            ],
                            [
                                120.4769,
                                15.8108
                            ],
                            [
                                120.4809,
                                15.8119
                            ],
                            [
                                120.4806,
                                15.8137
                            ],
                            [
                                120.4866,
                                15.8112
                            ],
                            [
                                120.486,
                                15.8064
                            ],
                            [
                                120.4807,
                                15.8056
                            ]
                        ]
                    ]
                ]
            }
        },
        {
            "type": "Feature",
            "properties": {
                "GID_3": "PHL.61.10.4_1",
                "GID_0": "PHL",
                "COUNTRY": "Philippines",
                "GID_1": "PHL.61_1",
                "NAME_1": "Pangasinan",
                "NL_NAME_1": "NA",
                "GID_2": "PHL.61.10_1",
                "NAME_2": "Bautista",
                "NL_NAME_2": "NA",
                "NAME_3": "Cacandongan",
                "VARNAME_3": "NA",
                "NL_NAME_3": "NA",
                "TYPE_3": "Barangay",
                "ENGTYPE_3": "Village",
                "CC_3": "NA",
                "HASC_3": "NA",
                "DISTRICT": 5
            },
            "geometry": {
                "type": "MultiPolygon",
                "coordinates": [
                    [
                        [
                            [
                                120.493,
                                15.8318
                            ],
                            [
                                120.4966,
                                15.8316
                            ],
                            [
                                120.4926,
                                15.8288
                            ],
                            [
                                120.4892,
                                15.8223
                            ],
                            [
                                120.4875,
                                15.8231
                            ],
                            [
                                120.4889,
                                15.8272
                            ],
                            [
                                120.4847,
                                15.8313
                            ],
                            [
                                120.493,
                                15.8318
                            ]
                        ]
                    ]
                ]
            }
        },
        {
            "type": "Feature",
            "properties": {
                "GID_3": "PHL.61.10.5_1",
                "GID_0": "PHL",
                "COUNTRY": "Philippines",
                "GID_1": "PHL.61_1",
                "NAME_1": "Pangasinan",
                "NL_NAME_1": "NA",
                "GID_2": "PHL.61.10_1",
                "NAME_2": "Bautista",
                "NL_NAME_2": "NA",
                "NAME_3": "Diaz",
                "VARNAME_3": "NA",
                "NL_NAME_3": "NA",
                "TYPE_3": "Barangay",
                "ENGTYPE_3": "Village",
                "CC_3": "NA",
                "HASC_3": "NA",
                "DISTRICT": 5
            },
            "geometry": {
                "type": "MultiPolygon",
                "coordinates": [
                    [
                        [
                            [
                                120.4937,
                                15.8155
                            ],
                            [
                                120.4992,
                                15.813
                            ],
                            [
                                120.5032,
                                15.8168
                            ],
                            [
                                120.5168,
                                15.8197
                            ],
                            [
                                120.5192,
                                15.8146
                            ],
                            [
                                120.5313,
                                15.8173
                            ],
                            [
                                120.534,
                                15.7926
                            ],
                            [
                                120.5293,
                                15.7946
                            ],
                            [
                                120.5242,
                                15.7661
                            ],
                            [
                                120.5062,
                                15.7831
                            ],
                            [
                                120.5084,
                                15.7956
                            ],
                            [
                                120.5039,
                                15.7997
                            ],
                            [
                                120.4945,
                                15.804
                            ],
                            [
                                120.4929,
                                15.8125
                            ],
                            [
                                120.4937,
                                15.8155
                            ]
                        ]
                    ]
                ]
            }
        },
        {
            "type": "Feature",
            "properties": {
                "GID_3": "PHL.61.10.6_1",
                "GID_0": "PHL",
                "COUNTRY": "Philippines",
                "GID_1": "PHL.61_1",
                "NAME_1": "Pangasinan",
                "NL_NAME_1": "NA",
                "GID_2": "PHL.61.10_1",
                "NAME_2": "Bautista",
                "NL_NAME_2": "NA",
                "NAME_3": "Ketegan",
                "VARNAME_3": "NA",
                "NL_NAME_3": "NA",
                "TYPE_3": "Barangay",
                "ENGTYPE_3": "Village",
                "CC_3": "NA",
                "HASC_3": "NA",
                "DISTRICT": 5
            },
            "geometry": {
                "type": "MultiPolygon",
                "coordinates": [
                    [
                        [
                            [
                                120.4892,
                                15.8223
                            ],
                            [
                                120.4938,
                                15.83
                            ],
                            [
                                120.4999,
                                15.8257
                            ],
                            [
                                120.4917,
                                15.8181
                            ],
                            [
                                120.4892,
                                15.8223
                            ]
                        ]
                    ]
                ]
            }
        },
        {
            "type": "Feature",
            "properties": {
                "GID_3": "PHL.61.10.7_1",
                "GID_0": "PHL",
                "COUNTRY": "Philippines",
                "GID_1": "PHL.61_1",
                "NAME_1": "Pangasinan",
                "NL_NAME_1": "NA",
                "GID_2": "PHL.61.10_1",
                "NAME_2": "Bautista",
                "NL_NAME_2": "NA",
                "NAME_3": "Nandacan",
                "VARNAME_3": "NA",
                "NL_NAME_3": "NA",
                "TYPE_3": "Barangay",
                "ENGTYPE_3": "Village",
                "CC_3": "NA",
                "HASC_3": "NA",
                "DISTRICT": 5
            },
            "geometry": {
                "type": "MultiPolygon",
                "coordinates": [
                    [
                        [
                            [
                                120.4875,
                                15.8231
                            ],
                            [
                                120.4917,
                                15.8181
                            ],
                            [
                                120.4885,
                                15.8143
                            ],
                            [
                                120.4816,
                                15.8176
                            ],
                            [
                                120.4875,
                                15.8231
                            ]
                        ]
                    ]
                ]
            }
        },
        {
            "type": "Feature",
            "properties": {
                "GID_3": "PHL.61.10.8_1",
                "GID_0": "PHL",
                "COUNTRY": "Philippines",
                "GID_1": "PHL.61_1",
                "NAME_1": "Pangasinan",
                "NL_NAME_1": "NA",
                "GID_2": "PHL.61.10_1",
                "NAME_2": "Bautista",
                "NL_NAME_2": "NA",
                "NAME_3": "NibaliwNorte",
                "VARNAME_3": "NA",
                "NL_NAME_3": "NA",
                "TYPE_3": "Barangay",
                "ENGTYPE_3": "Village",
                "CC_3": "NA",
                "HASC_3": "NA",
                "DISTRICT": 5
            },
            "geometry": {
                "type": "MultiPolygon",
                "coordinates": [
                    [
                        [
                            [
                                120.4727,
                                15.8143
                            ],
                            [
                                120.4672,
                                15.8126
                            ],
                            [
                                120.4656,
                                15.8161
                            ],
                            [
                                120.466,
                                15.8207
                            ],
                            [
                                120.4697,
                                15.8228
                            ],
                            [
                                120.4727,
                                15.8143
                            ]
                        ]
                    ]
                ]
            }
        },
        {
            "type": "Feature",
            "properties": {
                "GID_3": "PHL.61.10.9_1",
                "GID_0": "PHL",
                "COUNTRY": "Philippines",
                "GID_1": "PHL.61_1",
                "NAME_1": "Pangasinan",
                "NL_NAME_1": "NA",
                "GID_2": "PHL.61.10_1",
                "NAME_2": "Bautista",
                "NL_NAME_2": "NA",
                "NAME_3": "NibaliwSur",
                "VARNAME_3": "NA",
                "NL_NAME_3": "NA",
                "TYPE_3": "Barangay",
                "ENGTYPE_3": "Village",
                "CC_3": "NA",
                "HASC_3": "NA",
                "DISTRICT": 5
            },
            "geometry": {
                "type": "MultiPolygon",
                "coordinates": [
                    [
                        [
                            [
                                120.4729,
                                15.8118
                            ],
                            [
                                120.4684,
                                15.809
                            ],
                            [
                                120.4672,
                                15.8126
                            ],
                            [
                                120.4727,
                                15.8143
                            ],
                            [
                                120.4729,
                                15.8118
                            ]
                        ]
                    ]
                ]
            }
        },
        {
            "type": "Feature",
            "properties": {
                "GID_3": "PHL.61.10.10_1",
                "GID_0": "PHL",
                "COUNTRY": "Philippines",
                "GID_1": "PHL.61_1",
                "NAME_1": "Pangasinan",
                "NL_NAME_1": "NA",
                "GID_2": "PHL.61.10_1",
                "NAME_2": "Bautista",
                "NL_NAME_2": "NA",
                "NAME_3": "Palisoc",
                "VARNAME_3": "NA",
                "NL_NAME_3": "NA",
                "TYPE_3": "Barangay",
                "ENGTYPE_3": "Village",
                "CC_3": "NA",
                "HASC_3": "NA",
                "DISTRICT": 5
            },
            "geometry": {
                "type": "MultiPolygon",
                "coordinates": [
                    [
                        [
                            [
                                120.5058,
                                15.8174
                            ],
                            [
                                120.498,
                                15.8129
                            ],
                            [
                                120.4937,
                                15.8155
                            ],
                            [
                                120.4929,
                                15.8187
                            ],
                            [
                                120.5012,
                                15.8265
                            ],
                            [
                                120.5045,
                                15.8256
                            ],
                            [
                                120.5058,
                                15.8174
                            ]
                        ]
                    ]
                ]
            }
        },
        {
            "type": "Feature",
            "properties": {
                "GID_3": "PHL.61.10.11_1",
                "GID_0": "PHL",
                "COUNTRY": "Philippines",
                "GID_1": "PHL.61_1",
                "NAME_1": "Pangasinan",
                "NL_NAME_1": "NA",
                "GID_2": "PHL.61.10_1",
                "NAME_2": "Bautista",
                "NL_NAME_2": "NA",
                "NAME_3": "PoblacionEast",
                "VARNAME_3": "NA",
                "NL_NAME_3": "NA",
                "TYPE_3": "Barangay",
                "ENGTYPE_3": "Village",
                "CC_3": "NA",
                "HASC_3": "NA",
                "DISTRICT": 5
            },
            "geometry": {
                "type": "MultiPolygon",
                "coordinates": [
                    [
                        [
                            [
                                120.4866,
                                15.8112
                            ],
                            [
                                120.4776,
                                15.8145
                            ],
                            [
                                120.4773,
                                15.8166
                            ],
                            [
                                120.4816,
                                15.8176
                            ],
                            [
                                120.4885,
                                15.8143
                            ],
                            [
                                120.4929,
                                15.8187
                            ],
                            [
                                120.4944,
                                15.8088
                            ],
                            [
                                120.4866,
                                15.8112
                            ]
                        ]
                    ]
                ]
            }
        },
        {
            "type": "Feature",
            "properties": {
                "GID_3": "PHL.61.10.12_1",
                "GID_0": "PHL",
                "COUNTRY": "Philippines",
                "GID_1": "PHL.61_1",
                "NAME_1": "Pangasinan",
                "NL_NAME_1": "NA",
                "GID_2": "PHL.61.10_1",
                "NAME_2": "Bautista",
                "NL_NAME_2": "NA",
                "NAME_3": "PoblacionWest",
                "VARNAME_3": "NA",
                "NL_NAME_3": "NA",
                "TYPE_3": "Barangay",
                "ENGTYPE_3": "Village",
                "CC_3": "NA",
                "HASC_3": "NA",
                "DISTRICT": 5
            },
            "geometry": {
                "type": "MultiPolygon",
                "coordinates": [
                    [
                        [
                            [
                                120.4806,
                                15.8137
                            ],
                            [
                                120.4809,
                                15.8119
                            ],
                            [
                                120.4769,
                                15.8108
                            ],
                            [
                                120.4735,
                                15.8127
                            ],
                            [
                                120.4716,
                                15.817
                            ],
                            [
                                120.4773,
                                15.8166
                            ],
                            [
                                120.4776,
                                15.8145
                            ],
                            [
                                120.4806,
                                15.8137
                            ]
                        ]
                    ]
                ]
            }
        },
        {
            "type": "Feature",
            "properties": {
                "GID_3": "PHL.61.10.13_1",
                "GID_0": "PHL",
                "COUNTRY": "Philippines",
                "GID_1": "PHL.61_1",
                "NAME_1": "Pangasinan",
                "NL_NAME_1": "NA",
                "GID_2": "PHL.61.10_1",
                "NAME_2": "Bautista",
                "NL_NAME_2": "NA",
                "NAME_3": "Pogo",
                "VARNAME_3": "NA",
                "NL_NAME_3": "NA",
                "TYPE_3": "Barangay",
                "ENGTYPE_3": "Village",
                "CC_3": "NA",
                "HASC_3": "NA",
                "DISTRICT": 5
            },
            "geometry": {
                "type": "MultiPolygon",
                "coordinates": [
                    [
                        [
                            [
                                120.4966,
                                15.8316
                            ],
                            [
                                120.5301,
                                15.8321
                            ],
                            [
                                120.5313,
                                15.8173
                            ],
                            [
                                120.5201,
                                15.8144
                            ],
                            [
                                120.5168,
                                15.8197
                            ],
                            [
                                120.5058,
                                15.8174
                            ],
                            [
                                120.5045,
                                15.8256
                            ],
                            [
                                120.4999,
                                15.8257
                            ],
                            [
                                120.4938,
                                15.83
                            ],
                            [
                                120.4966,
                                15.8316
                            ]
                        ]
                    ]
                ]
            }
        },
        {
            "type": "Feature",
            "properties": {
                "GID_3": "PHL.61.10.14_1",
                "GID_0": "PHL",
                "COUNTRY": "Philippines",
                "GID_1": "PHL.61_1",
                "NAME_1": "Pangasinan",
                "NL_NAME_1": "NA",
                "GID_2": "PHL.61.10_1",
                "NAME_2": "Bautista",
                "NL_NAME_2": "NA",
                "NAME_3": "Poponto",
                "VARNAME_3": "NA",
                "NL_NAME_3": "NA",
                "TYPE_3": "Barangay",
                "ENGTYPE_3": "Village",
                "CC_3": "NA",
                "HASC_3": "NA",
                "DISTRICT": 5
            },
            "geometry": {
                "type": "MultiPolygon",
                "coordinates": [
                    [
                        [
                            [
                                120.5242,
                                15.7661
                            ],
                            [
                                120.5293,
                                15.7946
                            ],
                            [
                                120.5448,
                                15.7878
                            ],
                            [
                                120.5584,
                                15.7926
                            ],
                            [
                                120.5479,
                                15.7707
                            ],
                            [
                                120.5306,
                                15.7602
                            ],
                            [
                                120.5242,
                                15.7661
                            ]
                        ]
                    ]
                ]
            }
        },
        {
            "type": "Feature",
            "properties": {
                "GID_3": "PHL.61.10.15_1",
                "GID_0": "PHL",
                "COUNTRY": "Philippines",
                "GID_1": "PHL.61_1",
                "NAME_1": "Pangasinan",
                "NL_NAME_1": "NA",
                "GID_2": "PHL.61.10_1",
                "NAME_2": "Bautista",
                "NL_NAME_2": "NA",
                "NAME_3": "Primicias",
                "VARNAME_3": "NA",
                "NL_NAME_3": "NA",
                "TYPE_3": "Barangay",
                "ENGTYPE_3": "Village",
                "CC_3": "NA",
                "HASC_3": "NA",
                "DISTRICT": 5
            },
            "geometry": {
                "type": "MultiPolygon",
                "coordinates": [
                    [
                        [
                            [
                                120.5604,
                                15.8128
                            ],
                            [
                                120.5693,
                                15.8176
                            ],
                            [
                                120.5584,
                                15.7926
                            ],
                            [
                                120.5448,
                                15.7878
                            ],
                            [
                                120.534,
                                15.7926
                            ],
                            [
                                120.532,
                                15.8051
                            ],
                            [
                                120.5324,
                                15.8152
                            ],
                            [
                                120.5569,
                                15.8111
                            ],
                            [
                                120.5604,
                                15.8128
                            ]
                        ]
                    ]
                ]
            }
        },
        {
            "type": "Feature",
            "properties": {
                "GID_3": "PHL.61.10.16_1",
                "GID_0": "PHL",
                "COUNTRY": "Philippines",
                "GID_1": "PHL.61_1",
                "NAME_1": "Pangasinan",
                "NL_NAME_1": "NA",
                "GID_2": "PHL.61.10_1",
                "NAME_2": "Bautista",
                "NL_NAME_2": "NA",
                "NAME_3": "Sinabaan",
                "VARNAME_3": "NA",
                "NL_NAME_3": "NA",
                "TYPE_3": "Barangay",
                "ENGTYPE_3": "Village",
                "CC_3": "NA",
                "HASC_3": "NA",
                "DISTRICT": 5
            },
            "geometry": {
                "type": "MultiPolygon",
                "coordinates": [
                    [
                        [
                            [
                                120.4716,
                                15.817
                            ],
                            [
                                120.4697,
                                15.8228
                            ],
                            [
                                120.4723,
                                15.8243
                            ],
                            [
                                120.4748,
                                15.8235
                            ],
                            [
                                120.4773,
                                15.8166
                            ],
                            [
                                120.4716,
                                15.817
                            ]
                        ]
                    ]
                ]
            }
        },
        {
            "type": "Feature",
            "properties": {
                "GID_3": "PHL.61.10.17_1",
                "GID_0": "PHL",
                "COUNTRY": "Philippines",
                "GID_1": "PHL.61_1",
                "NAME_1": "Pangasinan",
                "NL_NAME_1": "NA",
                "GID_2": "PHL.61.10_1",
                "NAME_2": "Bautista",
                "NL_NAME_2": "NA",
                "NAME_3": "Vacante",
                "VARNAME_3": "NA",
                "NL_NAME_3": "NA",
                "TYPE_3": "Barangay",
                "ENGTYPE_3": "Village",
                "CC_3": "NA",
                "HASC_3": "NA",
                "DISTRICT": 5
            },
            "geometry": {
                "type": "MultiPolygon",
                "coordinates": [
                    [
                        [
                            [
                                120.4822,
                                15.7999
                            ],
                            [
                                120.4807,
                                15.8056
                            ],
                            [
                                120.486,
                                15.8064
                            ],
                            [
                                120.4866,
                                15.8112
                            ],
                            [
                                120.4944,
                                15.8088
                            ],
                            [
                                120.4945,
                                15.804
                            ],
                            [
                                120.5039,
                                15.7997
                            ],
                            [
                                120.5084,
                                15.7956
                            ],
                            [
                                120.5062,
                                15.7831
                            ],
                            [
                                120.4884,
                                15.7997
                            ],
                            [
                                120.4822,
                                15.7999
                            ]
                        ]
                    ]
                ]
            }
        },
        {
            "type": "Feature",
            "properties": {
                "GID_3": "PHL.61.10.18_1",
                "GID_0": "PHL",
                "COUNTRY": "Philippines",
                "GID_1": "PHL.61_1",
                "NAME_1": "Pangasinan",
                "NL_NAME_1": "NA",
                "GID_2": "PHL.61.10_1",
                "NAME_2": "Bautista",
                "NL_NAME_2": "NA",
                "NAME_3": "Villanueva",
                "VARNAME_3": "NA",
                "NL_NAME_3": "NA",
                "TYPE_3": "Barangay",
                "ENGTYPE_3": "Village",
                "CC_3": "NA",
                "HASC_3": "NA",
                "DISTRICT": 5
            },
            "geometry": {
                "type": "MultiPolygon",
                "coordinates": [
                    [
                        [
                            [
                                120.5401,
                                15.832
                            ],
                            [
                                120.5476,
                                15.8317
                            ],
                            [
                                120.5597,
                                15.812
                            ],
                            [
                                120.5569,
                                15.8111
                            ],
                            [
                                120.5392,
                                15.8132
                            ],
                            [
                                120.5324,
                                15.8152
                            ],
                            [
                                120.5301,
                                15.8321
                            ],
                            [
                                120.5401,
                                15.832
                            ]
                        ]
                    ]
                ]
            }
        },
        {
            "type": "Feature",
            "properties": {
                "GID_3": "PHL.61.12.1_1",
                "GID_0": "PHL",
                "COUNTRY": "Philippines",
                "GID_1": "PHL.61_1",
                "NAME_1": "Pangasinan",
                "NL_NAME_1": "NA",
                "GID_2": "PHL.61.12_1",
                "NAME_2": "Binalonan",
                "NL_NAME_2": "NA",
                "NAME_3": "Balangobong",
                "VARNAME_3": "NA",
                "NL_NAME_3": "NA",
                "TYPE_3": "Barangay",
                "ENGTYPE_3": "Village",
                "CC_3": "NA",
                "HASC_3": "NA",
                "DISTRICT": 5
            },
            "geometry": {
                "type": "MultiPolygon",
                "coordinates": [
                    [
                        [
                            [
                                120.6124,
                                16.0283
                            ],
                            [
                                120.5975,
                                16.0169
                            ],
                            [
                                120.5929,
                                16.0287
                            ],
                            [
                                120.611,
                                16.032
                            ],
                            [
                                120.6124,
                                16.0283
                            ]
                        ]
                    ]
                ]
            }
        },
        {
            "type": "Feature",
            "properties": {
                "GID_3": "PHL.61.12.2_1",
                "GID_0": "PHL",
                "COUNTRY": "Philippines",
                "GID_1": "PHL.61_1",
                "NAME_1": "Pangasinan",
                "NL_NAME_1": "NA",
                "GID_2": "PHL.61.12_1",
                "NAME_2": "Binalonan",
                "NL_NAME_2": "NA",
                "NAME_3": "Bued",
                "VARNAME_3": "NA",
                "NL_NAME_3": "NA",
                "TYPE_3": "Barangay",
                "ENGTYPE_3": "Village",
                "CC_3": "NA",
                "HASC_3": "NA",
                "DISTRICT": 5
            },
            "geometry": {
                "type": "MultiPolygon",
                "coordinates": [
                    [
                        [
                            [
                                120.5749,
                                16.051
                            ],
                            [
                                120.5841,
                                16.049
                            ],
                            [
                                120.585,
                                16.0382
                            ],
                            [
                                120.5731,
                                16.038
                            ],
                            [
                                120.5749,
                                16.051
                            ]
                        ]
                    ]
                ]
            }
        },
        {
            "type": "Feature",
            "properties": {
                "GID_3": "PHL.61.12.3_1",
                "GID_0": "PHL",
                "COUNTRY": "Philippines",
                "GID_1": "PHL.61_1",
                "NAME_1": "Pangasinan",
                "NL_NAME_1": "NA",
                "GID_2": "PHL.61.12_1",
                "NAME_2": "Binalonan",
                "NL_NAME_2": "NA",
                "NAME_3": "Bugayong",
                "VARNAME_3": "NA",
                "NL_NAME_3": "NA",
                "TYPE_3": "Barangay",
                "ENGTYPE_3": "Village",
                "CC_3": "NA",
                "HASC_3": "NA",
                "DISTRICT": 5
            },
            "geometry": {
                "type": "MultiPolygon",
                "coordinates": [
                    [
                        [
                            [
                                120.5696,
                                16.103
                            ],
                            [
                                120.5809,
                                16.0881
                            ],
                            [
                                120.5711,
                                16.0832
                            ],
                            [
                                120.5657,
                                16.0837
                            ],
                            [
                                120.5582,
                                16.0769
                            ],
                            [
                                120.5547,
                                16.0836
                            ],
                            [
                                120.5696,
                                16.103
                            ]
                        ]
                    ]
                ]
            }
        },
        {
            "type": "Feature",
            "properties": {
                "GID_3": "PHL.61.12.4_1",
                "GID_0": "PHL",
                "COUNTRY": "Philippines",
                "GID_1": "PHL.61_1",
                "NAME_1": "Pangasinan",
                "NL_NAME_1": "NA",
                "GID_2": "PHL.61.12_1",
                "NAME_2": "Binalonan",
                "NL_NAME_2": "NA",
                "NAME_3": "Camangaan",
                "VARNAME_3": "NA",
                "NL_NAME_3": "NA",
                "TYPE_3": "Barangay",
                "ENGTYPE_3": "Village",
                "CC_3": "NA",
                "HASC_3": "NA",
                "DISTRICT": 5
            },
            "geometry": {
                "type": "MultiPolygon",
                "coordinates": [
                    [
                        [
                            [
                                120.5809,
                                16.0881
                            ],
                            [
                                120.5696,
                                16.103
                            ],
                            [
                                120.5794,
                                16.1147
                            ],
                            [
                                120.6,
                                16.1187
                            ],
                            [
                                120.6002,
                                16.0933
                            ],
                            [
                                120.5809,
                                16.0881
                            ]
                        ]
                    ]
                ]
            }
        },
        {
            "type": "Feature",
            "properties": {
                "GID_3": "PHL.61.12.5_1",
                "GID_0": "PHL",
                "COUNTRY": "Philippines",
                "GID_1": "PHL.61_1",
                "NAME_1": "Pangasinan",
                "NL_NAME_1": "NA",
                "GID_2": "PHL.61.12_1",
                "NAME_2": "Binalonan",
                "NL_NAME_2": "NA",
                "NAME_3": "Canarvacanan",
                "VARNAME_3": "NA",
                "NL_NAME_3": "NA",
                "TYPE_3": "Barangay",
                "ENGTYPE_3": "Village",
                "CC_3": "NA",
                "HASC_3": "NA",
                "DISTRICT": 5
            },
            "geometry": {
                "type": "MultiPolygon",
                "coordinates": [
                    [
                        [
                            [
                                120.5742,
                                16.0612
                            ],
                            [
                                120.5755,
                                16.0678
                            ],
                            [
                                120.5856,
                                16.0681
                            ],
                            [
                                120.5894,
                                16.0608
                            ],
                            [
                                120.5843,
                                16.0594
                            ],
                            [
                                120.5842,
                                16.0534
                            ],
                            [
                                120.5763,
                                16.0541
                            ],
                            [
                                120.5742,
                                16.0612
                            ]
                        ]
                    ]
                ]
            }
        },
        {
            "type": "Feature",
            "properties": {
                "GID_3": "PHL.61.12.6_1",
                "GID_0": "PHL",
                "COUNTRY": "Philippines",
                "GID_1": "PHL.61_1",
                "NAME_1": "Pangasinan",
                "NL_NAME_1": "NA",
                "GID_2": "PHL.61.12_1",
                "NAME_2": "Binalonan",
                "NL_NAME_2": "NA",
                "NAME_3": "Capas",
                "VARNAME_3": "NA",
                "NL_NAME_3": "NA",
                "TYPE_3": "Barangay",
                "ENGTYPE_3": "Village",
                "CC_3": "NA",
                "HASC_3": "NA",
                "DISTRICT": 5
            },
            "geometry": {
                "type": "MultiPolygon",
                "coordinates": [
                    [
                        [
                            [
                                120.6027,
                                16.0665
                            ],
                            [
                                120.6226,
                                16.0694
                            ],
                            [
                                120.6167,
                                16.049
                            ],
                            [
                                120.6096,
                                16.0495
                            ],
                            [
                                120.6074,
                                16.0522
                            ],
                            [
                                120.6027,
                                16.0665
                            ]
                        ]
                    ]
                ]
            }
        },
        {
            "type": "Feature",
            "properties": {
                "GID_3": "PHL.61.12.7_1",
                "GID_0": "PHL",
                "COUNTRY": "Philippines",
                "GID_1": "PHL.61_1",
                "NAME_1": "Pangasinan",
                "NL_NAME_1": "NA",
                "GID_2": "PHL.61.12_1",
                "NAME_2": "Binalonan",
                "NL_NAME_2": "NA",
                "NAME_3": "Cili",
                "VARNAME_3": "NA",
                "NL_NAME_3": "NA",
                "TYPE_3": "Barangay",
                "ENGTYPE_3": "Village",
                "CC_3": "NA",
                "HASC_3": "NA",
                "DISTRICT": 5
            },
            "geometry": {
                "type": "MultiPolygon",
                "coordinates": [
                    [
                        [
                            [
                                120.5809,
                                16.0881
                            ],
                            [
                                120.6002,
                                16.0933
                            ],
                            [
                                120.6012,
                                16.0765
                            ],
                            [
                                120.5829,
                                16.0732
                            ],
                            [
                                120.5739,
                                16.0735
                            ],
                            [
                                120.572,
                                16.0771
                            ],
                            [
                                120.5728,
                                16.0782
                            ],
                            [
                                120.5798,
                                16.0793
                            ],
                            [
                                120.5824,
                                16.0824
                            ],
                            [
                                120.5809,
                                16.0881
                            ]
                        ]
                    ]
                ]
            }
        },
        {
            "type": "Feature",
            "properties": {
                "GID_3": "PHL.61.12.8_1",
                "GID_0": "PHL",
                "COUNTRY": "Philippines",
                "GID_1": "PHL.61_1",
                "NAME_1": "Pangasinan",
                "NL_NAME_1": "NA",
                "GID_2": "PHL.61.12_1",
                "NAME_2": "Binalonan",
                "NL_NAME_2": "NA",
                "NAME_3": "Dumayat",
                "VARNAME_3": "NA",
                "NL_NAME_3": "NA",
                "TYPE_3": "Barangay",
                "ENGTYPE_3": "Village",
                "CC_3": "NA",
                "HASC_3": "NA",
                "DISTRICT": 5
            },
            "geometry": {
                "type": "MultiPolygon",
                "coordinates": [
                    [
                        [
                            [
                                120.5755,
                                16.0678
                            ],
                            [
                                120.5742,
                                16.0612
                            ],
                            [
                                120.5688,
                                16.0625
                            ],
                            [
                                120.567,
                                16.0727
                            ],
                            [
                                120.5739,
                                16.0735
                            ],
                            [
                                120.5755,
                                16.0678
                            ]
                        ]
                    ]
                ]
            }
        },
        {
            "type": "Feature",
            "properties": {
                "GID_3": "PHL.61.12.9_1",
                "GID_0": "PHL",
                "COUNTRY": "Philippines",
                "GID_1": "PHL.61_1",
                "NAME_1": "Pangasinan",
                "NL_NAME_1": "NA",
                "GID_2": "PHL.61.12_1",
                "NAME_2": "Binalonan",
                "NL_NAME_2": "NA",
                "NAME_3": "Linmansangan",
                "VARNAME_3": "NA",
                "NL_NAME_3": "NA",
                "TYPE_3": "Barangay",
                "ENGTYPE_3": "Village",
                "CC_3": "NA",
                "HASC_3": "NA",
                "DISTRICT": 5
            },
            "geometry": {
                "type": "MultiPolygon",
                "coordinates": [
                    [
                        [
                            [
                                120.5841,
                                16.049
                            ],
                            [
                                120.5649,
                                16.0531
                            ],
                            [
                                120.5628,
                                16.058
                            ],
                            [
                                120.5661,
                                16.0579
                            ],
                            [
                                120.5688,
                                16.0625
                            ],
                            [
                                120.5742,
                                16.0612
                            ],
                            [
                                120.5763,
                                16.0541
                            ],
                            [
                                120.5842,
                                16.0534
                            ],
                            [
                                120.5841,
                                16.049
                            ]
                        ]
                    ]
                ]
            }
        },
        {
            "type": "Feature",
            "properties": {
                "GID_3": "PHL.61.12.10_1",
                "GID_0": "PHL",
                "COUNTRY": "Philippines",
                "GID_1": "PHL.61_1",
                "NAME_1": "Pangasinan",
                "NL_NAME_1": "NA",
                "GID_2": "PHL.61.12_1",
                "NAME_2": "Binalonan",
                "NL_NAME_2": "NA",
                "NAME_3": "Mangcasuy",
                "VARNAME_3": "NA",
                "NL_NAME_3": "NA",
                "TYPE_3": "Barangay",
                "ENGTYPE_3": "Village",
                "CC_3": "NA",
                "HASC_3": "NA",
                "DISTRICT": 5
            },
            "geometry": {
                "type": "MultiPolygon",
                "coordinates": [
                    [
                        [
                            [
                                120.6226,
                                16.0694
                            ],
                            [
                                120.6027,
                                16.0665
                            ],
                            [
                                120.6014,
                                16.0772
                            ],
                            [
                                120.6033,
                                16.0786
                            ],
                            [
                                120.6087,
                                16.077
                            ],
                            [
                                120.6177,
                                16.0774
                            ],
                            [
                                120.6274,
                                16.0849
                            ],
                            [
                                120.638,
                                16.0896
                            ],
                            [
                                120.6363,
                                16.0867
                            ],
                            [
                                120.6364,
                                16.0809
                            ],
                            [
                                120.6323,
                                16.0711
                            ],
                            [
                                120.6226,
                                16.0694
                            ]
                        ]
                    ]
                ]
            }
        },
        {
            "type": "Feature",
            "properties": {
                "GID_3": "PHL.61.12.11_1",
                "GID_0": "PHL",
                "COUNTRY": "Philippines",
                "GID_1": "PHL.61_1",
                "NAME_1": "Pangasinan",
                "NL_NAME_1": "NA",
                "GID_2": "PHL.61.12_1",
                "NAME_2": "Binalonan",
                "NL_NAME_2": "NA",
                "NAME_3": "Moreno",
                "VARNAME_3": "NA",
                "NL_NAME_3": "NA",
                "TYPE_3": "Barangay",
                "ENGTYPE_3": "Village",
                "CC_3": "NA",
                "HASC_3": "NA",
                "DISTRICT": 5
            },
            "geometry": {
                "type": "MultiPolygon",
                "coordinates": [
                    [
                        [
                            [
                                120.6001,
                                16.0955
                            ],
                            [
                                120.6,
                                16.1187
                            ],
                            [
                                120.6294,
                                16.1255
                            ],
                            [
                                120.6319,
                                16.1237
                            ],
                            [
                                120.6276,
                                16.1126
                            ],
                            [
                                120.6214,
                                16.1068
                            ],
                            [
                                120.6196,
                                16.0984
                            ],
                            [
                                120.6001,
                                16.0955
                            ]
                        ]
                    ]
                ]
            }
        },
        {
            "type": "Feature",
            "properties": {
                "GID_3": "PHL.61.12.12_1",
                "GID_0": "PHL",
                "COUNTRY": "Philippines",
                "GID_1": "PHL.61_1",
                "NAME_1": "Pangasinan",
                "NL_NAME_1": "NA",
                "GID_2": "PHL.61.12_1",
                "NAME_2": "Binalonan",
                "NL_NAME_2": "NA",
                "NAME_3": "PasilengNorte",
                "VARNAME_3": "NA",
                "NL_NAME_3": "NA",
                "TYPE_3": "Barangay",
                "ENGTYPE_3": "Village",
                "CC_3": "NA",
                "HASC_3": "NA",
                "DISTRICT": 5
            },
            "geometry": {
                "type": "MultiPolygon",
                "coordinates": [
                    [
                        [
                            [
                                120.585,
                                16.0382
                            ],
                            [
                                120.5845,
                                16.0436
                            ],
                            [
                                120.592,
                                16.0441
                            ],
                            [
                                120.5949,
                                16.049
                            ],
                            [
                                120.6084,
                                16.0434
                            ],
                            [
                                120.6096,
                                16.0372
                            ],
                            [
                                120.5865,
                                16.0348
                            ],
                            [
                                120.585,
                                16.0382
                            ]
                        ]
                    ]
                ]
            }
        },
        {
            "type": "Feature",
            "properties": {
                "GID_3": "PHL.61.12.13_1",
                "GID_0": "PHL",
                "COUNTRY": "Philippines",
                "GID_1": "PHL.61_1",
                "NAME_1": "Pangasinan",
                "NL_NAME_1": "NA",
                "GID_2": "PHL.61.12_1",
                "NAME_2": "Binalonan",
                "NL_NAME_2": "NA",
                "NAME_3": "PasilengSur",
                "VARNAME_3": "NA",
                "NL_NAME_3": "NA",
                "TYPE_3": "Barangay",
                "ENGTYPE_3": "Village",
                "CC_3": "NA",
                "HASC_3": "NA",
                "DISTRICT": 5
            },
            "geometry": {
                "type": "MultiPolygon",
                "coordinates": [
                    [
                        [
                            [
                                120.611,
                                16.032
                            ],
                            [
                                120.5929,
                                16.0287
                            ],
                            [
                                120.5902,
                                16.0352
                            ],
                            [
                                120.6096,
                                16.0372
                            ],
                            [
                                120.611,
                                16.032
                            ]
                        ]
                    ]
                ]
            }
        },
        {
            "type": "Feature",
            "properties": {
                "GID_3": "PHL.61.12.14_1",
                "GID_0": "PHL",
                "COUNTRY": "Philippines",
                "GID_1": "PHL.61_1",
                "NAME_1": "Pangasinan",
                "NL_NAME_1": "NA",
                "GID_2": "PHL.61.12_1",
                "NAME_2": "Binalonan",
                "NL_NAME_2": "NA",
                "NAME_3": "Poblacion",
                "VARNAME_3": "NA",
                "NL_NAME_3": "NA",
                "TYPE_3": "Barangay",
                "ENGTYPE_3": "Village",
                "CC_3": "NA",
                "HASC_3": "NA",
                "DISTRICT": 5
            },
            "geometry": {
                "type": "MultiPolygon",
                "coordinates": [
                    [
                        [
                            [
                                120.5845,
                                16.0436
                            ],
                            [
                                120.5843,
                                16.0594
                            ],
                            [
                                120.5894,
                                16.0608
                            ],
                            [
                                120.5932,
                                16.0499
                            ],
                            [
                                120.5916,
                                16.0443
                            ],
                            [
                                120.5845,
                                16.0436
                            ]
                        ]
                    ]
                ]
            }
        },
        {
            "type": "Feature",
            "properties": {
                "GID_3": "PHL.61.12.15_1",
                "GID_0": "PHL",
                "COUNTRY": "Philippines",
                "GID_1": "PHL.61_1",
                "NAME_1": "Pangasinan",
                "NL_NAME_1": "NA",
                "GID_2": "PHL.61.12_1",
                "NAME_2": "Binalonan",
                "NL_NAME_2": "NA",
                "NAME_3": "SanFelipeCentral",
                "VARNAME_3": "NA",
                "NL_NAME_3": "NA",
                "TYPE_3": "Barangay",
                "ENGTYPE_3": "Village",
                "CC_3": "NA",
                "HASC_3": "NA",
                "DISTRICT": 5
            },
            "geometry": {
                "type": "MultiPolygon",
                "coordinates": [
                    [
                        [
                            [
                                120.6316,
                                16.0422
                            ],
                            [
                                120.6294,
                                16.0376
                            ],
                            [
                                120.6255,
                                16.0349
                            ],
                            [
                                120.6167,
                                16.049
                            ],
                            [
                                120.6226,
                                16.0694
                            ],
                            [
                                120.6323,
                                16.0711
                            ],
                            [
                                120.6316,
                                16.0422
                            ]
                        ]
                    ]
                ]
            }
        },
        {
            "type": "Feature",
            "properties": {
                "GID_3": "PHL.61.12.16_1",
                "GID_0": "PHL",
                "COUNTRY": "Philippines",
                "GID_1": "PHL.61_1",
                "NAME_1": "Pangasinan",
                "NL_NAME_1": "NA",
                "GID_2": "PHL.61.12_1",
                "NAME_2": "Binalonan",
                "NL_NAME_2": "NA",
                "NAME_3": "SanFelipeSur",
                "VARNAME_3": "NA",
                "NL_NAME_3": "NA",
                "TYPE_3": "Barangay",
                "ENGTYPE_3": "Village",
                "CC_3": "NA",
                "HASC_3": "NA",
                "DISTRICT": 5
            },
            "geometry": {
                "type": "MultiPolygon",
                "coordinates": [
                    [
                        [
                            [
                                120.6033,
                                16.0639
                            ],
                            [
                                120.6074,
                                16.0522
                            ],
                            [
                                120.6096,
                                16.0495
                            ],
                            [
                                120.6167,
                                16.049
                            ],
                            [
                                120.6255,
                                16.0349
                            ],
                            [
                                120.5965,
                                16.0487
                            ],
                            [
                                120.5949,
                                16.049
                            ],
                            [
                                120.5916,
                                16.0443
                            ],
                            [
                                120.5932,
                                16.0499
                            ],
                            [
                                120.591,
                                16.0562
                            ],
                            [
                                120.6033,
                                16.0639
                            ]
                        ]
                    ]
                ]
            }
        },
        {
            "type": "Feature",
            "properties": {
                "GID_3": "PHL.61.12.17_1",
                "GID_0": "PHL",
                "COUNTRY": "Philippines",
                "GID_1": "PHL.61_1",
                "NAME_1": "Pangasinan",
                "NL_NAME_1": "NA",
                "GID_2": "PHL.61.12_1",
                "NAME_2": "Binalonan",
                "NL_NAME_2": "NA",
                "NAME_3": "SanPablo",
                "VARNAME_3": "NA",
                "NL_NAME_3": "NA",
                "TYPE_3": "Barangay",
                "ENGTYPE_3": "Village",
                "CC_3": "NA",
                "HASC_3": "NA",
                "DISTRICT": 5
            },
            "geometry": {
                "type": "MultiPolygon",
                "coordinates": [
                    [
                        [
                            [
                                120.6255,
                                16.0349
                            ],
                            [
                                120.6124,
                                16.0283
                            ],
                            [
                                120.6084,
                                16.0434
                            ],
                            [
                                120.6223,
                                16.0374
                            ],
                            [
                                120.6255,
                                16.0349
                            ]
                        ]
                    ]
                ]
            }
        },
        {
            "type": "Feature",
            "properties": {
                "GID_3": "PHL.61.12.18_1",
                "GID_0": "PHL",
                "COUNTRY": "Philippines",
                "GID_1": "PHL.61_1",
                "NAME_1": "Pangasinan",
                "NL_NAME_1": "NA",
                "GID_2": "PHL.61.12_1",
                "NAME_2": "Binalonan",
                "NL_NAME_2": "NA",
                "NAME_3": "SantaCatalina",
                "VARNAME_3": "NA",
                "NL_NAME_3": "NA",
                "TYPE_3": "Barangay",
                "ENGTYPE_3": "Village",
                "CC_3": "NA",
                "HASC_3": "NA",
                "DISTRICT": 5
            },
            "geometry": {
                "type": "MultiPolygon",
                "coordinates": [
                    [
                        [
                            [
                                120.6002,
                                16.0933
                            ],
                            [
                                120.6001,
                                16.0955
                            ],
                            [
                                120.6196,
                                16.0984
                            ],
                            [
                                120.6214,
                                16.1068
                            ],
                            [
                                120.6276,
                                16.1126
                            ],
                            [
                                120.6319,
                                16.1237
                            ],
                            [
                                120.6349,
                                16.1224
                            ],
                            [
                                120.6347,
                                16.1137
                            ],
                            [
                                120.6383,
                                16.1025
                            ],
                            [
                                120.6366,
                                16.0972
                            ],
                            [
                                120.638,
                                16.0896
                            ],
                            [
                                120.6274,
                                16.0849
                            ],
                            [
                                120.6177,
                                16.0774
                            ],
                            [
                                120.6087,
                                16.077
                            ],
                            [
                                120.6033,
                                16.0786
                            ],
                            [
                                120.6014,
                                16.0772
                            ],
                            [
                                120.6002,
                                16.0933
                            ]
                        ]
                    ]
                ]
            }
        },
        {
            "type": "Feature",
            "properties": {
                "GID_3": "PHL.61.12.19_1",
                "GID_0": "PHL",
                "COUNTRY": "Philippines",
                "GID_1": "PHL.61_1",
                "NAME_1": "Pangasinan",
                "NL_NAME_1": "NA",
                "GID_2": "PHL.61.12_1",
                "NAME_2": "Binalonan",
                "NL_NAME_2": "NA",
                "NAME_3": "SantaMariaNorte",
                "VARNAME_3": "NA",
                "NL_NAME_3": "NA",
                "TYPE_3": "Barangay",
                "ENGTYPE_3": "Village",
                "CC_3": "NA",
                "HASC_3": "NA",
                "DISTRICT": 5
            },
            "geometry": {
                "type": "MultiPolygon",
                "coordinates": [
                    [
                        [
                            [
                                120.5874,
                                16.0656
                            ],
                            [
                                120.5856,
                                16.0681
                            ],
                            [
                                120.5755,
                                16.0678
                            ],
                            [
                                120.5739,
                                16.0735
                            ],
                            [
                                120.5829,
                                16.0732
                            ],
                            [
                                120.6012,
                                16.0765
                            ],
                            [
                                120.6027,
                                16.0665
                            ],
                            [
                                120.5908,
                                16.0648
                            ],
                            [
                                120.5874,
                                16.0656
                            ]
                        ]
                    ]
                ]
            }
        },
        {
            "type": "Feature",
            "properties": {
                "GID_3": "PHL.61.12.20_1",
                "GID_0": "PHL",
                "COUNTRY": "Philippines",
                "GID_1": "PHL.61_1",
                "NAME_1": "Pangasinan",
                "NL_NAME_1": "NA",
                "GID_2": "PHL.61.12_1",
                "NAME_2": "Binalonan",
                "NL_NAME_2": "NA",
                "NAME_3": "Santiago",
                "VARNAME_3": "NA",
                "NL_NAME_3": "NA",
                "TYPE_3": "Barangay",
                "ENGTYPE_3": "Village",
                "CC_3": "NA",
                "HASC_3": "NA",
                "DISTRICT": 5
            },
            "geometry": {
                "type": "MultiPolygon",
                "coordinates": [
                    [
                        [
                            [
                                120.5749,
                                16.051
                            ],
                            [
                                120.5731,
                                16.038
                            ],
                            [
                                120.5682,
                                16.038
                            ],
                            [
                                120.5649,
                                16.0531
                            ],
                            [
                                120.5749,
                                16.051
                            ]
                        ]
                    ]
                ]
            }
        },
        {
            "type": "Feature",
            "properties": {
                "GID_3": "PHL.61.12.21_1",
                "GID_0": "PHL",
                "COUNTRY": "Philippines",
                "GID_1": "PHL.61_1",
                "NAME_1": "Pangasinan",
                "NL_NAME_1": "NA",
                "GID_2": "PHL.61.12_1",
                "NAME_2": "Binalonan",
                "NL_NAME_2": "NA",
                "NAME_3": "SantoNi\u00f1o",
                "VARNAME_3": "NA",
                "NL_NAME_3": "NA",
                "TYPE_3": "Barangay",
                "ENGTYPE_3": "Village",
                "CC_3": "NA",
                "HASC_3": "NA",
                "DISTRICT": 5
            },
            "geometry": {
                "type": "MultiPolygon",
                "coordinates": [
                    [
                        [
                            [
                                120.5894,
                                16.0608
                            ],
                            [
                                120.5874,
                                16.0656
                            ],
                            [
                                120.5908,
                                16.0648
                            ],
                            [
                                120.6027,
                                16.0665
                            ],
                            [
                                120.6033,
                                16.0639
                            ],
                            [
                                120.5935,
                                16.0568
                            ],
                            [
                                120.591,
                                16.0562
                            ],
                            [
                                120.5894,
                                16.0608
                            ]
                        ]
                    ]
                ]
            }
        },
        {
            "type": "Feature",
            "properties": {
                "GID_3": "PHL.61.12.22_1",
                "GID_0": "PHL",
                "COUNTRY": "Philippines",
                "GID_1": "PHL.61_1",
                "NAME_1": "Pangasinan",
                "NL_NAME_1": "NA",
                "GID_2": "PHL.61.12_1",
                "NAME_2": "Binalonan",
                "NL_NAME_2": "NA",
                "NAME_3": "Sumabnit",
                "VARNAME_3": "NA",
                "NL_NAME_3": "NA",
                "TYPE_3": "Barangay",
                "ENGTYPE_3": "Village",
                "CC_3": "NA",
                "HASC_3": "NA",
                "DISTRICT": 5
            },
            "geometry": {
                "type": "MultiPolygon",
                "coordinates": [
                    [
                        [
                            [
                                120.5731,
                                16.038
                            ],
                            [
                                120.579,
                                16.0382
                            ],
                            [
                                120.575,
                                16.0156
                            ],
                            [
                                120.5716,
                                16.0159
                            ],
                            [
                                120.5682,
                                16.038
                            ],
                            [
                                120.5731,
                                16.038
                            ]
                        ]
                    ]
                ]
            }
        },
        {
            "type": "Feature",
            "properties": {
                "GID_3": "PHL.61.12.23_1",
                "GID_0": "PHL",
                "COUNTRY": "Philippines",
                "GID_1": "PHL.61_1",
                "NAME_1": "Pangasinan",
                "NL_NAME_1": "NA",
                "GID_2": "PHL.61.12_1",
                "NAME_2": "Binalonan",
                "NL_NAME_2": "NA",
                "NAME_3": "Tabuyoc",
                "VARNAME_3": "NA",
                "NL_NAME_3": "NA",
                "TYPE_3": "Barangay",
                "ENGTYPE_3": "Village",
                "CC_3": "NA",
                "HASC_3": "NA",
                "DISTRICT": 5
            },
            "geometry": {
                "type": "MultiPolygon",
                "coordinates": [
                    [
                        [
                            [
                                120.5975,
                                16.0169
                            ],
                            [
                                120.593,
                                16.0135
                            ],
                            [
                                120.575,
                                16.0156
                            ],
                            [
                                120.579,
                                16.0382
                            ],
                            [
                                120.585,
                                16.0382
                            ],
                            [
                                120.5865,
                                16.0348
                            ],
                            [
                                120.5902,
                                16.0352
                            ],
                            [
                                120.5975,
                                16.0169
                            ]
                        ]
                    ]
                ]
            }
        },
        {
            "type": "Feature",
            "properties": {
                "GID_3": "PHL.61.12.24_1",
                "GID_0": "PHL",
                "COUNTRY": "Philippines",
                "GID_1": "PHL.61_1",
                "NAME_1": "Pangasinan",
                "NL_NAME_1": "NA",
                "GID_2": "PHL.61.12_1",
                "NAME_2": "Binalonan",
                "NL_NAME_2": "NA",
                "NAME_3": "Vacante",
                "VARNAME_3": "NA",
                "NL_NAME_3": "NA",
                "TYPE_3": "Barangay",
                "ENGTYPE_3": "Village",
                "CC_3": "NA",
                "HASC_3": "NA",
                "DISTRICT": 5
            },
            "geometry": {
                "type": "MultiPolygon",
                "coordinates": [
                    [
                        [
                            [
                                120.5582,
                                16.0769
                            ],
                            [
                                120.5657,
                                16.0837
                            ],
                            [
                                120.5711,
                                16.0832
                            ],
                            [
                                120.5809,
                                16.0881
                            ],
                            [
                                120.5824,
                                16.085
                            ],
                            [
                                120.5811,
                                16.0802
                            ],
                            [
                                120.5728,
                                16.0782
                            ],
                            [
                                120.572,
                                16.0771
                            ],
                            [
                                120.5739,
                                16.0735
                            ],
                            [
                                120.567,
                                16.0727
                            ],
                            [
                                120.5688,
                                16.0625
                            ],
                            [
                                120.565,
                                16.057
                            ],
                            [
                                120.5628,
                                16.058
                            ],
                            [
                                120.5582,
                                16.0769
                            ]
                        ]
                    ]
                ]
            }
        },
        {
            "type": "Feature",
            "properties": {
                "GID_3": "PHL.61.22.1_1",
                "GID_0": "PHL",
                "COUNTRY": "Philippines",
                "GID_1": "PHL.61_1",
                "NAME_1": "Pangasinan",
                "NL_NAME_1": "NA",
                "GID_2": "PHL.61.22_1",
                "NAME_2": "Laoac",
                "NL_NAME_2": "NA",
                "NAME_3": "Anis",
                "VARNAME_3": "NA",
                "NL_NAME_3": "NA",
                "TYPE_3": "Barangay",
                "ENGTYPE_3": "Village",
                "CC_3": "NA",
                "HASC_3": "NA",
                "DISTRICT": 5
            },
            "geometry": {
                "type": "MultiPolygon",
                "coordinates": [
                    [
                        [
                            [
                                120.5667,
                                16.0459
                            ],
                            [
                                120.5671,
                                16.0441
                            ],
                            [
                                120.5611,
                                16.0327
                            ],
                            [
                                120.5542,
                                16.025
                            ],
                            [
                                120.5513,
                                16.0284
                            ],
                            [
                                120.5521,
                                16.0298
                            ],
                            [
                                120.5636,
                                16.0453
                            ],
                            [
                                120.5667,
                                16.0459
                            ]
                        ]
                    ]
                ]
            }
        },
        {
            "type": "Feature",
            "properties": {
                "GID_3": "PHL.61.22.2_1",
                "GID_0": "PHL",
                "COUNTRY": "Philippines",
                "GID_1": "PHL.61_1",
                "NAME_1": "Pangasinan",
                "NL_NAME_1": "NA",
                "GID_2": "PHL.61.22_1",
                "NAME_2": "Laoac",
                "NL_NAME_2": "NA",
                "NAME_3": "Balligi",
                "VARNAME_3": "NA",
                "NL_NAME_3": "NA",
                "TYPE_3": "Barangay",
                "ENGTYPE_3": "Village",
                "CC_3": "NA",
                "HASC_3": "NA",
                "DISTRICT": 5
            },
            "geometry": {
                "type": "MultiPolygon",
                "coordinates": [
                    [
                        [
                            [
                                120.5628,
                                16.058
                            ],
                            [
                                120.5642,
                                16.056
                            ],
                            [
                                120.5507,
                                16.0562
                            ],
                            [
                                120.5527,
                                16.0608
                            ],
                            [
                                120.5505,
                                16.0672
                            ],
                            [
                                120.5612,
                                16.0681
                            ],
                            [
                                120.5628,
                                16.058
                            ]
                        ]
                    ]
                ]
            }
        },
        {
            "type": "Feature",
            "properties": {
                "GID_3": "PHL.61.22.3_1",
                "GID_0": "PHL",
                "COUNTRY": "Philippines",
                "GID_1": "PHL.61_1",
                "NAME_1": "Pangasinan",
                "NL_NAME_1": "NA",
                "GID_2": "PHL.61.22_1",
                "NAME_2": "Laoac",
                "NL_NAME_2": "NA",
                "NAME_3": "Banuar",
                "VARNAME_3": "NA",
                "NL_NAME_3": "NA",
                "TYPE_3": "Barangay",
                "ENGTYPE_3": "Village",
                "CC_3": "NA",
                "HASC_3": "NA",
                "DISTRICT": 5
            },
            "geometry": {
                "type": "MultiPolygon",
                "coordinates": [
                    [
                        [
                            [
                                120.5359,
                                16.0661
                            ],
                            [
                                120.5432,
                                16.0665
                            ],
                            [
                                120.5412,
                                16.0556
                            ],
                            [
                                120.5341,
                                16.0501
                            ],
                            [
                                120.5322,
                                16.0518
                            ],
                            [
                                120.5359,
                                16.0661
                            ]
                        ]
                    ]
                ]
            }
        },
        {
            "type": "Feature",
            "properties": {
                "GID_3": "PHL.61.22.4_1",
                "GID_0": "PHL",
                "COUNTRY": "Philippines",
                "GID_1": "PHL.61_1",
                "NAME_1": "Pangasinan",
                "NL_NAME_1": "NA",
                "GID_2": "PHL.61.22_1",
                "NAME_2": "Laoac",
                "NL_NAME_2": "NA",
                "NAME_3": "Botique",
                "VARNAME_3": "NA",
                "NL_NAME_3": "NA",
                "TYPE_3": "Barangay",
                "ENGTYPE_3": "Village",
                "CC_3": "NA",
                "HASC_3": "NA",
                "DISTRICT": 5
            },
            "geometry": {
                "type": "MultiPolygon",
                "coordinates": [
                    [
                        [
                            [
                                120.5559,
                                16.0822
                            ],
                            [
                                120.5612,
                                16.0681
                            ],
                            [
                                120.5505,
                                16.0672
                            ],
                            [
                                120.5492,
                                16.076
                            ],
                            [
                                120.5464,
                                16.0823
                            ],
                            [
                                120.5559,
                                16.0822
                            ]
                        ]
                    ]
                ]
            }
        },
        {
            "type": "Feature",
            "properties": {
                "GID_3": "PHL.61.22.5_1",
                "GID_0": "PHL",
                "COUNTRY": "Philippines",
                "GID_1": "PHL.61_1",
                "NAME_1": "Pangasinan",
                "NL_NAME_1": "NA",
                "GID_2": "PHL.61.22_1",
                "NAME_2": "Laoac",
                "NL_NAME_2": "NA",
                "NAME_3": "Caaringayan",
                "VARNAME_3": "NA",
                "NL_NAME_3": "NA",
                "TYPE_3": "Barangay",
                "ENGTYPE_3": "Village",
                "CC_3": "NA",
                "HASC_3": "NA",
                "DISTRICT": 5
            },
            "geometry": {
                "type": "MultiPolygon",
                "coordinates": [
                    [
                        [
                            [
                                120.5644,
                                16.0459
                            ],
                            [
                                120.5513,
                                16.0284
                            ],
                            [
                                120.5421,
                                16.0298
                            ],
                            [
                                120.5393,
                                16.0436
                            ],
                            [
                                120.5644,
                                16.0459
                            ]
                        ]
                    ]
                ]
            }
        },
        {
            "type": "Feature",
            "properties": {
                "GID_3": "PHL.61.22.6_1",
                "GID_0": "PHL",
                "COUNTRY": "Philippines",
                "GID_1": "PHL.61_1",
                "NAME_1": "Pangasinan",
                "NL_NAME_1": "NA",
                "GID_2": "PHL.61.22_1",
                "NAME_2": "Laoac",
                "NL_NAME_2": "NA",
                "NAME_3": "CabilaoanWest",
                "VARNAME_3": "NA",
                "NL_NAME_3": "NA",
                "TYPE_3": "Barangay",
                "ENGTYPE_3": "Village",
                "CC_3": "NA",
                "HASC_3": "NA",
                "DISTRICT": 5
            },
            "geometry": {
                "type": "MultiPolygon",
                "coordinates": [
                    [
                        [
                            [
                                120.5421,
                                16.0298
                            ],
                            [
                                120.5479,
                                16.0289
                            ],
                            [
                                120.5502,
                                16.0137
                            ],
                            [
                                120.5413,
                                16.0129
                            ],
                            [
                                120.535,
                                16.0155
                            ],
                            [
                                120.5347,
                                16.0314
                            ],
                            [
                                120.5421,
                                16.0298
                            ]
                        ]
                    ]
                ]
            }
        },
        {
            "type": "Feature",
            "properties": {
                "GID_3": "PHL.61.22.7_1",
                "GID_0": "PHL",
                "COUNTRY": "Philippines",
                "GID_1": "PHL.61_1",
                "NAME_1": "Pangasinan",
                "NL_NAME_1": "NA",
                "GID_2": "PHL.61.22_1",
                "NAME_2": "Laoac",
                "NL_NAME_2": "NA",
                "NAME_3": "Cabulalaan",
                "VARNAME_3": "NA",
                "NL_NAME_3": "NA",
                "TYPE_3": "Barangay",
                "ENGTYPE_3": "Village",
                "CC_3": "NA",
                "HASC_3": "NA",
                "DISTRICT": 5
            },
            "geometry": {
                "type": "MultiPolygon",
                "coordinates": [
                    [
                        [
                            [
                                120.5432,
                                16.0665
                            ],
                            [
                                120.5359,
                                16.0661
                            ],
                            [
                                120.5326,
                                16.0726
                            ],
                            [
                                120.5388,
                                16.0749
                            ],
                            [
                                120.5403,
                                16.0777
                            ],
                            [
                                120.5451,
                                16.076
                            ],
                            [
                                120.5487,
                                16.0735
                            ],
                            [
                                120.5505,
                                16.0672
                            ],
                            [
                                120.5432,
                                16.0665
                            ]
                        ]
                    ]
                ]
            }
        },
        {
            "type": "Feature",
            "properties": {
                "GID_3": "PHL.61.22.8_1",
                "GID_0": "PHL",
                "COUNTRY": "Philippines",
                "GID_1": "PHL.61_1",
                "NAME_1": "Pangasinan",
                "NL_NAME_1": "NA",
                "GID_2": "PHL.61.22_1",
                "NAME_2": "Laoac",
                "NL_NAME_2": "NA",
                "NAME_3": "Calaoagan",
                "VARNAME_3": "NA",
                "NL_NAME_3": "NA",
                "TYPE_3": "Barangay",
                "ENGTYPE_3": "Village",
                "CC_3": "NA",
                "HASC_3": "NA",
                "DISTRICT": 5
            },
            "geometry": {
                "type": "MultiPolygon",
                "coordinates": [
                    [
                        [
                            [
                                120.5359,
                                16.0661
                            ],
                            [
                                120.5331,
                                16.0595
                            ],
                            [
                                120.5286,
                                16.0627
                            ],
                            [
                                120.529,
                                16.0668
                            ],
                            [
                                120.5359,
                                16.0661
                            ]
                        ]
                    ]
                ]
            }
        },
        {
            "type": "Feature",
            "properties": {
                "GID_3": "PHL.61.22.9_1",
                "GID_0": "PHL",
                "COUNTRY": "Philippines",
                "GID_1": "PHL.61_1",
                "NAME_1": "Pangasinan",
                "NL_NAME_1": "NA",
                "GID_2": "PHL.61.22_1",
                "NAME_2": "Laoac",
                "NL_NAME_2": "NA",
                "NAME_3": "Calmay",
                "VARNAME_3": "NA",
                "NL_NAME_3": "NA",
                "TYPE_3": "Barangay",
                "ENGTYPE_3": "Village",
                "CC_3": "NA",
                "HASC_3": "NA",
                "DISTRICT": 5
            },
            "geometry": {
                "type": "MultiPolygon",
                "coordinates": [
                    [
                        [
                            [
                                120.5092,
                                16.0425
                            ],
                            [
                                120.5201,
                                16.0417
                            ],
                            [
                                120.5225,
                                16.0331
                            ],
                            [
                                120.5184,
                                16.031
                            ],
                            [
                                120.5133,
                                16.031
                            ],
                            [
                                120.5115,
                                16.0278
                            ],
                            [
                                120.5064,
                                16.0279
                            ],
                            [
                                120.5078,
                                16.0334
                            ],
                            [
                                120.5052,
                                16.036
                            ],
                            [
                                120.5051,
                                16.0396
                            ],
                            [
                                120.5092,
                                16.0425
                            ]
                        ]
                    ]
                ]
            }
        },
        {
            "type": "Feature",
            "properties": {
                "GID_3": "PHL.61.22.10_1",
                "GID_0": "PHL",
                "COUNTRY": "Philippines",
                "GID_1": "PHL.61_1",
                "NAME_1": "Pangasinan",
                "NL_NAME_1": "NA",
                "GID_2": "PHL.61.22_1",
                "NAME_2": "Laoac",
                "NL_NAME_2": "NA",
                "NAME_3": "Casampagaan",
                "VARNAME_3": "NA",
                "NL_NAME_3": "NA",
                "TYPE_3": "Barangay",
                "ENGTYPE_3": "Village",
                "CC_3": "NA",
                "HASC_3": "NA",
                "DISTRICT": 5
            },
            "geometry": {
                "type": "MultiPolygon",
                "coordinates": [
                    [
                        [
                            [
                                120.5642,
                                16.056
                            ],
                            [
                                120.5667,
                                16.0459
                            ],
                            [
                                120.5393,
                                16.0436
                            ],
                            [
                                120.5341,
                                16.0501
                            ],
                            [
                                120.5412,
                                16.0556
                            ],
                            [
                                120.5642,
                                16.056
                            ]
                        ]
                    ]
                ]
            }
        },
        {
            "type": "Feature",
            "properties": {
                "GID_3": "PHL.61.22.11_1",
                "GID_0": "PHL",
                "COUNTRY": "Philippines",
                "GID_1": "PHL.61_1",
                "NAME_1": "Pangasinan",
                "NL_NAME_1": "NA",
                "GID_2": "PHL.61.22_1",
                "NAME_2": "Laoac",
                "NL_NAME_2": "NA",
                "NAME_3": "Casanestebanan",
                "VARNAME_3": "NA",
                "NL_NAME_3": "NA",
                "TYPE_3": "Barangay",
                "ENGTYPE_3": "Village",
                "CC_3": "NA",
                "HASC_3": "NA",
                "DISTRICT": 5
            },
            "geometry": {
                "type": "MultiPolygon",
                "coordinates": [
                    [
                        [
                            [
                                120.5322,
                                16.0518
                            ],
                            [
                                120.5341,
                                16.0501
                            ],
                            [
                                120.5266,
                                16.0402
                            ],
                            [
                                120.5115,
                                16.0432
                            ],
                            [
                                120.5092,
                                16.0425
                            ],
                            [
                                120.5207,
                                16.0515
                            ],
                            [
                                120.5322,
                                16.0518
                            ]
                        ]
                    ]
                ]
            }
        },
        {
            "type": "Feature",
            "properties": {
                "GID_3": "PHL.61.22.12_1",
                "GID_0": "PHL",
                "COUNTRY": "Philippines",
                "GID_1": "PHL.61_1",
                "NAME_1": "Pangasinan",
                "NL_NAME_1": "NA",
                "GID_2": "PHL.61.22_1",
                "NAME_2": "Laoac",
                "NL_NAME_2": "NA",
                "NAME_3": "Casantiagoan",
                "VARNAME_3": "NA",
                "NL_NAME_3": "NA",
                "TYPE_3": "Barangay",
                "ENGTYPE_3": "Village",
                "CC_3": "NA",
                "HASC_3": "NA",
                "DISTRICT": 5
            },
            "geometry": {
                "type": "MultiPolygon",
                "coordinates": [
                    [
                        [
                            [
                                120.5693,
                                16.03
                            ],
                            [
                                120.5712,
                                16.0198
                            ],
                            [
                                120.5582,
                                16.0166
                            ],
                            [
                                120.5572,
                                16.02
                            ],
                            [
                                120.5693,
                                16.03
                            ]
                        ]
                    ]
                ]
            }
        },
        {
            "type": "Feature",
            "properties": {
                "GID_3": "PHL.61.22.13_1",
                "GID_0": "PHL",
                "COUNTRY": "Philippines",
                "GID_1": "PHL.61_1",
                "NAME_1": "Pangasinan",
                "NL_NAME_1": "NA",
                "GID_2": "PHL.61.22_1",
                "NAME_2": "Laoac",
                "NL_NAME_2": "NA",
                "NAME_3": "DomingoAlarcio",
                "VARNAME_3": "CabilaoanEast",
                "NL_NAME_3": "NA",
                "TYPE_3": "Barangay",
                "ENGTYPE_3": "Village",
                "CC_3": "NA",
                "HASC_3": "NA",
                "DISTRICT": 5
            },
            "geometry": {
                "type": "MultiPolygon",
                "coordinates": [
                    [
                        [
                            [
                                120.5513,
                                16.0284
                            ],
                            [
                                120.5545,
                                16.0256
                            ],
                            [
                                120.5562,
                                16.0151
                            ],
                            [
                                120.5505,
                                16.0139
                            ],
                            [
                                120.5479,
                                16.0289
                            ],
                            [
                                120.5513,
                                16.0284
                            ]
                        ]
                    ]
                ]
            }
        },
        {
            "type": "Feature",
            "properties": {
                "GID_3": "PHL.61.22.14_1",
                "GID_0": "PHL",
                "COUNTRY": "Philippines",
                "GID_1": "PHL.61_1",
                "NAME_1": "Pangasinan",
                "NL_NAME_1": "NA",
                "GID_2": "PHL.61.22_1",
                "NAME_2": "Laoac",
                "NL_NAME_2": "NA",
                "NAME_3": "Inmanduyan",
                "VARNAME_3": "NA",
                "NL_NAME_3": "NA",
                "TYPE_3": "Barangay",
                "ENGTYPE_3": "Village",
                "CC_3": "NA",
                "HASC_3": "NA",
                "DISTRICT": 5
            },
            "geometry": {
                "type": "MultiPolygon",
                "coordinates": [
                    [
                        [
                            [
                                120.5092,
                                16.0425
                            ],
                            [
                                120.5051,
                                16.0396
                            ],
                            [
                                120.5053,
                                16.0414
                            ],
                            [
                                120.5012,
                                16.0418
                            ],
                            [
                                120.5009,
                                16.0464
                            ],
                            [
                                120.503,
                                16.0518
                            ],
                            [
                                120.514,
                                16.0557
                            ],
                            [
                                120.525,
                                16.057
                            ],
                            [
                                120.5207,
                                16.0515
                            ],
                            [
                                120.5092,
                                16.0425
                            ]
                        ]
                    ]
                ]
            }
        },
        {
            "type": "Feature",
            "properties": {
                "GID_3": "PHL.61.22.15_1",
                "GID_0": "PHL",
                "COUNTRY": "Philippines",
                "GID_1": "PHL.61_1",
                "NAME_1": "Pangasinan",
                "NL_NAME_1": "NA",
                "GID_2": "PHL.61.22_1",
                "NAME_2": "Laoac",
                "NL_NAME_2": "NA",
                "NAME_3": "Lebueg",
                "VARNAME_3": "NA",
                "NL_NAME_3": "NA",
                "TYPE_3": "Barangay",
                "ENGTYPE_3": "Village",
                "CC_3": "NA",
                "HASC_3": "NA",
                "DISTRICT": 5
            },
            "geometry": {
                "type": "MultiPolygon",
                "coordinates": [
                    [
                        [
                            [
                                120.5671,
                                16.0441
                            ],
                            [
                                120.5693,
                                16.03
                            ],
                            [
                                120.5572,
                                16.02
                            ],
                            [
                                120.5582,
                                16.0166
                            ],
                            [
                                120.5562,
                                16.0151
                            ],
                            [
                                120.5545,
                                16.0256
                            ],
                            [
                                120.5611,
                                16.0327
                            ],
                            [
                                120.5671,
                                16.0441
                            ]
                        ]
                    ]
                ]
            }
        },
        {
            "type": "Feature",
            "properties": {
                "GID_3": "PHL.61.22.16_1",
                "GID_0": "PHL",
                "COUNTRY": "Philippines",
                "GID_1": "PHL.61_1",
                "NAME_1": "Pangasinan",
                "NL_NAME_1": "NA",
                "GID_2": "PHL.61.22_1",
                "NAME_2": "Laoac",
                "NL_NAME_2": "NA",
                "NAME_3": "Maraboc",
                "VARNAME_3": "NA",
                "NL_NAME_3": "NA",
                "TYPE_3": "Barangay",
                "ENGTYPE_3": "Village",
                "CC_3": "NA",
                "HASC_3": "NA",
                "DISTRICT": 5
            },
            "geometry": {
                "type": "MultiPolygon",
                "coordinates": [
                    [
                        [
                            [
                                120.529,
                                16.0668
                            ],
                            [
                                120.528,
                                16.0605
                            ],
                            [
                                120.5236,
                                16.0564
                            ],
                            [
                                120.514,
                                16.0557
                            ],
                            [
                                120.5112,
                                16.0601
                            ],
                            [
                                120.5128,
                                16.0668
                            ],
                            [
                                120.5194,
                                16.0654
                            ],
                            [
                                120.5264,
                                16.0681
                            ],
                            [
                                120.529,
                                16.0668
                            ]
                        ]
                    ]
                ]
            }
        },
        {
            "type": "Feature",
            "properties": {
                "GID_3": "PHL.61.22.17_1",
                "GID_0": "PHL",
                "COUNTRY": "Philippines",
                "GID_1": "PHL.61_1",
                "NAME_1": "Pangasinan",
                "NL_NAME_1": "NA",
                "GID_2": "PHL.61.22_1",
                "NAME_2": "Laoac",
                "NL_NAME_2": "NA",
                "NAME_3": "Nanbagatan",
                "VARNAME_3": "NA",
                "NL_NAME_3": "NA",
                "TYPE_3": "Barangay",
                "ENGTYPE_3": "Village",
                "CC_3": "NA",
                "HASC_3": "NA",
                "DISTRICT": 5
            },
            "geometry": {
                "type": "MultiPolygon",
                "coordinates": [
                    [
                        [
                            [
                                120.5393,
                                16.0436
                            ],
                            [
                                120.5421,
                                16.0298
                            ],
                            [
                                120.5225,
                                16.0331
                            ],
                            [
                                120.5212,
                                16.0352
                            ],
                            [
                                120.5197,
                                16.0418
                            ],
                            [
                                120.5266,
                                16.0402
                            ],
                            [
                                120.5341,
                                16.0501
                            ],
                            [
                                120.5393,
                                16.0436
                            ]
                        ]
                    ]
                ]
            }
        },
        {
            "type": "Feature",
            "properties": {
                "GID_3": "PHL.61.22.18_1",
                "GID_0": "PHL",
                "COUNTRY": "Philippines",
                "GID_1": "PHL.61_1",
                "NAME_1": "Pangasinan",
                "NL_NAME_1": "NA",
                "GID_2": "PHL.61.22_1",
                "NAME_2": "Laoac",
                "NL_NAME_2": "NA",
                "NAME_3": "Panaga",
                "VARNAME_3": "NA",
                "NL_NAME_3": "NA",
                "TYPE_3": "Barangay",
                "ENGTYPE_3": "Village",
                "CC_3": "NA",
                "HASC_3": "NA",
                "DISTRICT": 5
            },
            "geometry": {
                "type": "MultiPolygon",
                "coordinates": [
                    [
                        [
                            [
                                120.5547,
                                16.0836
                            ],
                            [
                                120.5559,
                                16.0822
                            ],
                            [
                                120.5464,
                                16.0823
                            ],
                            [
                                120.5492,
                                16.076
                            ],
                            [
                                120.5487,
                                16.0735
                            ],
                            [
                                120.5403,
                                16.0777
                            ],
                            [
                                120.5363,
                                16.0848
                            ],
                            [
                                120.5378,
                                16.0856
                            ],
                            [
                                120.5429,
                                16.0833
                            ],
                            [
                                120.5529,
                                16.085
                            ],
                            [
                                120.5547,
                                16.0836
                            ]
                        ]
                    ]
                ]
            }
        },
        {
            "type": "Feature",
            "properties": {
                "GID_3": "PHL.61.22.19_1",
                "GID_0": "PHL",
                "COUNTRY": "Philippines",
                "GID_1": "PHL.61_1",
                "NAME_1": "Pangasinan",
                "NL_NAME_1": "NA",
                "GID_2": "PHL.61.22_1",
                "NAME_2": "Laoac",
                "NL_NAME_2": "NA",
                "NAME_3": "Poblacion",
                "VARNAME_3": "Laoac",
                "NL_NAME_3": "NA",
                "TYPE_3": "Barangay",
                "ENGTYPE_3": "Village",
                "CC_3": "NA",
                "HASC_3": "NA",
                "DISTRICT": 5
            },
            "geometry": {
                "type": "MultiPolygon",
                "coordinates": [
                    [
                        [
                            [
                                120.5505,
                                16.0672
                            ],
                            [
                                120.5527,
                                16.0608
                            ],
                            [
                                120.5511,
                                16.0567
                            ],
                            [
                                120.5412,
                                16.0556
                            ],
                            [
                                120.5432,
                                16.0665
                            ],
                            [
                                120.5505,
                                16.0672
                            ]
                        ]
                    ]
                ]
            }
        },
        {
            "type": "Feature",
            "properties": {
                "GID_3": "PHL.61.22.20_1",
                "GID_0": "PHL",
                "COUNTRY": "Philippines",
                "GID_1": "PHL.61_1",
                "NAME_1": "Pangasinan",
                "NL_NAME_1": "NA",
                "GID_2": "PHL.61.22_1",
                "NAME_2": "Laoac",
                "NL_NAME_2": "NA",
                "NAME_3": "Talogtog",
                "VARNAME_3": "NA",
                "NL_NAME_3": "NA",
                "TYPE_3": "Barangay",
                "ENGTYPE_3": "Village",
                "CC_3": "NA",
                "HASC_3": "NA",
                "DISTRICT": 5
            },
            "geometry": {
                "type": "MultiPolygon",
                "coordinates": [
                    [
                        [
                            [
                                120.5341,
                                16.06
                            ],
                            [
                                120.5322,
                                16.0518
                            ],
                            [
                                120.5207,
                                16.0515
                            ],
                            [
                                120.527,
                                16.0585
                            ],
                            [
                                120.5286,
                                16.0627
                            ],
                            [
                                120.5308,
                                16.0599
                            ],
                            [
                                120.5341,
                                16.06
                            ]
                        ]
                    ]
                ]
            }
        },
        {
            "type": "Feature",
            "properties": {
                "GID_3": "PHL.61.22.21_1",
                "GID_0": "PHL",
                "COUNTRY": "Philippines",
                "GID_1": "PHL.61_1",
                "NAME_1": "Pangasinan",
                "NL_NAME_1": "NA",
                "GID_2": "PHL.61.22_1",
                "NAME_2": "Laoac",
                "NL_NAME_2": "NA",
                "NAME_3": "Turko",
                "VARNAME_3": "NA",
                "NL_NAME_3": "NA",
                "TYPE_3": "Barangay",
                "ENGTYPE_3": "Village",
                "CC_3": "NA",
                "HASC_3": "NA",
                "DISTRICT": 5
            },
            "geometry": {
                "type": "MultiPolygon",
                "coordinates": [
                    [
                        [
                            [
                                120.5403,
                                16.0777
                            ],
                            [
                                120.5388,
                                16.0749
                            ],
                            [
                                120.5321,
                                16.0714
                            ],
                            [
                                120.5359,
                                16.0661
                            ],
                            [
                                120.5264,
                                16.0681
                            ],
                            [
                                120.5207,
                                16.0669
                            ],
                            [
                                120.5231,
                                16.0703
                            ],
                            [
                                120.5248,
                                16.0698
                            ],
                            [
                                120.5289,
                                16.0828
                            ],
                            [
                                120.5305,
                                16.0819
                            ],
                            [
                                120.5363,
                                16.0848
                            ],
                            [
                                120.5403,
                                16.0777
                            ]
                        ]
                    ]
                ]
            }
        },
        {
            "type": "Feature",
            "properties": {
                "GID_3": "PHL.61.22.22_1",
                "GID_0": "PHL",
                "COUNTRY": "Philippines",
                "GID_1": "PHL.61_1",
                "NAME_1": "Pangasinan",
                "NL_NAME_1": "NA",
                "GID_2": "PHL.61.22_1",
                "NAME_2": "Laoac",
                "NL_NAME_2": "NA",
                "NAME_3": "Yatyat",
                "VARNAME_3": "NA",
                "NL_NAME_3": "NA",
                "TYPE_3": "Barangay",
                "ENGTYPE_3": "Village",
                "CC_3": "NA",
                "HASC_3": "NA",
                "DISTRICT": 5
            },
            "geometry": {
                "type": "MultiPolygon",
                "coordinates": [
                    [
                        [
                            [
                                120.5712,
                                16.0198
                            ],
                            [
                                120.5716,
                                16.0159
                            ],
                            [
                                120.5546,
                                16.0057
                            ],
                            [
                                120.5385,
                                16.009
                            ],
                            [
                                120.5374,
                                16.0109
                            ],
                            [
                                120.5712,
                                16.0198
                            ]
                        ]
                    ]
                ]
            }
        },
        {
            "type": "Feature",
            "properties": {
                "GID_3": "PHL.61.30.1_1",
                "GID_0": "PHL",
                "COUNTRY": "Philippines",
                "GID_1": "PHL.61_1",
                "NAME_1": "Pangasinan",
                "NL_NAME_1": "NA",
                "GID_2": "PHL.61.30_1",
                "NAME_2": "Natividad",
                "NL_NAME_2": "NA",
                "NAME_3": "Barangobong",
                "VARNAME_3": "NA",
                "NL_NAME_3": "NA",
                "TYPE_3": "Barangay",
                "ENGTYPE_3": "Village",
                "CC_3": "NA",
                "HASC_3": "NA",
                "DISTRICT": 6
            },
            "geometry": {
                "type": "MultiPolygon",
                "coordinates": [
                    [
                        [
                            [
                                120.7924,
                                16.0477
                            ],
                            [
                                120.7902,
                                16.0458
                            ],
                            [
                                120.7811,
                                16.0455
                            ],
                            [
                                120.7662,
                                16.0403
                            ],
                            [
                                120.7628,
                                16.0476
                            ],
                            [
                                120.7813,
                                16.057
                            ],
                            [
                                120.7924,
                                16.0477
                            ]
                        ]
                    ]
                ]
            }
        },
        {
            "type": "Feature",
            "properties": {
                "GID_3": "PHL.61.30.2_1",
                "GID_0": "PHL",
                "COUNTRY": "Philippines",
                "GID_1": "PHL.61_1",
                "NAME_1": "Pangasinan",
                "NL_NAME_1": "NA",
                "GID_2": "PHL.61.30_1",
                "NAME_2": "Natividad",
                "NL_NAME_2": "NA",
                "NAME_3": "BatchelorEast",
                "VARNAME_3": "NA",
                "NL_NAME_3": "NA",
                "TYPE_3": "Barangay",
                "ENGTYPE_3": "Village",
                "CC_3": "NA",
                "HASC_3": "NA",
                "DISTRICT": 6
            },
            "geometry": {
                "type": "MultiPolygon",
                "coordinates": [
                    [
                        [
                            [
                                120.812,
                                16.045
                            ],
                            [
                                120.808,
                                16.0563
                            ],
                            [
                                120.8175,
                                16.0617
                            ],
                            [
                                120.8206,
                                16.0517
                            ],
                            [
                                120.8186,
                                16.0487
                            ],
                            [
                                120.812,
                                16.045
                            ]
                        ]
                    ]
                ]
            }
        },
        {
            "type": "Feature",
            "properties": {
                "GID_3": "PHL.61.30.3_1",
                "GID_0": "PHL",
                "COUNTRY": "Philippines",
                "GID_1": "PHL.61_1",
                "NAME_1": "Pangasinan",
                "NL_NAME_1": "NA",
                "GID_2": "PHL.61.30_1",
                "NAME_2": "Natividad",
                "NL_NAME_2": "NA",
                "NAME_3": "BatchelorWest",
                "VARNAME_3": "NA",
                "NL_NAME_3": "NA",
                "TYPE_3": "Barangay",
                "ENGTYPE_3": "Village",
                "CC_3": "NA",
                "HASC_3": "NA",
                "DISTRICT": 6
            },
            "geometry": {
                "type": "MultiPolygon",
                "coordinates": [
                    [
                        [
                            [
                                120.808,
                                16.0563
                            ],
                            [
                                120.812,
                                16.045
                            ],
                            [
                                120.8082,
                                16.0426
                            ],
                            [
                                120.8027,
                                16.0422
                            ],
                            [
                                120.7993,
                                16.052
                            ],
                            [
                                120.808,
                                16.0563
                            ]
                        ]
                    ]
                ]
            }
        },
        {
            "type": "Feature",
            "properties": {
                "GID_3": "PHL.61.30.4_1",
                "GID_0": "PHL",
                "COUNTRY": "Philippines",
                "GID_1": "PHL.61_1",
                "NAME_1": "Pangasinan",
                "NL_NAME_1": "NA",
                "GID_2": "PHL.61.30_1",
                "NAME_2": "Natividad",
                "NL_NAME_2": "NA",
                "NAME_3": "Burgos",
                "VARNAME_3": "SanNarciso",
                "NL_NAME_3": "NA",
                "TYPE_3": "Barangay",
                "ENGTYPE_3": "Village",
                "CC_3": "NA",
                "HASC_3": "NA",
                "DISTRICT": 6
            },
            "geometry": {
                "type": "MultiPolygon",
                "coordinates": [
                    [
                        [
                            [
                                120.7679,
                                16.0345
                            ],
                            [
                                120.7758,
                                16.0337
                            ],
                            [
                                120.7883,
                                16.0381
                            ],
                            [
                                120.7896,
                                16.0202
                            ],
                            [
                                120.7864,
                                16.0211
                            ],
                            [
                                120.7764,
                                16.0184
                            ],
                            [
                                120.7679,
                                16.0345
                            ]
                        ]
                    ]
                ]
            }
        },
        {
            "type": "Feature",
            "properties": {
                "GID_3": "PHL.61.30.5_1",
                "GID_0": "PHL",
                "COUNTRY": "Philippines",
                "GID_1": "PHL.61_1",
                "NAME_1": "Pangasinan",
                "NL_NAME_1": "NA",
                "GID_2": "PHL.61.30_1",
                "NAME_2": "Natividad",
                "NL_NAME_2": "NA",
                "NAME_3": "Cacandungan",
                "VARNAME_3": "NA",
                "NL_NAME_3": "NA",
                "TYPE_3": "Barangay",
                "ENGTYPE_3": "Village",
                "CC_3": "NA",
                "HASC_3": "NA",
                "DISTRICT": 6
            },
            "geometry": {
                "type": "MultiPolygon",
                "coordinates": [
                    [
                        [
                            [
                                120.8206,
                                16.0517
                            ],
                            [
                                120.8175,
                                16.0617
                            ],
                            [
                                120.8797,
                                16.0793
                            ],
                            [
                                120.8387,
                                16.0594
                            ],
                            [
                                120.8327,
                                16.059
                            ],
                            [
                                120.8206,
                                16.0517
                            ]
                        ]
                    ]
                ]
            }
        },
        {
            "type": "Feature",
            "properties": {
                "GID_3": "PHL.61.30.6_1",
                "GID_0": "PHL",
                "COUNTRY": "Philippines",
                "GID_1": "PHL.61_1",
                "NAME_1": "Pangasinan",
                "NL_NAME_1": "NA",
                "GID_2": "PHL.61.30_1",
                "NAME_2": "Natividad",
                "NL_NAME_2": "NA",
                "NAME_3": "Calapugan",
                "VARNAME_3": "NA",
                "NL_NAME_3": "NA",
                "TYPE_3": "Barangay",
                "ENGTYPE_3": "Village",
                "CC_3": "NA",
                "HASC_3": "NA",
                "DISTRICT": 6
            },
            "geometry": {
                "type": "MultiPolygon",
                "coordinates": [
                    [
                        [
                            [
                                120.812,
                                16.045
                            ],
                            [
                                120.8148,
                                16.0463
                            ],
                            [
                                120.8156,
                                16.0454
                            ],
                            [
                                120.8216,
                                16.0205
                            ],
                            [
                                120.8101,
                                16.0148
                            ],
                            [
                                120.8036,
                                16.0357
                            ],
                            [
                                120.8115,
                                16.0405
                            ],
                            [
                                120.8128,
                                16.0432
                            ],
                            [
                                120.812,
                                16.045
                            ]
                        ]
                    ]
                ]
            }
        },
        {
            "type": "Feature",
            "properties": {
                "GID_3": "PHL.61.30.7_1",
                "GID_0": "PHL",
                "COUNTRY": "Philippines",
                "GID_1": "PHL.61_1",
                "NAME_1": "Pangasinan",
                "NL_NAME_1": "NA",
                "GID_2": "PHL.61.30_1",
                "NAME_2": "Natividad",
                "NL_NAME_2": "NA",
                "NAME_3": "Canarem",
                "VARNAME_3": "NA",
                "NL_NAME_3": "NA",
                "TYPE_3": "Barangay",
                "ENGTYPE_3": "Village",
                "CC_3": "NA",
                "HASC_3": "NA",
                "DISTRICT": 6
            },
            "geometry": {
                "type": "MultiPolygon",
                "coordinates": [
                    [
                        [
                            [
                                120.7883,
                                16.0381
                            ],
                            [
                                120.7739,
                                16.0336
                            ],
                            [
                                120.7679,
                                16.0345
                            ],
                            [
                                120.7671,
                                16.0368
                            ],
                            [
                                120.7915,
                                16.0427
                            ],
                            [
                                120.7926,
                                16.0392
                            ],
                            [
                                120.7883,
                                16.0381
                            ]
                        ]
                    ]
                ]
            }
        },
        {
            "type": "Feature",
            "properties": {
                "GID_3": "PHL.61.30.8_1",
                "GID_0": "PHL",
                "COUNTRY": "Philippines",
                "GID_1": "PHL.61_1",
                "NAME_1": "Pangasinan",
                "NL_NAME_1": "NA",
                "GID_2": "PHL.61.30_1",
                "NAME_2": "Natividad",
                "NL_NAME_2": "NA",
                "NAME_3": "Luna",
                "VARNAME_3": "NA",
                "NL_NAME_3": "NA",
                "TYPE_3": "Barangay",
                "ENGTYPE_3": "Village",
                "CC_3": "NA",
                "HASC_3": "NA",
                "DISTRICT": 6
            },
            "geometry": {
                "type": "MultiPolygon",
                "coordinates": [
                    [
                        [
                            [
                                120.781,
                                16.0193
                            ],
                            [
                                120.7864,
                                16.0211
                            ],
                            [
                                120.79,
                                16.02
                            ],
                            [
                                120.7973,
                                16.0088
                            ],
                            [
                                120.7896,
                                16.0053
                            ],
                            [
                                120.7877,
                                16.0091
                            ],
                            [
                                120.7849,
                                16.0083
                            ],
                            [
                                120.781,
                                16.0193
                            ]
                        ]
                    ]
                ]
            }
        },
        {
            "type": "Feature",
            "properties": {
                "GID_3": "PHL.61.30.9_1",
                "GID_0": "PHL",
                "COUNTRY": "Philippines",
                "GID_1": "PHL.61_1",
                "NAME_1": "Pangasinan",
                "NL_NAME_1": "NA",
                "GID_2": "PHL.61.30_1",
                "NAME_2": "Natividad",
                "NL_NAME_2": "NA",
                "NAME_3": "PoblacionEast",
                "VARNAME_3": "NA",
                "NL_NAME_3": "NA",
                "TYPE_3": "Barangay",
                "ENGTYPE_3": "Village",
                "CC_3": "NA",
                "HASC_3": "NA",
                "DISTRICT": 6
            },
            "geometry": {
                "type": "MultiPolygon",
                "coordinates": [
                    [
                        [
                            [
                                120.7926,
                                16.0392
                            ],
                            [
                                120.7915,
                                16.0427
                            ],
                            [
                                120.7924,
                                16.0477
                            ],
                            [
                                120.7962,
                                16.04
                            ],
                            [
                                120.7926,
                                16.0392
                            ]
                        ]
                    ]
                ]
            }
        },
        {
            "type": "Feature",
            "properties": {
                "GID_3": "PHL.61.30.10_1",
                "GID_0": "PHL",
                "COUNTRY": "Philippines",
                "GID_1": "PHL.61_1",
                "NAME_1": "Pangasinan",
                "NL_NAME_1": "NA",
                "GID_2": "PHL.61.30_1",
                "NAME_2": "Natividad",
                "NL_NAME_2": "NA",
                "NAME_3": "PoblacionWest",
                "VARNAME_3": "NA",
                "NL_NAME_3": "NA",
                "TYPE_3": "Barangay",
                "ENGTYPE_3": "Village",
                "CC_3": "NA",
                "HASC_3": "NA",
                "DISTRICT": 6
            },
            "geometry": {
                "type": "MultiPolygon",
                "coordinates": [
                    [
                        [
                            [
                                120.7993,
                                16.052
                            ],
                            [
                                120.8027,
                                16.0422
                            ],
                            [
                                120.7962,
                                16.04
                            ],
                            [
                                120.7924,
                                16.0477
                            ],
                            [
                                120.7993,
                                16.052
                            ]
                        ]
                    ]
                ]
            }
        },
        {
            "type": "Feature",
            "properties": {
                "GID_3": "PHL.61.30.11_1",
                "GID_0": "PHL",
                "COUNTRY": "Philippines",
                "GID_1": "PHL.61_1",
                "NAME_1": "Pangasinan",
                "NL_NAME_1": "NA",
                "GID_2": "PHL.61.30_1",
                "NAME_2": "Natividad",
                "NL_NAME_2": "NA",
                "NAME_3": "Rizal",
                "VARNAME_3": "NA",
                "NL_NAME_3": "NA",
                "TYPE_3": "Barangay",
                "ENGTYPE_3": "Village",
                "CC_3": "NA",
                "HASC_3": "NA",
                "DISTRICT": 6
            },
            "geometry": {
                "type": "MultiPolygon",
                "coordinates": [
                    [
                        [
                            [
                                120.7662,
                                16.0403
                            ],
                            [
                                120.7811,
                                16.0455
                            ],
                            [
                                120.7902,
                                16.0458
                            ],
                            [
                                120.7924,
                                16.0477
                            ],
                            [
                                120.7915,
                                16.0427
                            ],
                            [
                                120.7671,
                                16.0368
                            ],
                            [
                                120.7662,
                                16.0403
                            ]
                        ]
                    ]
                ]
            }
        },
        {
            "type": "Feature",
            "properties": {
                "GID_3": "PHL.61.30.12_1",
                "GID_0": "PHL",
                "COUNTRY": "Philippines",
                "GID_1": "PHL.61_1",
                "NAME_1": "Pangasinan",
                "NL_NAME_1": "NA",
                "GID_2": "PHL.61.30_1",
                "NAME_2": "Natividad",
                "NL_NAME_2": "NA",
                "NAME_3": "Salud",
                "VARNAME_3": "NA",
                "NL_NAME_3": "NA",
                "TYPE_3": "Barangay",
                "ENGTYPE_3": "Village",
                "CC_3": "NA",
                "HASC_3": "NA",
                "DISTRICT": 6
            },
            "geometry": {
                "type": "MultiPolygon",
                "coordinates": [
                    [
                        [
                            [
                                120.7924,
                                16.0477
                            ],
                            [
                                120.7813,
                                16.057
                            ],
                            [
                                120.7917,
                                16.0632
                            ],
                            [
                                120.7887,
                                16.056
                            ],
                            [
                                120.7939,
                                16.0487
                            ],
                            [
                                120.7924,
                                16.0477
                            ]
                        ]
                    ]
                ]
            }
        },
        {
            "type": "Feature",
            "properties": {
                "GID_3": "PHL.61.30.13_1",
                "GID_0": "PHL",
                "COUNTRY": "Philippines",
                "GID_1": "PHL.61_1",
                "NAME_1": "Pangasinan",
                "NL_NAME_1": "NA",
                "GID_2": "PHL.61.30_1",
                "NAME_2": "Natividad",
                "NL_NAME_2": "NA",
                "NAME_3": "SanEugenio",
                "VARNAME_3": "NA",
                "NL_NAME_3": "NA",
                "TYPE_3": "Barangay",
                "ENGTYPE_3": "Village",
                "CC_3": "NA",
                "HASC_3": "NA",
                "DISTRICT": 6
            },
            "geometry": {
                "type": "MultiPolygon",
                "coordinates": [
                    [
                        [
                            [
                                120.88,
                                16.1059
                            ],
                            [
                                120.8797,
                                16.0793
                            ],
                            [
                                120.8175,
                                16.0617
                            ],
                            [
                                120.7939,
                                16.0487
                            ],
                            [
                                120.7887,
                                16.056
                            ],
                            [
                                120.7917,
                                16.0632
                            ],
                            [
                                120.8067,
                                16.0715
                            ],
                            [
                                120.88,
                                16.1059
                            ]
                        ]
                    ]
                ]
            }
        },
        {
            "type": "Feature",
            "properties": {
                "GID_3": "PHL.61.30.14_1",
                "GID_0": "PHL",
                "COUNTRY": "Philippines",
                "GID_1": "PHL.61_1",
                "NAME_1": "Pangasinan",
                "NL_NAME_1": "NA",
                "GID_2": "PHL.61.30_1",
                "NAME_2": "Natividad",
                "NL_NAME_2": "NA",
                "NAME_3": "SanMacarioNorte",
                "VARNAME_3": "NA",
                "NL_NAME_3": "NA",
                "TYPE_3": "Barangay",
                "ENGTYPE_3": "Village",
                "CC_3": "NA",
                "HASC_3": "NA",
                "DISTRICT": 6
            },
            "geometry": {
                "type": "MultiPolygon",
                "coordinates": [
                    [
                        [
                            [
                                120.8797,
                                16.0793
                            ],
                            [
                                120.8902,
                                16.054
                            ],
                            [
                                120.8457,
                                16.0323
                            ],
                            [
                                120.8384,
                                16.0402
                            ],
                            [
                                120.8326,
                                16.0437
                            ],
                            [
                                120.8198,
                                16.0467
                            ],
                            [
                                120.8168,
                                16.0454
                            ],
                            [
                                120.8148,
                                16.0463
                            ],
                            [
                                120.8203,
                                16.0515
                            ],
                            [
                                120.8327,
                                16.059
                            ],
                            [
                                120.8387,
                                16.0594
                            ],
                            [
                                120.8797,
                                16.0793
                            ]
                        ]
                    ]
                ]
            }
        },
        {
            "type": "Feature",
            "properties": {
                "GID_3": "PHL.61.30.15_1",
                "GID_0": "PHL",
                "COUNTRY": "Philippines",
                "GID_1": "PHL.61_1",
                "NAME_1": "Pangasinan",
                "NL_NAME_1": "NA",
                "GID_2": "PHL.61.30_1",
                "NAME_2": "Natividad",
                "NL_NAME_2": "NA",
                "NAME_3": "SanMacarioSur",
                "VARNAME_3": "NA",
                "NL_NAME_3": "NA",
                "TYPE_3": "Barangay",
                "ENGTYPE_3": "Village",
                "CC_3": "NA",
                "HASC_3": "NA",
                "DISTRICT": 6
            },
            "geometry": {
                "type": "MultiPolygon",
                "coordinates": [
                    [
                        [
                            [
                                120.8216,
                                16.0205
                            ],
                            [
                                120.8156,
                                16.0454
                            ],
                            [
                                120.8198,
                                16.0467
                            ],
                            [
                                120.8326,
                                16.0437
                            ],
                            [
                                120.8384,
                                16.0402
                            ],
                            [
                                120.8457,
                                16.0323
                            ],
                            [
                                120.8216,
                                16.0205
                            ]
                        ]
                    ]
                ]
            }
        },
        {
            "type": "Feature",
            "properties": {
                "GID_3": "PHL.61.30.16_1",
                "GID_0": "PHL",
                "COUNTRY": "Philippines",
                "GID_1": "PHL.61_1",
                "NAME_1": "Pangasinan",
                "NL_NAME_1": "NA",
                "GID_2": "PHL.61.30_1",
                "NAME_2": "Natividad",
                "NL_NAME_2": "NA",
                "NAME_3": "SanMaximo",
                "VARNAME_3": "NA",
                "NL_NAME_3": "NA",
                "TYPE_3": "Barangay",
                "ENGTYPE_3": "Village",
                "CC_3": "NA",
                "HASC_3": "NA",
                "DISTRICT": 6
            },
            "geometry": {
                "type": "MultiPolygon",
                "coordinates": [
                    [
                        [
                            [
                                120.8027,
                                16.0422
                            ],
                            [
                                120.8082,
                                16.0426
                            ],
                            [
                                120.812,
                                16.045
                            ],
                            [
                                120.8128,
                                16.0432
                            ],
                            [
                                120.8115,
                                16.0405
                            ],
                            [
                                120.8044,
                                16.0359
                            ],
                            [
                                120.7891,
                                16.0317
                            ],
                            [
                                120.7883,
                                16.0381
                            ],
                            [
                                120.8027,
                                16.0422
                            ]
                        ]
                    ]
                ]
            }
        },
        {
            "type": "Feature",
            "properties": {
                "GID_3": "PHL.61.30.17_1",
                "GID_0": "PHL",
                "COUNTRY": "Philippines",
                "GID_1": "PHL.61_1",
                "NAME_1": "Pangasinan",
                "NL_NAME_1": "NA",
                "GID_2": "PHL.61.30_1",
                "NAME_2": "Natividad",
                "NL_NAME_2": "NA",
                "NAME_3": "SanMiguel",
                "VARNAME_3": "NA",
                "NL_NAME_3": "NA",
                "TYPE_3": "Barangay",
                "ENGTYPE_3": "Village",
                "CC_3": "NA",
                "HASC_3": "NA",
                "DISTRICT": 6
            },
            "geometry": {
                "type": "MultiPolygon",
                "coordinates": [
                    [
                        [
                            [
                                120.7896,
                                16.0202
                            ],
                            [
                                120.7891,
                                16.0317
                            ],
                            [
                                120.8036,
                                16.0357
                            ],
                            [
                                120.8101,
                                16.0148
                            ],
                            [
                                120.7973,
                                16.0088
                            ],
                            [
                                120.7896,
                                16.0202
                            ]
                        ]
                    ]
                ]
            }
        },
        {
            "type": "Feature",
            "properties": {
                "GID_3": "PHL.61.30.18_1",
                "GID_0": "PHL",
                "COUNTRY": "Philippines",
                "GID_1": "PHL.61_1",
                "NAME_1": "Pangasinan",
                "NL_NAME_1": "NA",
                "GID_2": "PHL.61.30_1",
                "NAME_2": "Natividad",
                "NL_NAME_2": "NA",
                "NAME_3": "Silag",
                "VARNAME_3": "NA",
                "NL_NAME_3": "NA",
                "TYPE_3": "Barangay",
                "ENGTYPE_3": "Village",
                "CC_3": "NA",
                "HASC_3": "NA",
                "DISTRICT": 6
            },
            "geometry": {
                "type": "MultiPolygon",
                "coordinates": [
                    [
                        [
                            [
                                120.7764,
                                16.0184
                            ],
                            [
                                120.781,
                                16.0193
                            ],
                            [
                                120.7849,
                                16.0083
                            ],
                            [
                                120.7877,
                                16.0091
                            ],
                            [
                                120.7896,
                                16.0053
                            ],
                            [
                                120.7828,
                                16.0023
                            ],
                            [
                                120.7764,
                                16.0184
                            ]
                        ]
                    ]
                ]
            }
        },
        {
            "type": "Feature",
            "properties": {
                "GID_3": "PHL.61.31.1_1",
                "GID_0": "PHL",
                "COUNTRY": "Philippines",
                "GID_1": "PHL.61_1",
                "NAME_1": "Pangasinan",
                "NL_NAME_1": "NA",
                "GID_2": "PHL.61.31_1",
                "NAME_2": "Pozzorubio",
                "NL_NAME_2": "NA",
                "NAME_3": "Alipangpang",
                "VARNAME_3": "NA",
                "NL_NAME_3": "NA",
                "TYPE_3": "Barangay",
                "ENGTYPE_3": "Village",
                "CC_3": "NA",
                "HASC_3": "NA",
                "DISTRICT": 5
            },
            "geometry": {
                "type": "MultiPolygon",
                "coordinates": [
                    [
                        [
                            [
                                120.5561,
                                16.107
                            ],
                            [
                                120.5473,
                                16.1079
                            ],
                            [
                                120.5423,
                                16.1096
                            ],
                            [
                                120.5476,
                                16.1177
                            ],
                            [
                                120.5602,
                                16.1202
                            ],
                            [
                                120.5631,
                                16.1158
                            ],
                            [
                                120.5561,
                                16.107
                            ]
                        ]
                    ]
                ]
            }
        },
        {
            "type": "Feature",
            "properties": {
                "GID_3": "PHL.61.31.2_1",
                "GID_0": "PHL",
                "COUNTRY": "Philippines",
                "GID_1": "PHL.61_1",
                "NAME_1": "Pangasinan",
                "NL_NAME_1": "NA",
                "GID_2": "PHL.61.31_1",
                "NAME_2": "Pozzorubio",
                "NL_NAME_2": "NA",
                "NAME_3": "Amagbagan",
                "VARNAME_3": "NA",
                "NL_NAME_3": "NA",
                "TYPE_3": "Barangay",
                "ENGTYPE_3": "Village",
                "CC_3": "NA",
                "HASC_3": "NA",
                "DISTRICT": 5
            },
            "geometry": {
                "type": "MultiPolygon",
                "coordinates": [
                    [
                        [
                            [
                                120.5462,
                                16.0835
                            ],
                            [
                                120.5429,
                                16.0833
                            ],
                            [
                                120.5378,
                                16.0856
                            ],
                            [
                                120.5318,
                                16.0823
                            ],
                            [
                                120.5257,
                                16.0953
                            ],
                            [
                                120.5244,
                                16.1021
                            ],
                            [
                                120.5291,
                                16.1047
                            ],
                            [
                                120.5341,
                                16.101
                            ],
                            [
                                120.544,
                                16.0918
                            ],
                            [
                                120.5462,
                                16.0835
                            ]
                        ]
                    ]
                ]
            }
        },
        {
            "type": "Feature",
            "properties": {
                "GID_3": "PHL.61.31.3_1",
                "GID_0": "PHL",
                "COUNTRY": "Philippines",
                "GID_1": "PHL.61_1",
                "NAME_1": "Pangasinan",
                "NL_NAME_1": "NA",
                "GID_2": "PHL.61.31_1",
                "NAME_2": "Pozzorubio",
                "NL_NAME_2": "NA",
                "NAME_3": "Balacag",
                "VARNAME_3": "NA",
                "NL_NAME_3": "NA",
                "TYPE_3": "Barangay",
                "ENGTYPE_3": "Village",
                "CC_3": "NA",
                "HASC_3": "NA",
                "DISTRICT": 5
            },
            "geometry": {
                "type": "MultiPolygon",
                "coordinates": [
                    [
                        [
                            [
                                120.4871,
                                16.1301
                            ],
                            [
                                120.4675,
                                16.1289
                            ],
                            [
                                120.4635,
                                16.1273
                            ],
                            [
                                120.4634,
                                16.1437
                            ],
                            [
                                120.4668,
                                16.1465
                            ],
                            [
                                120.4917,
                                16.1508
                            ],
                            [
                                120.4937,
                                16.1326
                            ],
                            [
                                120.4871,
                                16.1301
                            ]
                        ]
                    ]
                ]
            }
        },
        {
            "type": "Feature",
            "properties": {
                "GID_3": "PHL.61.31.4_1",
                "GID_0": "PHL",
                "COUNTRY": "Philippines",
                "GID_1": "PHL.61_1",
                "NAME_1": "Pangasinan",
                "NL_NAME_1": "NA",
                "GID_2": "PHL.61.31_1",
                "NAME_2": "Pozzorubio",
                "NL_NAME_2": "NA",
                "NAME_3": "Banding",
                "VARNAME_3": "NA",
                "NL_NAME_3": "NA",
                "TYPE_3": "Barangay",
                "ENGTYPE_3": "Village",
                "CC_3": "NA",
                "HASC_3": "NA",
                "DISTRICT": 5
            },
            "geometry": {
                "type": "MultiPolygon",
                "coordinates": [
                    [
                        [
                            [
                                120.5427,
                                16.1092
                            ],
                            [
                                120.5561,
                                16.107
                            ],
                            [
                                120.544,
                                16.0918
                            ],
                            [
                                120.5323,
                                16.1023
                            ],
                            [
                                120.5427,
                                16.1092
                            ]
                        ]
                    ]
                ]
            }
        },
        {
            "type": "Feature",
            "properties": {
                "GID_3": "PHL.61.31.5_1",
                "GID_0": "PHL",
                "COUNTRY": "Philippines",
                "GID_1": "PHL.61_1",
                "NAME_1": "Pangasinan",
                "NL_NAME_1": "NA",
                "GID_2": "PHL.61.31_1",
                "NAME_2": "Pozzorubio",
                "NL_NAME_2": "NA",
                "NAME_3": "Bantugan",
                "VARNAME_3": "NA",
                "NL_NAME_3": "NA",
                "TYPE_3": "Barangay",
                "ENGTYPE_3": "Village",
                "CC_3": "NA",
                "HASC_3": "NA",
                "DISTRICT": 5
            },
            "geometry": {
                "type": "MultiPolygon",
                "coordinates": [
                    [
                        [
                            [
                                120.5291,
                                16.1047
                            ],
                            [
                                120.5244,
                                16.1021
                            ],
                            [
                                120.5141,
                                16.1049
                            ],
                            [
                                120.5123,
                                16.1074
                            ],
                            [
                                120.5127,
                                16.1116
                            ],
                            [
                                120.5142,
                                16.1133
                            ],
                            [
                                120.5301,
                                16.1152
                            ],
                            [
                                120.5291,
                                16.1047
                            ]
                        ]
                    ]
                ]
            }
        },
        {
            "type": "Feature",
            "properties": {
                "GID_3": "PHL.61.31.6_1",
                "GID_0": "PHL",
                "COUNTRY": "Philippines",
                "GID_1": "PHL.61_1",
                "NAME_1": "Pangasinan",
                "NL_NAME_1": "NA",
                "GID_2": "PHL.61.31_1",
                "NAME_2": "Pozzorubio",
                "NL_NAME_2": "NA",
                "NAME_3": "Batakil",
                "VARNAME_3": "NA",
                "NL_NAME_3": "NA",
                "TYPE_3": "Barangay",
                "ENGTYPE_3": "Village",
                "CC_3": "NA",
                "HASC_3": "NA",
                "DISTRICT": 5
            },
            "geometry": {
                "type": "MultiPolygon",
                "coordinates": [
                    [
                        [
                            [
                                120.5241,
                                16.1528
                            ],
                            [
                                120.515,
                                16.1425
                            ],
                            [
                                120.5117,
                                16.1446
                            ],
                            [
                                120.5085,
                                16.1518
                            ],
                            [
                                120.5096,
                                16.1532
                            ],
                            [
                                120.5235,
                                16.1555
                            ],
                            [
                                120.5241,
                                16.1528
                            ]
                        ]
                    ]
                ]
            }
        },
        {
            "type": "Feature",
            "properties": {
                "GID_3": "PHL.61.31.7_1",
                "GID_0": "PHL",
                "COUNTRY": "Philippines",
                "GID_1": "PHL.61_1",
                "NAME_1": "Pangasinan",
                "NL_NAME_1": "NA",
                "GID_2": "PHL.61.31_1",
                "NAME_2": "Pozzorubio",
                "NL_NAME_2": "NA",
                "NAME_3": "Bobonan",
                "VARNAME_3": "NA",
                "NL_NAME_3": "NA",
                "TYPE_3": "Barangay",
                "ENGTYPE_3": "Village",
                "CC_3": "NA",
                "HASC_3": "NA",
                "DISTRICT": 5
            },
            "geometry": {
                "type": "MultiPolygon",
                "coordinates": [
                    [
                        [
                            [
                                120.515,
                                16.1425
                            ],
                            [
                                120.5241,
                                16.1528
                            ],
                            [
                                120.5257,
                                16.1474
                            ],
                            [
                                120.5251,
                                16.1412
                            ],
                            [
                                120.5302,
                                16.1359
                            ],
                            [
                                120.5213,
                                16.1345
                            ],
                            [
                                120.517,
                                16.131
                            ],
                            [
                                120.5093,
                                16.1351
                            ],
                            [
                                120.515,
                                16.1425
                            ]
                        ]
                    ]
                ]
            }
        },
        {
            "type": "Feature",
            "properties": {
                "GID_3": "PHL.61.31.8_1",
                "GID_0": "PHL",
                "COUNTRY": "Philippines",
                "GID_1": "PHL.61_1",
                "NAME_1": "Pangasinan",
                "NL_NAME_1": "NA",
                "GID_2": "PHL.61.31_1",
                "NAME_2": "Pozzorubio",
                "NL_NAME_2": "NA",
                "NAME_3": "Buneg",
                "VARNAME_3": "NA",
                "NL_NAME_3": "NA",
                "TYPE_3": "Barangay",
                "ENGTYPE_3": "Village",
                "CC_3": "NA",
                "HASC_3": "NA",
                "DISTRICT": 5
            },
            "geometry": {
                "type": "MultiPolygon",
                "coordinates": [
                    [
                        [
                            [
                                120.5631,
                                16.1158
                            ],
                            [
                                120.5579,
                                16.1226
                            ],
                            [
                                120.5508,
                                16.1334
                            ],
                            [
                                120.5625,
                                16.137
                            ],
                            [
                                120.5633,
                                16.1359
                            ],
                            [
                                120.566,
                                16.1311
                            ],
                            [
                                120.5689,
                                16.1178
                            ],
                            [
                                120.5631,
                                16.1158
                            ]
                        ]
                    ]
                ]
            }
        },
        {
            "type": "Feature",
            "properties": {
                "GID_3": "PHL.61.31.9_1",
                "GID_0": "PHL",
                "COUNTRY": "Philippines",
                "GID_1": "PHL.61_1",
                "NAME_1": "Pangasinan",
                "NL_NAME_1": "NA",
                "GID_2": "PHL.61.31_1",
                "NAME_2": "Pozzorubio",
                "NL_NAME_2": "NA",
                "NAME_3": "Cablong",
                "VARNAME_3": "NA",
                "NL_NAME_3": "NA",
                "TYPE_3": "Barangay",
                "ENGTYPE_3": "Village",
                "CC_3": "NA",
                "HASC_3": "NA",
                "DISTRICT": 5
            },
            "geometry": {
                "type": "MultiPolygon",
                "coordinates": [
                    [
                        [
                            [
                                120.5347,
                                16.1317
                            ],
                            [
                                120.5397,
                                16.1278
                            ],
                            [
                                120.5322,
                                16.1204
                            ],
                            [
                                120.5224,
                                16.1276
                            ],
                            [
                                120.5347,
                                16.1317
                            ]
                        ]
                    ]
                ]
            }
        },
        {
            "type": "Feature",
            "properties": {
                "GID_3": "PHL.61.31.10_1",
                "GID_0": "PHL",
                "COUNTRY": "Philippines",
                "GID_1": "PHL.61_1",
                "NAME_1": "Pangasinan",
                "NL_NAME_1": "NA",
                "GID_2": "PHL.61.31_1",
                "NAME_2": "Pozzorubio",
                "NL_NAME_2": "NA",
                "NAME_3": "Casanfernandoan",
                "VARNAME_3": "NA",
                "NL_NAME_3": "NA",
                "TYPE_3": "Barangay",
                "ENGTYPE_3": "Village",
                "CC_3": "NA",
                "HASC_3": "NA",
                "DISTRICT": 5
            },
            "geometry": {
                "type": "MultiPolygon",
                "coordinates": [
                    [
                        [
                            [
                                120.4635,
                                16.1273
                            ],
                            [
                                120.4675,
                                16.1289
                            ],
                            [
                                120.4871,
                                16.1301
                            ],
                            [
                                120.4952,
                                16.1218
                            ],
                            [
                                120.495,
                                16.1204
                            ],
                            [
                                120.4689,
                                16.118
                            ],
                            [
                                120.4635,
                                16.1273
                            ]
                        ]
                    ]
                ]
            }
        },
        {
            "type": "Feature",
            "properties": {
                "GID_3": "PHL.61.31.11_1",
                "GID_0": "PHL",
                "COUNTRY": "Philippines",
                "GID_1": "PHL.61_1",
                "NAME_1": "Pangasinan",
                "NL_NAME_1": "NA",
                "GID_2": "PHL.61.31_1",
                "NAME_2": "Pozzorubio",
                "NL_NAME_2": "NA",
                "NAME_3": "Casta\u00f1o",
                "VARNAME_3": "NA",
                "NL_NAME_3": "NA",
                "TYPE_3": "Barangay",
                "ENGTYPE_3": "Village",
                "CC_3": "NA",
                "HASC_3": "NA",
                "DISTRICT": 5
            },
            "geometry": {
                "type": "MultiPolygon",
                "coordinates": [
                    [
                        [
                            [
                                120.5142,
                                16.1133
                            ],
                            [
                                120.5127,
                                16.1116
                            ],
                            [
                                120.513,
                                16.106
                            ],
                            [
                                120.4903,
                                16.1015
                            ],
                            [
                                120.4949,
                                16.1222
                            ],
                            [
                                120.4988,
                                16.121
                            ],
                            [
                                120.5053,
                                16.1228
                            ],
                            [
                                120.5063,
                                16.1167
                            ],
                            [
                                120.5102,
                                16.1181
                            ],
                            [
                                120.5109,
                                16.1156
                            ],
                            [
                                120.5142,
                                16.1133
                            ]
                        ]
                    ]
                ]
            }
        },
        {
            "type": "Feature",
            "properties": {
                "GID_3": "PHL.61.31.12_1",
                "GID_0": "PHL",
                "COUNTRY": "Philippines",
                "GID_1": "PHL.61_1",
                "NAME_1": "Pangasinan",
                "NL_NAME_1": "NA",
                "GID_2": "PHL.61.31_1",
                "NAME_2": "Pozzorubio",
                "NL_NAME_2": "NA",
                "NAME_3": "Dilan",
                "VARNAME_3": "NA",
                "NL_NAME_3": "NA",
                "TYPE_3": "Barangay",
                "ENGTYPE_3": "Village",
                "CC_3": "NA",
                "HASC_3": "NA",
                "DISTRICT": 5
            },
            "geometry": {
                "type": "MultiPolygon",
                "coordinates": [
                    [
                        [
                            [
                                120.5318,
                                16.0823
                            ],
                            [
                                120.5131,
                                16.0827
                            ],
                            [
                                120.5106,
                                16.0895
                            ],
                            [
                                120.5144,
                                16.0918
                            ],
                            [
                                120.5165,
                                16.0954
                            ],
                            [
                                120.5257,
                                16.0953
                            ],
                            [
                                120.5318,
                                16.0823
                            ]
                        ]
                    ]
                ]
            }
        },
        {
            "type": "Feature",
            "properties": {
                "GID_3": "PHL.61.31.13_1",
                "GID_0": "PHL",
                "COUNTRY": "Philippines",
                "GID_1": "PHL.61_1",
                "NAME_1": "Pangasinan",
                "NL_NAME_1": "NA",
                "GID_2": "PHL.61.31_1",
                "NAME_2": "Pozzorubio",
                "NL_NAME_2": "NA",
                "NAME_3": "DonBenito",
                "VARNAME_3": "NA",
                "NL_NAME_3": "NA",
                "TYPE_3": "Barangay",
                "ENGTYPE_3": "Village",
                "CC_3": "NA",
                "HASC_3": "NA",
                "DISTRICT": 5
            },
            "geometry": {
                "type": "MultiPolygon",
                "coordinates": [
                    [
                        [
                            [
                                120.4937,
                                16.1326
                            ],
                            [
                                120.4917,
                                16.1508
                            ],
                            [
                                120.5007,
                                16.1521
                            ],
                            [
                                120.5023,
                                16.1493
                            ],
                            [
                                120.5026,
                                16.1414
                            ],
                            [
                                120.5004,
                                16.1341
                            ],
                            [
                                120.4937,
                                16.1326
                            ]
                        ]
                    ]
                ]
            }
        },
        {
            "type": "Feature",
            "properties": {
                "GID_3": "PHL.61.31.14_1",
                "GID_0": "PHL",
                "COUNTRY": "Philippines",
                "GID_1": "PHL.61_1",
                "NAME_1": "Pangasinan",
                "NL_NAME_1": "NA",
                "GID_2": "PHL.61.31_1",
                "NAME_2": "Pozzorubio",
                "NL_NAME_2": "NA",
                "NAME_3": "Haway",
                "VARNAME_3": "NA",
                "NL_NAME_3": "NA",
                "TYPE_3": "Barangay",
                "ENGTYPE_3": "Village",
                "CC_3": "NA",
                "HASC_3": "NA",
                "DISTRICT": 5
            },
            "geometry": {
                "type": "MultiPolygon",
                "coordinates": [
                    [
                        [
                            [
                                120.4689,
                                16.118
                            ],
                            [
                                120.4917,
                                16.1192
                            ],
                            [
                                120.4938,
                                16.1196
                            ],
                            [
                                120.4912,
                                16.1079
                            ],
                            [
                                120.477,
                                16.1059
                            ],
                            [
                                120.4689,
                                16.118
                            ]
                        ]
                    ]
                ]
            }
        },
        {
            "type": "Feature",
            "properties": {
                "GID_3": "PHL.61.31.15_1",
                "GID_0": "PHL",
                "COUNTRY": "Philippines",
                "GID_1": "PHL.61_1",
                "NAME_1": "Pangasinan",
                "NL_NAME_1": "NA",
                "GID_2": "PHL.61.31_1",
                "NAME_2": "Pozzorubio",
                "NL_NAME_2": "NA",
                "NAME_3": "Imbalbalatong",
                "VARNAME_3": "NA",
                "NL_NAME_3": "NA",
                "TYPE_3": "Barangay",
                "ENGTYPE_3": "Village",
                "CC_3": "NA",
                "HASC_3": "NA",
                "DISTRICT": 5
            },
            "geometry": {
                "type": "MultiPolygon",
                "coordinates": [
                    [
                        [
                            [
                                120.5602,
                                16.1202
                            ],
                            [
                                120.5483,
                                16.1178
                            ],
                            [
                                120.5347,
                                16.1317
                            ],
                            [
                                120.5444,
                                16.136
                            ],
                            [
                                120.5477,
                                16.1421
                            ],
                            [
                                120.5508,
                                16.1334
                            ],
                            [
                                120.5602,
                                16.1202
                            ]
                        ]
                    ]
                ]
            }
        },
        {
            "type": "Feature",
            "properties": {
                "GID_3": "PHL.61.31.16_1",
                "GID_0": "PHL",
                "COUNTRY": "Philippines",
                "GID_1": "PHL.61_1",
                "NAME_1": "Pangasinan",
                "NL_NAME_1": "NA",
                "GID_2": "PHL.61.31_1",
                "NAME_2": "Pozzorubio",
                "NL_NAME_2": "NA",
                "NAME_3": "Inoman",
                "VARNAME_3": "NA",
                "NL_NAME_3": "NA",
                "TYPE_3": "Barangay",
                "ENGTYPE_3": "Village",
                "CC_3": "NA",
                "HASC_3": "NA",
                "DISTRICT": 5
            },
            "geometry": {
                "type": "MultiPolygon",
                "coordinates": [
                    [
                        [
                            [
                                120.5241,
                                16.1528
                            ],
                            [
                                120.5235,
                                16.1555
                            ],
                            [
                                120.5365,
                                16.1578
                            ],
                            [
                                120.5464,
                                16.1416
                            ],
                            [
                                120.5247,
                                16.1438
                            ],
                            [
                                120.5257,
                                16.1474
                            ],
                            [
                                120.5241,
                                16.1528
                            ]
                        ]
                    ]
                ]
            }
        },
        {
            "type": "Feature",
            "properties": {
                "GID_3": "PHL.61.31.17_1",
                "GID_0": "PHL",
                "COUNTRY": "Philippines",
                "GID_1": "PHL.61_1",
                "NAME_1": "Pangasinan",
                "NL_NAME_1": "NA",
                "GID_2": "PHL.61.31_1",
                "NAME_2": "Pozzorubio",
                "NL_NAME_2": "NA",
                "NAME_3": "Laoac",
                "VARNAME_3": "NA",
                "NL_NAME_3": "NA",
                "TYPE_3": "Barangay",
                "ENGTYPE_3": "Village",
                "CC_3": "NA",
                "HASC_3": "NA",
                "DISTRICT": 5
            },
            "geometry": {
                "type": "MultiPolygon",
                "coordinates": [
                    [
                        [
                            [
                                120.509,
                                16.1529
                            ],
                            [
                                120.5101,
                                16.1469
                            ],
                            [
                                120.515,
                                16.1425
                            ],
                            [
                                120.5086,
                                16.134
                            ],
                            [
                                120.504,
                                16.1321
                            ],
                            [
                                120.5004,
                                16.1341
                            ],
                            [
                                120.5026,
                                16.1414
                            ],
                            [
                                120.5023,
                                16.1493
                            ],
                            [
                                120.5007,
                                16.1521
                            ],
                            [
                                120.509,
                                16.1529
                            ]
                        ]
                    ]
                ]
            }
        },
        {
            "type": "Feature",
            "properties": {
                "GID_3": "PHL.61.31.18_1",
                "GID_0": "PHL",
                "COUNTRY": "Philippines",
                "GID_1": "PHL.61_1",
                "NAME_1": "Pangasinan",
                "NL_NAME_1": "NA",
                "GID_2": "PHL.61.31_1",
                "NAME_2": "Pozzorubio",
                "NL_NAME_2": "NA",
                "NAME_3": "Maambal",
                "VARNAME_3": "NA",
                "NL_NAME_3": "NA",
                "TYPE_3": "Barangay",
                "ENGTYPE_3": "Village",
                "CC_3": "NA",
                "HASC_3": "NA",
                "DISTRICT": 5
            },
            "geometry": {
                "type": "MultiPolygon",
                "coordinates": [
                    [
                        [
                            [
                                120.4912,
                                16.1079
                            ],
                            [
                                120.4907,
                                16.0974
                            ],
                            [
                                120.4889,
                                16.0933
                            ],
                            [
                                120.477,
                                16.1059
                            ],
                            [
                                120.4912,
                                16.1079
                            ]
                        ]
                    ]
                ]
            }
        },
        {
            "type": "Feature",
            "properties": {
                "GID_3": "PHL.61.31.19_1",
                "GID_0": "PHL",
                "COUNTRY": "Philippines",
                "GID_1": "PHL.61_1",
                "NAME_1": "Pangasinan",
                "NL_NAME_1": "NA",
                "GID_2": "PHL.61.31_1",
                "NAME_2": "Pozzorubio",
                "NL_NAME_2": "NA",
                "NAME_3": "Malasin",
                "VARNAME_3": "NA",
                "NL_NAME_3": "NA",
                "TYPE_3": "Barangay",
                "ENGTYPE_3": "Village",
                "CC_3": "NA",
                "HASC_3": "NA",
                "DISTRICT": 5
            },
            "geometry": {
                "type": "MultiPolygon",
                "coordinates": [
                    [
                        [
                            [
                                120.5244,
                                16.1021
                            ],
                            [
                                120.5257,
                                16.0953
                            ],
                            [
                                120.5165,
                                16.0954
                            ],
                            [
                                120.5137,
                                16.1029
                            ],
                            [
                                120.5144,
                                16.1049
                            ],
                            [
                                120.5244,
                                16.1021
                            ]
                        ]
                    ]
                ]
            }
        },
        {
            "type": "Feature",
            "properties": {
                "GID_3": "PHL.61.31.20_1",
                "GID_0": "PHL",
                "COUNTRY": "Philippines",
                "GID_1": "PHL.61_1",
                "NAME_1": "Pangasinan",
                "NL_NAME_1": "NA",
                "GID_2": "PHL.61.31_1",
                "NAME_2": "Pozzorubio",
                "NL_NAME_2": "NA",
                "NAME_3": "Malokiat",
                "VARNAME_3": "NA",
                "NL_NAME_3": "NA",
                "TYPE_3": "Barangay",
                "ENGTYPE_3": "Village",
                "CC_3": "NA",
                "HASC_3": "NA",
                "DISTRICT": 5
            },
            "geometry": {
                "type": "MultiPolygon",
                "coordinates": [
                    [
                        [
                            [
                                120.4871,
                                16.1301
                            ],
                            [
                                120.5004,
                                16.1341
                            ],
                            [
                                120.5045,
                                16.1311
                            ],
                            [
                                120.5053,
                                16.1228
                            ],
                            [
                                120.4974,
                                16.121
                            ],
                            [
                                120.4925,
                                16.1234
                            ],
                            [
                                120.4871,
                                16.1301
                            ]
                        ]
                    ]
                ]
            }
        },
        {
            "type": "Feature",
            "properties": {
                "GID_3": "PHL.61.31.21_1",
                "GID_0": "PHL",
                "COUNTRY": "Philippines",
                "GID_1": "PHL.61_1",
                "NAME_1": "Pangasinan",
                "NL_NAME_1": "NA",
                "GID_2": "PHL.61.31_1",
                "NAME_2": "Pozzorubio",
                "NL_NAME_2": "NA",
                "NAME_3": "Manaol",
                "VARNAME_3": "NA",
                "NL_NAME_3": "NA",
                "TYPE_3": "Barangay",
                "ENGTYPE_3": "Village",
                "CC_3": "NA",
                "HASC_3": "NA",
                "DISTRICT": 5
            },
            "geometry": {
                "type": "MultiPolygon",
                "coordinates": [
                    [
                        [
                            [
                                120.5116,
                                16.1151
                            ],
                            [
                                120.5102,
                                16.1181
                            ],
                            [
                                120.5063,
                                16.1167
                            ],
                            [
                                120.5044,
                                16.1256
                            ],
                            [
                                120.517,
                                16.1227
                            ],
                            [
                                120.5116,
                                16.1151
                            ]
                        ]
                    ]
                ]
            }
        },
        {
            "type": "Feature",
            "properties": {
                "GID_3": "PHL.61.31.22_1",
                "GID_0": "PHL",
                "COUNTRY": "Philippines",
                "GID_1": "PHL.61_1",
                "NAME_1": "Pangasinan",
                "NL_NAME_1": "NA",
                "GID_2": "PHL.61.31_1",
                "NAME_2": "Pozzorubio",
                "NL_NAME_2": "NA",
                "NAME_3": "Nama",
                "VARNAME_3": "NA",
                "NL_NAME_3": "NA",
                "TYPE_3": "Barangay",
                "ENGTYPE_3": "Village",
                "CC_3": "NA",
                "HASC_3": "NA",
                "DISTRICT": 5
            },
            "geometry": {
                "type": "MultiPolygon",
                "coordinates": [
                    [
                        [
                            [
                                120.5302,
                                16.1359
                            ],
                            [
                                120.5251,
                                16.1412
                            ],
                            [
                                120.5247,
                                16.1438
                            ],
                            [
                                120.5464,
                                16.1416
                            ],
                            [
                                120.5444,
                                16.136
                            ],
                            [
                                120.5373,
                                16.1325
                            ],
                            [
                                120.5347,
                                16.1317
                            ],
                            [
                                120.5302,
                                16.1359
                            ]
                        ]
                    ]
                ]
            }
        },
        {
            "type": "Feature",
            "properties": {
                "GID_3": "PHL.61.31.23_1",
                "GID_0": "PHL",
                "COUNTRY": "Philippines",
                "GID_1": "PHL.61_1",
                "NAME_1": "Pangasinan",
                "NL_NAME_1": "NA",
                "GID_2": "PHL.61.31_1",
                "NAME_2": "Pozzorubio",
                "NL_NAME_2": "NA",
                "NAME_3": "Nantangalan",
                "VARNAME_3": "NA",
                "NL_NAME_3": "NA",
                "TYPE_3": "Barangay",
                "ENGTYPE_3": "Village",
                "CC_3": "NA",
                "HASC_3": "NA",
                "DISTRICT": 5
            },
            "geometry": {
                "type": "MultiPolygon",
                "coordinates": [
                    [
                        [
                            [
                                120.5131,
                                16.0827
                            ],
                            [
                                120.4907,
                                16.087
                            ],
                            [
                                120.4933,
                                16.0896
                            ],
                            [
                                120.4889,
                                16.0933
                            ],
                            [
                                120.4907,
                                16.0974
                            ],
                            [
                                120.4903,
                                16.1015
                            ],
                            [
                                120.5136,
                                16.1058
                            ],
                            [
                                120.5166,
                                16.0961
                            ],
                            [
                                120.5144,
                                16.0918
                            ],
                            [
                                120.5106,
                                16.0895
                            ],
                            [
                                120.5131,
                                16.0827
                            ]
                        ]
                    ]
                ]
            }
        },
        {
            "type": "Feature",
            "properties": {
                "GID_3": "PHL.61.31.24_1",
                "GID_0": "PHL",
                "COUNTRY": "Philippines",
                "GID_1": "PHL.61_1",
                "NAME_1": "Pangasinan",
                "NL_NAME_1": "NA",
                "GID_2": "PHL.61.31_1",
                "NAME_2": "Pozzorubio",
                "NL_NAME_2": "NA",
                "NAME_3": "Palacpalac",
                "VARNAME_3": "NA",
                "NL_NAME_3": "NA",
                "TYPE_3": "Barangay",
                "ENGTYPE_3": "Village",
                "CC_3": "NA",
                "HASC_3": "NA",
                "DISTRICT": 5
            },
            "geometry": {
                "type": "MultiPolygon",
                "coordinates": [
                    [
                        [
                            [
                                120.517,
                                16.131
                            ],
                            [
                                120.5213,
                                16.1345
                            ],
                            [
                                120.5295,
                                16.1359
                            ],
                            [
                                120.5347,
                                16.1317
                            ],
                            [
                                120.5224,
                                16.1276
                            ],
                            [
                                120.517,
                                16.131
                            ]
                        ]
                    ]
                ]
            }
        },
        {
            "type": "Feature",
            "properties": {
                "GID_3": "PHL.61.31.25_1",
                "GID_0": "PHL",
                "COUNTRY": "Philippines",
                "GID_1": "PHL.61_1",
                "NAME_1": "Pangasinan",
                "NL_NAME_1": "NA",
                "GID_2": "PHL.61.31_1",
                "NAME_2": "Pozzorubio",
                "NL_NAME_2": "NA",
                "NAME_3": "Palguyod",
                "VARNAME_3": "NA",
                "NL_NAME_3": "NA",
                "TYPE_3": "Barangay",
                "ENGTYPE_3": "Village",
                "CC_3": "NA",
                "HASC_3": "NA",
                "DISTRICT": 5
            },
            "geometry": {
                "type": "MultiPolygon",
                "coordinates": [
                    [
                        [
                            [
                                120.5093,
                                16.1351
                            ],
                            [
                                120.5224,
                                16.1276
                            ],
                            [
                                120.5204,
                                16.1243
                            ],
                            [
                                120.517,
                                16.1227
                            ],
                            [
                                120.5044,
                                16.1256
                            ],
                            [
                                120.504,
                                16.1321
                            ],
                            [
                                120.5093,
                                16.1351
                            ]
                        ]
                    ]
                ]
            }
        },
        {
            "type": "Feature",
            "properties": {
                "GID_3": "PHL.61.31.26_1",
                "GID_0": "PHL",
                "COUNTRY": "Philippines",
                "GID_1": "PHL.61_1",
                "NAME_1": "Pangasinan",
                "NL_NAME_1": "NA",
                "GID_2": "PHL.61.31_1",
                "NAME_2": "Pozzorubio",
                "NL_NAME_2": "NA",
                "NAME_3": "PoblacionI",
                "VARNAME_3": "NA",
                "NL_NAME_3": "NA",
                "TYPE_3": "Barangay",
                "ENGTYPE_3": "Village",
                "CC_3": "NA",
                "HASC_3": "NA",
                "DISTRICT": 5
            },
            "geometry": {
                "type": "MultiPolygon",
                "coordinates": [
                    [
                        [
                            [
                                120.5322,
                                16.1204
                            ],
                            [
                                120.5361,
                                16.1237
                            ],
                            [
                                120.5374,
                                16.1172
                            ],
                            [
                                120.5335,
                                16.1169
                            ],
                            [
                                120.5322,
                                16.1204
                            ]
                        ]
                    ]
                ]
            }
        },
        {
            "type": "Feature",
            "properties": {
                "GID_3": "PHL.61.31.27_1",
                "GID_0": "PHL",
                "COUNTRY": "Philippines",
                "GID_1": "PHL.61_1",
                "NAME_1": "Pangasinan",
                "NL_NAME_1": "NA",
                "GID_2": "PHL.61.31_1",
                "NAME_2": "Pozzorubio",
                "NL_NAME_2": "NA",
                "NAME_3": "PoblacionII",
                "VARNAME_3": "NA",
                "NL_NAME_3": "NA",
                "TYPE_3": "Barangay",
                "ENGTYPE_3": "Village",
                "CC_3": "NA",
                "HASC_3": "NA",
                "DISTRICT": 5
            },
            "geometry": {
                "type": "MultiPolygon",
                "coordinates": [
                    [
                        [
                            [
                                120.5335,
                                16.1169
                            ],
                            [
                                120.538,
                                16.1171
                            ],
                            [
                                120.538,
                                16.1119
                            ],
                            [
                                120.5335,
                                16.1148
                            ],
                            [
                                120.5324,
                                16.1161
                            ],
                            [
                                120.5335,
                                16.1169
                            ]
                        ]
                    ]
                ]
            }
        },
        {
            "type": "Feature",
            "properties": {
                "GID_3": "PHL.61.31.28_1",
                "GID_0": "PHL",
                "COUNTRY": "Philippines",
                "GID_1": "PHL.61_1",
                "NAME_1": "Pangasinan",
                "NL_NAME_1": "NA",
                "GID_2": "PHL.61.31_1",
                "NAME_2": "Pozzorubio",
                "NL_NAME_2": "NA",
                "NAME_3": "PoblacionIII",
                "VARNAME_3": "NA",
                "NL_NAME_3": "NA",
                "TYPE_3": "Barangay",
                "ENGTYPE_3": "Village",
                "CC_3": "NA",
                "HASC_3": "NA",
                "DISTRICT": 5
            },
            "geometry": {
                "type": "MultiPolygon",
                "coordinates": [
                    [
                        [
                            [
                                120.5483,
                                16.1178
                            ],
                            [
                                120.5374,
                                16.1172
                            ],
                            [
                                120.5361,
                                16.1237
                            ],
                            [
                                120.5397,
                                16.1278
                            ],
                            [
                                120.5483,
                                16.1178
                            ]
                        ]
                    ]
                ]
            }
        },
        {
            "type": "Feature",
            "properties": {
                "GID_3": "PHL.61.31.29_1",
                "GID_0": "PHL",
                "COUNTRY": "Philippines",
                "GID_1": "PHL.61_1",
                "NAME_1": "Pangasinan",
                "NL_NAME_1": "NA",
                "GID_2": "PHL.61.31_1",
                "NAME_2": "Pozzorubio",
                "NL_NAME_2": "NA",
                "NAME_3": "PoblacionIV",
                "VARNAME_3": "NA",
                "NL_NAME_3": "NA",
                "TYPE_3": "Barangay",
                "ENGTYPE_3": "Village",
                "CC_3": "NA",
                "HASC_3": "NA",
                "DISTRICT": 5
            },
            "geometry": {
                "type": "MultiPolygon",
                "coordinates": [
                    [
                        [
                            [
                                120.5473,
                                16.1174
                            ],
                            [
                                120.5423,
                                16.1096
                            ],
                            [
                                120.538,
                                16.1119
                            ],
                            [
                                120.538,
                                16.1171
                            ],
                            [
                                120.5473,
                                16.1174
                            ]
                        ]
                    ]
                ]
            }
        },
        {
            "type": "Feature",
            "properties": {
                "GID_3": "PHL.61.31.30_1",
                "GID_0": "PHL",
                "COUNTRY": "Philippines",
                "GID_1": "PHL.61_1",
                "NAME_1": "Pangasinan",
                "NL_NAME_1": "NA",
                "GID_2": "PHL.61.31_1",
                "NAME_2": "Pozzorubio",
                "NL_NAME_2": "NA",
                "NAME_3": "Rosario",
                "VARNAME_3": "NA",
                "NL_NAME_3": "NA",
                "TYPE_3": "Barangay",
                "ENGTYPE_3": "Village",
                "CC_3": "NA",
                "HASC_3": "NA",
                "DISTRICT": 5
            },
            "geometry": {
                "type": "MultiPolygon",
                "coordinates": [
                    [
                        [
                            [
                                120.5696,
                                16.103
                            ],
                            [
                                120.5547,
                                16.0836
                            ],
                            [
                                120.5529,
                                16.085
                            ],
                            [
                                120.5462,
                                16.0835
                            ],
                            [
                                120.5434,
                                16.0912
                            ],
                            [
                                120.5631,
                                16.1158
                            ],
                            [
                                120.5689,
                                16.1178
                            ],
                            [
                                120.5742,
                                16.1125
                            ],
                            [
                                120.5726,
                                16.1064
                            ],
                            [
                                120.5696,
                                16.103
                            ]
                        ]
                    ]
                ]
            }
        },
        {
            "type": "Feature",
            "properties": {
                "GID_3": "PHL.61.31.31_1",
                "GID_0": "PHL",
                "COUNTRY": "Philippines",
                "GID_1": "PHL.61_1",
                "NAME_1": "Pangasinan",
                "NL_NAME_1": "NA",
                "GID_2": "PHL.61.31_1",
                "NAME_2": "Pozzorubio",
                "NL_NAME_2": "NA",
                "NAME_3": "Sugcong",
                "VARNAME_3": "NA",
                "NL_NAME_3": "NA",
                "TYPE_3": "Barangay",
                "ENGTYPE_3": "Village",
                "CC_3": "NA",
                "HASC_3": "NA",
                "DISTRICT": 5
            },
            "geometry": {
                "type": "MultiPolygon",
                "coordinates": [
                    [
                        [
                            [
                                120.5477,
                                16.1421
                            ],
                            [
                                120.5464,
                                16.1416
                            ],
                            [
                                120.5365,
                                16.1578
                            ],
                            [
                                120.5508,
                                16.1599
                            ],
                            [
                                120.5518,
                                16.1452
                            ],
                            [
                                120.5477,
                                16.1421
                            ]
                        ]
                    ]
                ]
            }
        },
        {
            "type": "Feature",
            "properties": {
                "GID_3": "PHL.61.31.32_1",
                "GID_0": "PHL",
                "COUNTRY": "Philippines",
                "GID_1": "PHL.61_1",
                "NAME_1": "Pangasinan",
                "NL_NAME_1": "NA",
                "GID_2": "PHL.61.31_1",
                "NAME_2": "Pozzorubio",
                "NL_NAME_2": "NA",
                "NAME_3": "Talogtog",
                "VARNAME_3": "NA",
                "NL_NAME_3": "NA",
                "TYPE_3": "Barangay",
                "ENGTYPE_3": "Village",
                "CC_3": "NA",
                "HASC_3": "NA",
                "DISTRICT": 5
            },
            "geometry": {
                "type": "MultiPolygon",
                "coordinates": [
                    [
                        [
                            [
                                120.5423,
                                16.1096
                            ],
                            [
                                120.5323,
                                16.1023
                            ],
                            [
                                120.5291,
                                16.1047
                            ],
                            [
                                120.5294,
                                16.1144
                            ],
                            [
                                120.5324,
                                16.1161
                            ],
                            [
                                120.5423,
                                16.1096
                            ]
                        ]
                    ]
                ]
            }
        },
        {
            "type": "Feature",
            "properties": {
                "GID_3": "PHL.61.31.33_1",
                "GID_0": "PHL",
                "COUNTRY": "Philippines",
                "GID_1": "PHL.61_1",
                "NAME_1": "Pangasinan",
                "NL_NAME_1": "NA",
                "GID_2": "PHL.61.31_1",
                "NAME_2": "Pozzorubio",
                "NL_NAME_2": "NA",
                "NAME_3": "Tulnac",
                "VARNAME_3": "NA",
                "NL_NAME_3": "NA",
                "TYPE_3": "Barangay",
                "ENGTYPE_3": "Village",
                "CC_3": "NA",
                "HASC_3": "NA",
                "DISTRICT": 5
            },
            "geometry": {
                "type": "MultiPolygon",
                "coordinates": [
                    [
                        [
                            [
                                120.5301,
                                16.1152
                            ],
                            [
                                120.5142,
                                16.1133
                            ],
                            [
                                120.5116,
                                16.1151
                            ],
                            [
                                120.5224,
                                16.1276
                            ],
                            [
                                120.5333,
                                16.1194
                            ],
                            [
                                120.5335,
                                16.1169
                            ],
                            [
                                120.5301,
                                16.1152
                            ]
                        ]
                    ]
                ]
            }
        },
        {
            "type": "Feature",
            "properties": {
                "GID_3": "PHL.61.31.34_1",
                "GID_0": "PHL",
                "COUNTRY": "Philippines",
                "GID_1": "PHL.61_1",
                "NAME_1": "Pangasinan",
                "NL_NAME_1": "NA",
                "GID_2": "PHL.61.31_1",
                "NAME_2": "Pozzorubio",
                "NL_NAME_2": "NA",
                "NAME_3": "Villegas",
                "VARNAME_3": "NA",
                "NL_NAME_3": "NA",
                "TYPE_3": "Barangay",
                "ENGTYPE_3": "Village",
                "CC_3": "NA",
                "HASC_3": "NA",
                "DISTRICT": 5
            },
            "geometry": {
                "type": "MultiPolygon",
                "coordinates": [
                    [
                        [
                            [
                                120.5625,
                                16.137
                            ],
                            [
                                120.5508,
                                16.1334
                            ],
                            [
                                120.5477,
                                16.1421
                            ],
                            [
                                120.5518,
                                16.1452
                            ],
                            [
                                120.5509,
                                16.1528
                            ],
                            [
                                120.5558,
                                16.1438
                            ],
                            [
                                120.5625,
                                16.137
                            ]
                        ]
                    ]
                ]
            }
        },
        {
            "type": "Feature",
            "properties": {
                "GID_3": "PHL.61.32.1_1",
                "GID_0": "PHL",
                "COUNTRY": "Philippines",
                "GID_1": "PHL.61_1",
                "NAME_1": "Pangasinan",
                "NL_NAME_1": "NA",
                "GID_2": "PHL.61.32_1",
                "NAME_2": "Rosales",
                "NL_NAME_2": "NA",
                "NAME_3": "Acop",
                "VARNAME_3": "NA",
                "NL_NAME_3": "NA",
                "TYPE_3": "Barangay",
                "ENGTYPE_3": "Village",
                "CC_3": "NA",
                "HASC_3": "NA",
                "DISTRICT": 6
            },
            "geometry": {
                "type": "MultiPolygon",
                "coordinates": [
                    [
                        [
                            [
                                120.6623,
                                15.8715
                            ],
                            [
                                120.6662,
                                15.8659
                            ],
                            [
                                120.6403,
                                15.8627
                            ],
                            [
                                120.6415,
                                15.8695
                            ],
                            [
                                120.6623,
                                15.8715
                            ]
                        ]
                    ]
                ]
            }
        },
        {
            "type": "Feature",
            "properties": {
                "GID_3": "PHL.61.32.2_1",
                "GID_0": "PHL",
                "COUNTRY": "Philippines",
                "GID_1": "PHL.61_1",
                "NAME_1": "Pangasinan",
                "NL_NAME_1": "NA",
                "GID_2": "PHL.61.32_1",
                "NAME_2": "Rosales",
                "NL_NAME_2": "NA",
                "NAME_3": "Bakitbakit",
                "VARNAME_3": "NA",
                "NL_NAME_3": "NA",
                "TYPE_3": "Barangay",
                "ENGTYPE_3": "Village",
                "CC_3": "NA",
                "HASC_3": "NA",
                "DISTRICT": 6
            },
            "geometry": {
                "type": "MultiPolygon",
                "coordinates": [
                    [
                        [
                            [
                                120.6574,
                                15.8856
                            ],
                            [
                                120.6623,
                                15.8715
                            ],
                            [
                                120.6415,
                                15.8695
                            ],
                            [
                                120.6419,
                                15.8864
                            ],
                            [
                                120.6485,
                                15.885
                            ],
                            [
                                120.6574,
                                15.8856
                            ]
                        ]
                    ]
                ]
            }
        },
        {
            "type": "Feature",
            "properties": {
                "GID_3": "PHL.61.32.3_1",
                "GID_0": "PHL",
                "COUNTRY": "Philippines",
                "GID_1": "PHL.61_1",
                "NAME_1": "Pangasinan",
                "NL_NAME_1": "NA",
                "GID_2": "PHL.61.32_1",
                "NAME_2": "Rosales",
                "NL_NAME_2": "NA",
                "NAME_3": "Balingcanaway",
                "VARNAME_3": "NA",
                "NL_NAME_3": "NA",
                "TYPE_3": "Barangay",
                "ENGTYPE_3": "Village",
                "CC_3": "NA",
                "HASC_3": "NA",
                "DISTRICT": 6
            },
            "geometry": {
                "type": "MultiPolygon",
                "coordinates": [
                    [
                        [
                            [
                                120.6502,
                                15.9069
                            ],
                            [
                                120.6522,
                                15.8986
                            ],
                            [
                                120.6574,
                                15.8856
                            ],
                            [
                                120.6485,
                                15.885
                            ],
                            [
                                120.6506,
                                15.8982
                            ],
                            [
                                120.6502,
                                15.9069
                            ]
                        ]
                    ]
                ]
            }
        },
        {
            "type": "Feature",
            "properties": {
                "GID_3": "PHL.61.32.4_1",
                "GID_0": "PHL",
                "COUNTRY": "Philippines",
                "GID_1": "PHL.61_1",
                "NAME_1": "Pangasinan",
                "NL_NAME_1": "NA",
                "GID_2": "PHL.61.32_1",
                "NAME_2": "Rosales",
                "NL_NAME_2": "NA",
                "NAME_3": "CabalaoanganNorte",
                "VARNAME_3": "NA",
                "NL_NAME_3": "NA",
                "TYPE_3": "Barangay",
                "ENGTYPE_3": "Village",
                "CC_3": "NA",
                "HASC_3": "NA",
                "DISTRICT": 6
            },
            "geometry": {
                "type": "MultiPolygon",
                "coordinates": [
                    [
                        [
                            [
                                120.6345,
                                15.8858
                            ],
                            [
                                120.6353,
                                15.8821
                            ],
                            [
                                120.6192,
                                15.8806
                            ],
                            [
                                120.6163,
                                15.8854
                            ],
                            [
                                120.6166,
                                15.8865
                            ],
                            [
                                120.6337,
                                15.8888
                            ],
                            [
                                120.6345,
                                15.8858
                            ]
                        ]
                    ]
                ]
            }
        },
        {
            "type": "Feature",
            "properties": {
                "GID_3": "PHL.61.32.5_1",
                "GID_0": "PHL",
                "COUNTRY": "Philippines",
                "GID_1": "PHL.61_1",
                "NAME_1": "Pangasinan",
                "NL_NAME_1": "NA",
                "GID_2": "PHL.61.32_1",
                "NAME_2": "Rosales",
                "NL_NAME_2": "NA",
                "NAME_3": "CabalaoanganSur",
                "VARNAME_3": "NA",
                "NL_NAME_3": "NA",
                "TYPE_3": "Barangay",
                "ENGTYPE_3": "Village",
                "CC_3": "NA",
                "HASC_3": "NA",
                "DISTRICT": 6
            },
            "geometry": {
                "type": "MultiPolygon",
                "coordinates": [
                    [
                        [
                            [
                                120.6419,
                                15.8864
                            ],
                            [
                                120.6415,
                                15.8695
                            ],
                            [
                                120.6261,
                                15.8675
                            ],
                            [
                                120.6233,
                                15.8808
                            ],
                            [
                                120.6353,
                                15.8821
                            ],
                            [
                                120.6345,
                                15.8858
                            ],
                            [
                                120.6419,
                                15.8864
                            ]
                        ]
                    ]
                ]
            }
        },
        {
            "type": "Feature",
            "properties": {
                "GID_3": "PHL.61.32.6_1",
                "GID_0": "PHL",
                "COUNTRY": "Philippines",
                "GID_1": "PHL.61_1",
                "NAME_1": "Pangasinan",
                "NL_NAME_1": "NA",
                "GID_2": "PHL.61.32_1",
                "NAME_2": "Rosales",
                "NL_NAME_2": "NA",
                "NAME_3": "Calanutan",
                "VARNAME_3": "DonFelixColoma",
                "NL_NAME_3": "NA",
                "TYPE_3": "Barangay",
                "ENGTYPE_3": "Village",
                "CC_3": "NA",
                "HASC_3": "NA",
                "DISTRICT": 6
            },
            "geometry": {
                "type": "MultiPolygon",
                "coordinates": [
                    [
                        [
                            [
                                120.6415,
                                15.8695
                            ],
                            [
                                120.6403,
                                15.8627
                            ],
                            [
                                120.6276,
                                15.8578
                            ],
                            [
                                120.6265,
                                15.8674
                            ],
                            [
                                120.6415,
                                15.8695
                            ]
                        ]
                    ]
                ]
            }
        },
        {
            "type": "Feature",
            "properties": {
                "GID_3": "PHL.61.32.7_1",
                "GID_0": "PHL",
                "COUNTRY": "Philippines",
                "GID_1": "PHL.61_1",
                "NAME_1": "Pangasinan",
                "NL_NAME_1": "NA",
                "GID_2": "PHL.61.32_1",
                "NAME_2": "Rosales",
                "NL_NAME_2": "NA",
                "NAME_3": "Camangaan",
                "VARNAME_3": "NA",
                "NL_NAME_3": "NA",
                "TYPE_3": "Barangay",
                "ENGTYPE_3": "Village",
                "CC_3": "NA",
                "HASC_3": "NA",
                "DISTRICT": 6
            },
            "geometry": {
                "type": "MultiPolygon",
                "coordinates": [
                    [
                        [
                            [
                                120.6309,
                                15.8475
                            ],
                            [
                                120.6293,
                                15.8522
                            ],
                            [
                                120.64,
                                15.8542
                            ],
                            [
                                120.6427,
                                15.8477
                            ],
                            [
                                120.6321,
                                15.8447
                            ],
                            [
                                120.6309,
                                15.8475
                            ]
                        ]
                    ]
                ]
            }
        },
        {
            "type": "Feature",
            "properties": {
                "GID_3": "PHL.61.32.8_1",
                "GID_0": "PHL",
                "COUNTRY": "Philippines",
                "GID_1": "PHL.61_1",
                "NAME_1": "Pangasinan",
                "NL_NAME_1": "NA",
                "GID_2": "PHL.61.32_1",
                "NAME_2": "Rosales",
                "NL_NAME_2": "NA",
                "NAME_3": "CapitanTomas",
                "VARNAME_3": "NA",
                "NL_NAME_3": "NA",
                "TYPE_3": "Barangay",
                "ENGTYPE_3": "Village",
                "CC_3": "NA",
                "HASC_3": "NA",
                "DISTRICT": 6
            },
            "geometry": {
                "type": "MultiPolygon",
                "coordinates": [
                    [
                        [
                            [
                                120.6495,
                                15.91
                            ],
                            [
                                120.6502,
                                15.9069
                            ],
                            [
                                120.6348,
                                15.9056
                            ],
                            [
                                120.6421,
                                15.9112
                            ],
                            [
                                120.6487,
                                15.9138
                            ],
                            [
                                120.6495,
                                15.91
                            ]
                        ]
                    ]
                ]
            }
        },
        {
            "type": "Feature",
            "properties": {
                "GID_3": "PHL.61.32.9_1",
                "GID_0": "PHL",
                "COUNTRY": "Philippines",
                "GID_1": "PHL.61_1",
                "NAME_1": "Pangasinan",
                "NL_NAME_1": "NA",
                "GID_2": "PHL.61.32_1",
                "NAME_2": "Rosales",
                "NL_NAME_2": "NA",
                "NAME_3": "CarmayEast",
                "VARNAME_3": "NA",
                "NL_NAME_3": "NA",
                "TYPE_3": "Barangay",
                "ENGTYPE_3": "Village",
                "CC_3": "NA",
                "HASC_3": "NA",
                "DISTRICT": 6
            },
            "geometry": {
                "type": "MultiPolygon",
                "coordinates": [
                    [
                        [
                            [
                                120.6472,
                                15.9206
                            ],
                            [
                                120.6487,
                                15.9138
                            ],
                            [
                                120.6318,
                                15.905
                            ],
                            [
                                120.6273,
                                15.9183
                            ],
                            [
                                120.6472,
                                15.9206
                            ]
                        ]
                    ]
                ]
            }
        },
        {
            "type": "Feature",
            "properties": {
                "GID_3": "PHL.61.32.10_1",
                "GID_0": "PHL",
                "COUNTRY": "Philippines",
                "GID_1": "PHL.61_1",
                "NAME_1": "Pangasinan",
                "NL_NAME_1": "NA",
                "GID_2": "PHL.61.32_1",
                "NAME_2": "Rosales",
                "NL_NAME_2": "NA",
                "NAME_3": "CarmayWest",
                "VARNAME_3": "NA",
                "NL_NAME_3": "NA",
                "TYPE_3": "Barangay",
                "ENGTYPE_3": "Village",
                "CC_3": "NA",
                "HASC_3": "NA",
                "DISTRICT": 6
            },
            "geometry": {
                "type": "MultiPolygon",
                "coordinates": [
                    [
                        [
                            [
                                120.6273,
                                15.9183
                            ],
                            [
                                120.6318,
                                15.9067
                            ],
                            [
                                120.6185,
                                15.9068
                            ],
                            [
                                120.6221,
                                15.9108
                            ],
                            [
                                120.6195,
                                15.9181
                            ],
                            [
                                120.6273,
                                15.9183
                            ]
                        ]
                    ]
                ]
            }
        },
        {
            "type": "Feature",
            "properties": {
                "GID_3": "PHL.61.32.11_1",
                "GID_0": "PHL",
                "COUNTRY": "Philippines",
                "GID_1": "PHL.61_1",
                "NAME_1": "Pangasinan",
                "NL_NAME_1": "NA",
                "GID_2": "PHL.61.32_1",
                "NAME_2": "Rosales",
                "NL_NAME_2": "NA",
                "NAME_3": "CarmenEast",
                "VARNAME_3": "NA",
                "NL_NAME_3": "NA",
                "TYPE_3": "Barangay",
                "ENGTYPE_3": "Village",
                "CC_3": "NA",
                "HASC_3": "NA",
                "DISTRICT": 6
            },
            "geometry": {
                "type": "MultiPolygon",
                "coordinates": [
                    [
                        [
                            [
                                120.603,
                                15.8832
                            ],
                            [
                                120.5941,
                                15.897
                            ],
                            [
                                120.6018,
                                15.899
                            ],
                            [
                                120.6084,
                                15.8845
                            ],
                            [
                                120.603,
                                15.8832
                            ]
                        ]
                    ]
                ]
            }
        },
        {
            "type": "Feature",
            "properties": {
                "GID_3": "PHL.61.32.12_1",
                "GID_0": "PHL",
                "COUNTRY": "Philippines",
                "GID_1": "PHL.61_1",
                "NAME_1": "Pangasinan",
                "NL_NAME_1": "NA",
                "GID_2": "PHL.61.32_1",
                "NAME_2": "Rosales",
                "NL_NAME_2": "NA",
                "NAME_3": "CarmenWest",
                "VARNAME_3": "NA",
                "NL_NAME_3": "NA",
                "TYPE_3": "Barangay",
                "ENGTYPE_3": "Village",
                "CC_3": "NA",
                "HASC_3": "NA",
                "DISTRICT": 6
            },
            "geometry": {
                "type": "MultiPolygon",
                "coordinates": [
                    [
                        [
                            [
                                120.5941,
                                15.897
                            ],
                            [
                                120.603,
                                15.8832
                            ],
                            [
                                120.5937,
                                15.8816
                            ],
                            [
                                120.5861,
                                15.8908
                            ],
                            [
                                120.5941,
                                15.897
                            ]
                        ]
                    ]
                ]
            }
        },
        {
            "type": "Feature",
            "properties": {
                "GID_3": "PHL.61.32.13_1",
                "GID_0": "PHL",
                "COUNTRY": "Philippines",
                "GID_1": "PHL.61_1",
                "NAME_1": "Pangasinan",
                "NL_NAME_1": "NA",
                "GID_2": "PHL.61.32_1",
                "NAME_2": "Rosales",
                "NL_NAME_2": "NA",
                "NAME_3": "Casanicolasan",
                "VARNAME_3": "NA",
                "NL_NAME_3": "NA",
                "TYPE_3": "Barangay",
                "ENGTYPE_3": "Village",
                "CC_3": "NA",
                "HASC_3": "NA",
                "DISTRICT": 6
            },
            "geometry": {
                "type": "MultiPolygon",
                "coordinates": [
                    [
                        [
                            [
                                120.6439,
                                15.933
                            ],
                            [
                                120.6472,
                                15.9206
                            ],
                            [
                                120.635,
                                15.9198
                            ],
                            [
                                120.6407,
                                15.9268
                            ],
                            [
                                120.6403,
                                15.9316
                            ],
                            [
                                120.6421,
                                15.931
                            ],
                            [
                                120.6439,
                                15.933
                            ]
                        ]
                    ]
                ]
            }
        },
        {
            "type": "Feature",
            "properties": {
                "GID_3": "PHL.61.32.14_1",
                "GID_0": "PHL",
                "COUNTRY": "Philippines",
                "GID_1": "PHL.61_1",
                "NAME_1": "Pangasinan",
                "NL_NAME_1": "NA",
                "GID_2": "PHL.61.32_1",
                "NAME_2": "Rosales",
                "NL_NAME_2": "NA",
                "NAME_3": "Coliling",
                "VARNAME_3": "NA",
                "NL_NAME_3": "NA",
                "TYPE_3": "Barangay",
                "ENGTYPE_3": "Village",
                "CC_3": "NA",
                "HASC_3": "NA",
                "DISTRICT": 6
            },
            "geometry": {
                "type": "MultiPolygon",
                "coordinates": [
                    [
                        [
                            [
                                120.6293,
                                15.8522
                            ],
                            [
                                120.6131,
                                15.8512
                            ],
                            [
                                120.6106,
                                15.857
                            ],
                            [
                                120.6276,
                                15.8578
                            ],
                            [
                                120.6293,
                                15.8522
                            ]
                        ]
                    ]
                ]
            }
        },
        {
            "type": "Feature",
            "properties": {
                "GID_3": "PHL.61.32.15_1",
                "GID_0": "PHL",
                "COUNTRY": "Philippines",
                "GID_1": "PHL.61_1",
                "NAME_1": "Pangasinan",
                "NL_NAME_1": "NA",
                "GID_2": "PHL.61.32_1",
                "NAME_2": "Rosales",
                "NL_NAME_2": "NA",
                "NAME_3": "DonAntonioVillage",
                "VARNAME_3": "NA",
                "NL_NAME_3": "NA",
                "TYPE_3": "Barangay",
                "ENGTYPE_3": "Village",
                "CC_3": "NA",
                "HASC_3": "NA",
                "DISTRICT": 6
            },
            "geometry": {
                "type": "MultiPolygon",
                "coordinates": [
                    [
                        [
                            [
                                120.6257,
                                15.896
                            ],
                            [
                                120.6166,
                                15.8946
                            ],
                            [
                                120.6157,
                                15.9023
                            ],
                            [
                                120.6285,
                                15.9032
                            ],
                            [
                                120.6258,
                                15.8993
                            ],
                            [
                                120.6257,
                                15.896
                            ]
                        ]
                    ]
                ]
            }
        },
        {
            "type": "Feature",
            "properties": {
                "GID_3": "PHL.61.32.16_1",
                "GID_0": "PHL",
                "COUNTRY": "Philippines",
                "GID_1": "PHL.61_1",
                "NAME_1": "Pangasinan",
                "NL_NAME_1": "NA",
                "GID_2": "PHL.61.32_1",
                "NAME_2": "Rosales",
                "NL_NAME_2": "NA",
                "NAME_3": "Guiling",
                "VARNAME_3": "NA",
                "NL_NAME_3": "NA",
                "TYPE_3": "Barangay",
                "ENGTYPE_3": "Village",
                "CC_3": "NA",
                "HASC_3": "NA",
                "DISTRICT": 6
            },
            "geometry": {
                "type": "MultiPolygon",
                "coordinates": [
                    [
                        [
                            [
                                120.6293,
                                15.8522
                            ],
                            [
                                120.6309,
                                15.8475
                            ],
                            [
                                120.6149,
                                15.846
                            ],
                            [
                                120.6131,
                                15.8512
                            ],
                            [
                                120.6293,
                                15.8522
                            ]
                        ]
                    ]
                ]
            }
        },
        {
            "type": "Feature",
            "properties": {
                "GID_3": "PHL.61.32.17_1",
                "GID_0": "PHL",
                "COUNTRY": "Philippines",
                "GID_1": "PHL.61_1",
                "NAME_1": "Pangasinan",
                "NL_NAME_1": "NA",
                "GID_2": "PHL.61.32_1",
                "NAME_2": "Rosales",
                "NL_NAME_2": "NA",
                "NAME_3": "Palakipak",
                "VARNAME_3": "NA",
                "NL_NAME_3": "NA",
                "TYPE_3": "Barangay",
                "ENGTYPE_3": "Village",
                "CC_3": "NA",
                "HASC_3": "NA",
                "DISTRICT": 6
            },
            "geometry": {
                "type": "MultiPolygon",
                "coordinates": [
                    [
                        [
                            [
                                120.6261,
                                15.8675
                            ],
                            [
                                120.6276,
                                15.8578
                            ],
                            [
                                120.6106,
                                15.857
                            ],
                            [
                                120.6062,
                                15.8664
                            ],
                            [
                                120.6104,
                                15.8683
                            ],
                            [
                                120.6261,
                                15.8675
                            ]
                        ]
                    ]
                ]
            }
        },
        {
            "type": "Feature",
            "properties": {
                "GID_3": "PHL.61.32.18_1",
                "GID_0": "PHL",
                "COUNTRY": "Philippines",
                "GID_1": "PHL.61_1",
                "NAME_1": "Pangasinan",
                "NL_NAME_1": "NA",
                "GID_2": "PHL.61.32_1",
                "NAME_2": "Rosales",
                "NL_NAME_2": "NA",
                "NAME_3": "Pangaoan",
                "VARNAME_3": "NA",
                "NL_NAME_3": "NA",
                "TYPE_3": "Barangay",
                "ENGTYPE_3": "Village",
                "CC_3": "NA",
                "HASC_3": "NA",
                "DISTRICT": 6
            },
            "geometry": {
                "type": "MultiPolygon",
                "coordinates": [
                    [
                        [
                            [
                                120.6519,
                                15.8299
                            ],
                            [
                                120.6358,
                                15.8308
                            ],
                            [
                                120.6321,
                                15.8447
                            ],
                            [
                                120.6427,
                                15.8477
                            ],
                            [
                                120.6465,
                                15.8429
                            ],
                            [
                                120.6519,
                                15.8299
                            ]
                        ]
                    ]
                ]
            }
        },
        {
            "type": "Feature",
            "properties": {
                "GID_3": "PHL.61.32.19_1",
                "GID_0": "PHL",
                "COUNTRY": "Philippines",
                "GID_1": "PHL.61_1",
                "NAME_1": "Pangasinan",
                "NL_NAME_1": "NA",
                "GID_2": "PHL.61.32_1",
                "NAME_2": "Rosales",
                "NL_NAME_2": "NA",
                "NAME_3": "Rabago",
                "VARNAME_3": "NA",
                "NL_NAME_3": "NA",
                "TYPE_3": "Barangay",
                "ENGTYPE_3": "Village",
                "CC_3": "NA",
                "HASC_3": "NA",
                "DISTRICT": 6
            },
            "geometry": {
                "type": "MultiPolygon",
                "coordinates": [
                    [
                        [
                            [
                                120.6276,
                                15.8578
                            ],
                            [
                                120.6403,
                                15.8627
                            ],
                            [
                                120.64,
                                15.8542
                            ],
                            [
                                120.6293,
                                15.8522
                            ],
                            [
                                120.6276,
                                15.8578
                            ]
                        ]
                    ]
                ]
            }
        },
        {
            "type": "Feature",
            "properties": {
                "GID_3": "PHL.61.32.20_1",
                "GID_0": "PHL",
                "COUNTRY": "Philippines",
                "GID_1": "PHL.61_1",
                "NAME_1": "Pangasinan",
                "NL_NAME_1": "NA",
                "GID_2": "PHL.61.32_1",
                "NAME_2": "Rosales",
                "NL_NAME_2": "NA",
                "NAME_3": "Rizal",
                "VARNAME_3": "NA",
                "NL_NAME_3": "NA",
                "TYPE_3": "Barangay",
                "ENGTYPE_3": "Village",
                "CC_3": "NA",
                "HASC_3": "NA",
                "DISTRICT": 6
            },
            "geometry": {
                "type": "MultiPolygon",
                "coordinates": [
                    [
                        [
                            [
                                120.635,
                                15.9198
                            ],
                            [
                                120.6195,
                                15.9181
                            ],
                            [
                                120.6188,
                                15.9225
                            ],
                            [
                                120.6225,
                                15.9251
                            ],
                            [
                                120.6308,
                                15.924
                            ],
                            [
                                120.635,
                                15.9294
                            ],
                            [
                                120.6407,
                                15.932
                            ],
                            [
                                120.6407,
                                15.9268
                            ],
                            [
                                120.635,
                                15.9198
                            ]
                        ]
                    ]
                ]
            }
        },
        {
            "type": "Feature",
            "properties": {
                "GID_3": "PHL.61.32.21_1",
                "GID_0": "PHL",
                "COUNTRY": "Philippines",
                "GID_1": "PHL.61_1",
                "NAME_1": "Pangasinan",
                "NL_NAME_1": "NA",
                "GID_2": "PHL.61.32_1",
                "NAME_2": "Rosales",
                "NL_NAME_2": "NA",
                "NAME_3": "Salvacion",
                "VARNAME_3": "NA",
                "NL_NAME_3": "NA",
                "TYPE_3": "Barangay",
                "ENGTYPE_3": "Village",
                "CC_3": "NA",
                "HASC_3": "NA",
                "DISTRICT": 6
            },
            "geometry": {
                "type": "MultiPolygon",
                "coordinates": [
                    [
                        [
                            [
                                120.6668,
                                15.841
                            ],
                            [
                                120.6569,
                                15.8398
                            ],
                            [
                                120.652,
                                15.8512
                            ],
                            [
                                120.6634,
                                15.8519
                            ],
                            [
                                120.6668,
                                15.841
                            ]
                        ]
                    ]
                ]
            }
        },
        {
            "type": "Feature",
            "properties": {
                "GID_3": "PHL.61.32.22_1",
                "GID_0": "PHL",
                "COUNTRY": "Philippines",
                "GID_1": "PHL.61_1",
                "NAME_1": "Pangasinan",
                "NL_NAME_1": "NA",
                "GID_2": "PHL.61.32_1",
                "NAME_2": "Rosales",
                "NL_NAME_2": "NA",
                "NAME_3": "SanAngel",
                "VARNAME_3": "NA",
                "NL_NAME_3": "NA",
                "TYPE_3": "Barangay",
                "ENGTYPE_3": "Village",
                "CC_3": "NA",
                "HASC_3": "NA",
                "DISTRICT": 6
            },
            "geometry": {
                "type": "MultiPolygon",
                "coordinates": [
                    [
                        [
                            [
                                120.6662,
                                15.8659
                            ],
                            [
                                120.6749,
                                15.8571
                            ],
                            [
                                120.6399,
                                15.8554
                            ],
                            [
                                120.6403,
                                15.8627
                            ],
                            [
                                120.6662,
                                15.8659
                            ]
                        ]
                    ]
                ]
            }
        },
        {
            "type": "Feature",
            "properties": {
                "GID_3": "PHL.61.32.23_1",
                "GID_0": "PHL",
                "COUNTRY": "Philippines",
                "GID_1": "PHL.61_1",
                "NAME_1": "Pangasinan",
                "NL_NAME_1": "NA",
                "GID_2": "PHL.61.32_1",
                "NAME_2": "Rosales",
                "NL_NAME_2": "NA",
                "NAME_3": "SanAntonio",
                "VARNAME_3": "NA",
                "NL_NAME_3": "NA",
                "TYPE_3": "Barangay",
                "ENGTYPE_3": "Village",
                "CC_3": "NA",
                "HASC_3": "NA",
                "DISTRICT": 6
            },
            "geometry": {
                "type": "MultiPolygon",
                "coordinates": [
                    [
                        [
                            [
                                120.6749,
                                15.8571
                            ],
                            [
                                120.6781,
                                15.8528
                            ],
                            [
                                120.6419,
                                15.8502
                            ],
                            [
                                120.6399,
                                15.8554
                            ],
                            [
                                120.6749,
                                15.8571
                            ]
                        ]
                    ]
                ]
            }
        },
        {
            "type": "Feature",
            "properties": {
                "GID_3": "PHL.61.32.24_1",
                "GID_0": "PHL",
                "COUNTRY": "Philippines",
                "GID_1": "PHL.61_1",
                "NAME_1": "Pangasinan",
                "NL_NAME_1": "NA",
                "GID_2": "PHL.61.32_1",
                "NAME_2": "Rosales",
                "NL_NAME_2": "NA",
                "NAME_3": "SanBartolome",
                "VARNAME_3": "NA",
                "NL_NAME_3": "NA",
                "TYPE_3": "Barangay",
                "ENGTYPE_3": "Village",
                "CC_3": "NA",
                "HASC_3": "NA",
                "DISTRICT": 6
            },
            "geometry": {
                "type": "MultiPolygon",
                "coordinates": [
                    [
                        [
                            [
                                120.6163,
                                15.8854
                            ],
                            [
                                120.6192,
                                15.8806
                            ],
                            [
                                120.6233,
                                15.8808
                            ],
                            [
                                120.6261,
                                15.8675
                            ],
                            [
                                120.6104,
                                15.8683
                            ],
                            [
                                120.6062,
                                15.8664
                            ],
                            [
                                120.5937,
                                15.8816
                            ],
                            [
                                120.6163,
                                15.8854
                            ]
                        ]
                    ]
                ]
            }
        },
        {
            "type": "Feature",
            "properties": {
                "GID_3": "PHL.61.32.25_1",
                "GID_0": "PHL",
                "COUNTRY": "Philippines",
                "GID_1": "PHL.61_1",
                "NAME_1": "Pangasinan",
                "NL_NAME_1": "NA",
                "GID_2": "PHL.61.32_1",
                "NAME_2": "Rosales",
                "NL_NAME_2": "NA",
                "NAME_3": "SanIsidro",
                "VARNAME_3": "NA",
                "NL_NAME_3": "NA",
                "TYPE_3": "Barangay",
                "ENGTYPE_3": "Village",
                "CC_3": "NA",
                "HASC_3": "NA",
                "DISTRICT": 6
            },
            "geometry": {
                "type": "MultiPolygon",
                "coordinates": [
                    [
                        [
                            [
                                120.6358,
                                15.8308
                            ],
                            [
                                120.6128,
                                15.8321
                            ],
                            [
                                120.6149,
                                15.846
                            ],
                            [
                                120.6309,
                                15.8475
                            ],
                            [
                                120.6358,
                                15.8308
                            ]
                        ]
                    ]
                ]
            }
        },
        {
            "type": "Feature",
            "properties": {
                "GID_3": "PHL.61.32.26_1",
                "GID_0": "PHL",
                "COUNTRY": "Philippines",
                "GID_1": "PHL.61_1",
                "NAME_1": "Pangasinan",
                "NL_NAME_1": "NA",
                "GID_2": "PHL.61.32_1",
                "NAME_2": "Rosales",
                "NL_NAME_2": "NA",
                "NAME_3": "SanLuis",
                "VARNAME_3": "NA",
                "NL_NAME_3": "NA",
                "TYPE_3": "Barangay",
                "ENGTYPE_3": "Village",
                "CC_3": "NA",
                "HASC_3": "NA",
                "DISTRICT": 6
            },
            "geometry": {
                "type": "MultiPolygon",
                "coordinates": [
                    [
                        [
                            [
                                120.6569,
                                15.8398
                            ],
                            [
                                120.6519,
                                15.8299
                            ],
                            [
                                120.6419,
                                15.8502
                            ],
                            [
                                120.652,
                                15.8512
                            ],
                            [
                                120.6569,
                                15.8398
                            ]
                        ]
                    ]
                ]
            }
        },
        {
            "type": "Feature",
            "properties": {
                "GID_3": "PHL.61.32.27_1",
                "GID_0": "PHL",
                "COUNTRY": "Philippines",
                "GID_1": "PHL.61_1",
                "NAME_1": "Pangasinan",
                "NL_NAME_1": "NA",
                "GID_2": "PHL.61.32_1",
                "NAME_2": "Rosales",
                "NL_NAME_2": "NA",
                "NAME_3": "SanPedroEast",
                "VARNAME_3": "NA",
                "NL_NAME_3": "NA",
                "TYPE_3": "Barangay",
                "ENGTYPE_3": "Village",
                "CC_3": "NA",
                "HASC_3": "NA",
                "DISTRICT": 6
            },
            "geometry": {
                "type": "MultiPolygon",
                "coordinates": [
                    [
                        [
                            [
                                120.6483,
                                15.8858
                            ],
                            [
                                120.6419,
                                15.8864
                            ],
                            [
                                120.6406,
                                15.9059
                            ],
                            [
                                120.6496,
                                15.9069
                            ],
                            [
                                120.6506,
                                15.8982
                            ],
                            [
                                120.6483,
                                15.8858
                            ]
                        ]
                    ]
                ]
            }
        },
        {
            "type": "Feature",
            "properties": {
                "GID_3": "PHL.61.32.28_1",
                "GID_0": "PHL",
                "COUNTRY": "Philippines",
                "GID_1": "PHL.61_1",
                "NAME_1": "Pangasinan",
                "NL_NAME_1": "NA",
                "GID_2": "PHL.61.32_1",
                "NAME_2": "Rosales",
                "NL_NAME_2": "NA",
                "NAME_3": "SanPedroWest",
                "VARNAME_3": "NA",
                "NL_NAME_3": "NA",
                "TYPE_3": "Barangay",
                "ENGTYPE_3": "Village",
                "CC_3": "NA",
                "HASC_3": "NA",
                "DISTRICT": 6
            },
            "geometry": {
                "type": "MultiPolygon",
                "coordinates": [
                    [
                        [
                            [
                                120.6345,
                                15.8858
                            ],
                            [
                                120.6318,
                                15.905
                            ],
                            [
                                120.6406,
                                15.9059
                            ],
                            [
                                120.6419,
                                15.8864
                            ],
                            [
                                120.6345,
                                15.8858
                            ]
                        ]
                    ]
                ]
            }
        },
        {
            "type": "Feature",
            "properties": {
                "GID_3": "PHL.61.32.29_1",
                "GID_0": "PHL",
                "COUNTRY": "Philippines",
                "GID_1": "PHL.61_1",
                "NAME_1": "Pangasinan",
                "NL_NAME_1": "NA",
                "GID_2": "PHL.61.32_1",
                "NAME_2": "Rosales",
                "NL_NAME_2": "NA",
                "NAME_3": "SanVicente",
                "VARNAME_3": "NA",
                "NL_NAME_3": "NA",
                "TYPE_3": "Barangay",
                "ENGTYPE_3": "Village",
                "CC_3": "NA",
                "HASC_3": "NA",
                "DISTRICT": 6
            },
            "geometry": {
                "type": "MultiPolygon",
                "coordinates": [
                    [
                        [
                            [
                                120.6807,
                                15.8457
                            ],
                            [
                                120.6668,
                                15.841
                            ],
                            [
                                120.6634,
                                15.8519
                            ],
                            [
                                120.6781,
                                15.8528
                            ],
                            [
                                120.6807,
                                15.8457
                            ]
                        ]
                    ]
                ]
            }
        },
        {
            "type": "Feature",
            "properties": {
                "GID_3": "PHL.61.32.30_1",
                "GID_0": "PHL",
                "COUNTRY": "Philippines",
                "GID_1": "PHL.61_1",
                "NAME_1": "Pangasinan",
                "NL_NAME_1": "NA",
                "GID_2": "PHL.61.32_1",
                "NAME_2": "Rosales",
                "NL_NAME_2": "NA",
                "NAME_3": "StationDistrict",
                "VARNAME_3": "NA",
                "NL_NAME_3": "NA",
                "TYPE_3": "Barangay",
                "ENGTYPE_3": "Village",
                "CC_3": "NA",
                "HASC_3": "NA",
                "DISTRICT": 6
            },
            "geometry": {
                "type": "MultiPolygon",
                "coordinates": [
                    [
                        [
                            [
                                120.6166,
                                15.8946
                            ],
                            [
                                120.6257,
                                15.896
                            ],
                            [
                                120.6264,
                                15.892
                            ],
                            [
                                120.6166,
                                15.8865
                            ],
                            [
                                120.6166,
                                15.8946
                            ]
                        ]
                    ]
                ]
            }
        },
        {
            "type": "Feature",
            "properties": {
                "GID_3": "PHL.61.32.31_1",
                "GID_0": "PHL",
                "COUNTRY": "Philippines",
                "GID_1": "PHL.61_1",
                "NAME_1": "Pangasinan",
                "NL_NAME_1": "NA",
                "GID_2": "PHL.61.32_1",
                "NAME_2": "Rosales",
                "NL_NAME_2": "NA",
                "NAME_3": "TomanaEast",
                "VARNAME_3": "NA",
                "NL_NAME_3": "NA",
                "TYPE_3": "Barangay",
                "ENGTYPE_3": "Village",
                "CC_3": "NA",
                "HASC_3": "NA",
                "DISTRICT": 6
            },
            "geometry": {
                "type": "MultiPolygon",
                "coordinates": [
                    [
                        [
                            [
                                120.6166,
                                15.8865
                            ],
                            [
                                120.6138,
                                15.8853
                            ],
                            [
                                120.612,
                                15.8928
                            ],
                            [
                                120.6081,
                                15.8992
                            ],
                            [
                                120.6084,
                                15.9007
                            ],
                            [
                                120.6149,
                                15.9038
                            ],
                            [
                                120.6166,
                                15.8865
                            ]
                        ]
                    ]
                ]
            }
        },
        {
            "type": "Feature",
            "properties": {
                "GID_3": "PHL.61.32.32_1",
                "GID_0": "PHL",
                "COUNTRY": "Philippines",
                "GID_1": "PHL.61_1",
                "NAME_1": "Pangasinan",
                "NL_NAME_1": "NA",
                "GID_2": "PHL.61.32_1",
                "NAME_2": "Rosales",
                "NL_NAME_2": "NA",
                "NAME_3": "TomanaWest",
                "VARNAME_3": "NA",
                "NL_NAME_3": "NA",
                "TYPE_3": "Barangay",
                "ENGTYPE_3": "Village",
                "CC_3": "NA",
                "HASC_3": "NA",
                "DISTRICT": 6
            },
            "geometry": {
                "type": "MultiPolygon",
                "coordinates": [
                    [
                        [
                            [
                                120.6084,
                                15.8845
                            ],
                            [
                                120.6018,
                                15.899
                            ],
                            [
                                120.6084,
                                15.9007
                            ],
                            [
                                120.6084,
                                15.8974
                            ],
                            [
                                120.612,
                                15.8928
                            ],
                            [
                                120.6138,
                                15.8853
                            ],
                            [
                                120.6084,
                                15.8845
                            ]
                        ]
                    ]
                ]
            }
        },
        {
            "type": "Feature",
            "properties": {
                "GID_3": "PHL.61.32.33_1",
                "GID_0": "PHL",
                "COUNTRY": "Philippines",
                "GID_1": "PHL.61_1",
                "NAME_1": "Pangasinan",
                "NL_NAME_1": "NA",
                "GID_2": "PHL.61.32_1",
                "NAME_2": "Rosales",
                "NL_NAME_2": "NA",
                "NAME_3": "ZoneI",
                "VARNAME_3": "Poblacion",
                "NL_NAME_3": "NA",
                "TYPE_3": "Barangay",
                "ENGTYPE_3": "Village",
                "CC_3": "NA",
                "HASC_3": "NA",
                "DISTRICT": 6
            },
            "geometry": {
                "type": "MultiPolygon",
                "coordinates": [
                    [
                        [
                            [
                                120.6271,
                                15.8879
                            ],
                            [
                                120.6166,
                                15.8865
                            ],
                            [
                                120.6255,
                                15.8912
                            ],
                            [
                                120.6271,
                                15.8879
                            ]
                        ]
                    ]
                ]
            }
        },
        {
            "type": "Feature",
            "properties": {
                "GID_3": "PHL.61.32.34_1",
                "GID_0": "PHL",
                "COUNTRY": "Philippines",
                "GID_1": "PHL.61_1",
                "NAME_1": "Pangasinan",
                "NL_NAME_1": "NA",
                "GID_2": "PHL.61.32_1",
                "NAME_2": "Rosales",
                "NL_NAME_2": "NA",
                "NAME_3": "ZoneII",
                "VARNAME_3": "Poblacion",
                "NL_NAME_3": "NA",
                "TYPE_3": "Barangay",
                "ENGTYPE_3": "Village",
                "CC_3": "NA",
                "HASC_3": "NA",
                "DISTRICT": 6
            },
            "geometry": {
                "type": "MultiPolygon",
                "coordinates": [
                    [
                        [
                            [
                                120.6257,
                                15.896
                            ],
                            [
                                120.6258,
                                15.8993
                            ],
                            [
                                120.6285,
                                15.9032
                            ],
                            [
                                120.6316,
                                15.9032
                            ],
                            [
                                120.6331,
                                15.8923
                            ],
                            [
                                120.6264,
                                15.892
                            ],
                            [
                                120.6257,
                                15.896
                            ]
                        ]
                    ]
                ]
            }
        },
        {
            "type": "Feature",
            "properties": {
                "GID_3": "PHL.61.32.35_1",
                "GID_0": "PHL",
                "COUNTRY": "Philippines",
                "GID_1": "PHL.61_1",
                "NAME_1": "Pangasinan",
                "NL_NAME_1": "NA",
                "GID_2": "PHL.61.32_1",
                "NAME_2": "Rosales",
                "NL_NAME_2": "NA",
                "NAME_3": "ZoneIII",
                "VARNAME_3": "Poblacion",
                "NL_NAME_3": "NA",
                "TYPE_3": "Barangay",
                "ENGTYPE_3": "Village",
                "CC_3": "NA",
                "HASC_3": "NA",
                "DISTRICT": 6
            },
            "geometry": {
                "type": "MultiPolygon",
                "coordinates": [
                    [
                        [
                            [
                                120.6185,
                                15.9068
                            ],
                            [
                                120.6266,
                                15.9066
                            ],
                            [
                                120.6268,
                                15.9031
                            ],
                            [
                                120.6157,
                                15.9023
                            ],
                            [
                                120.6149,
                                15.9038
                            ],
                            [
                                120.6185,
                                15.9068
                            ]
                        ]
                    ]
                ]
            }
        },
        {
            "type": "Feature",
            "properties": {
                "GID_3": "PHL.61.32.36_1",
                "GID_0": "PHL",
                "COUNTRY": "Philippines",
                "GID_1": "PHL.61_1",
                "NAME_1": "Pangasinan",
                "NL_NAME_1": "NA",
                "GID_2": "PHL.61.32_1",
                "NAME_2": "Rosales",
                "NL_NAME_2": "NA",
                "NAME_3": "ZoneIV",
                "VARNAME_3": "Poblacion",
                "NL_NAME_3": "NA",
                "TYPE_3": "Barangay",
                "ENGTYPE_3": "Village",
                "CC_3": "NA",
                "HASC_3": "NA",
                "DISTRICT": 6
            },
            "geometry": {
                "type": "MultiPolygon",
                "coordinates": [
                    [
                        [
                            [
                                120.6318,
                                15.9067
                            ],
                            [
                                120.6316,
                                15.9032
                            ],
                            [
                                120.6268,
                                15.9031
                            ],
                            [
                                120.6266,
                                15.9066
                            ],
                            [
                                120.6318,
                                15.9067
                            ]
                        ]
                    ]
                ]
            }
        },
        {
            "type": "Feature",
            "properties": {
                "GID_3": "PHL.61.32.37_1",
                "GID_0": "PHL",
                "COUNTRY": "Philippines",
                "GID_1": "PHL.61_1",
                "NAME_1": "Pangasinan",
                "NL_NAME_1": "NA",
                "GID_2": "PHL.61.32_1",
                "NAME_2": "Rosales",
                "NL_NAME_2": "NA",
                "NAME_3": "ZoneV",
                "VARNAME_3": "Poblacion",
                "NL_NAME_3": "NA",
                "TYPE_3": "Barangay",
                "ENGTYPE_3": "Village",
                "CC_3": "NA",
                "HASC_3": "NA",
                "DISTRICT": 6
            },
            "geometry": {
                "type": "MultiPolygon",
                "coordinates": [
                    [
                        [
                            [
                                120.6337,
                                15.8888
                            ],
                            [
                                120.6271,
                                15.8879
                            ],
                            [
                                120.6255,
                                15.8912
                            ],
                            [
                                120.6331,
                                15.8923
                            ],
                            [
                                120.6337,
                                15.8888
                            ]
                        ]
                    ]
                ]
            }
        },
        {
            "type": "Feature",
            "properties": {
                "GID_3": "PHL.61.36.1_1",
                "GID_0": "PHL",
                "COUNTRY": "Philippines",
                "GID_1": "PHL.61_1",
                "NAME_1": "Pangasinan",
                "NL_NAME_1": "NA",
                "GID_2": "PHL.61.36_1",
                "NAME_2": "San Manuel",
                "NL_NAME_2": "NA",
                "NAME_3": "Cabacaraan",
                "VARNAME_3": "NA",
                "NL_NAME_3": "NA",
                "TYPE_3": "Barangay",
                "ENGTYPE_3": "Village",
                "CC_3": "NA",
                "HASC_3": "NA",
                "DISTRICT": 6
            },
            "geometry": {
                "type": "MultiPolygon",
                "coordinates": [
                    [
                        [
                            [
                                120.6654,
                                16.0524
                            ],
                            [
                                120.6659,
                                16.0614
                            ],
                            [
                                120.6811,
                                16.0621
                            ],
                            [
                                120.6809,
                                16.0534
                            ],
                            [
                                120.6654,
                                16.0524
                            ]
                        ]
                    ]
                ]
            }
        },
        {
            "type": "Feature",
            "properties": {
                "GID_3": "PHL.61.36.2_1",
                "GID_0": "PHL",
                "COUNTRY": "Philippines",
                "GID_1": "PHL.61_1",
                "NAME_1": "Pangasinan",
                "NL_NAME_1": "NA",
                "GID_2": "PHL.61.36_1",
                "NAME_2": "San Manuel",
                "NL_NAME_2": "NA",
                "NAME_3": "Cabaritan",
                "VARNAME_3": "NA",
                "NL_NAME_3": "NA",
                "TYPE_3": "Barangay",
                "ENGTYPE_3": "Village",
                "CC_3": "NA",
                "HASC_3": "NA",
                "DISTRICT": 6
            },
            "geometry": {
                "type": "MultiPolygon",
                "coordinates": [
                    [
                        [
                            [
                                120.6608,
                                16.0464
                            ],
                            [
                                120.6499,
                                16.0442
                            ],
                            [
                                120.65,
                                16.0493
                            ],
                            [
                                120.6559,
                                16.0528
                            ],
                            [
                                120.6607,
                                16.0613
                            ],
                            [
                                120.6659,
                                16.0614
                            ],
                            [
                                120.6657,
                                16.0468
                            ],
                            [
                                120.6608,
                                16.0464
                            ]
                        ]
                    ]
                ]
            }
        },
        {
            "type": "Feature",
            "properties": {
                "GID_3": "PHL.61.36.3_1",
                "GID_0": "PHL",
                "COUNTRY": "Philippines",
                "GID_1": "PHL.61_1",
                "NAME_1": "Pangasinan",
                "NL_NAME_1": "NA",
                "GID_2": "PHL.61.36_1",
                "NAME_2": "San Manuel",
                "NL_NAME_2": "NA",
                "NAME_3": "Flores",
                "VARNAME_3": "NA",
                "NL_NAME_3": "NA",
                "TYPE_3": "Barangay",
                "ENGTYPE_3": "Village",
                "CC_3": "NA",
                "HASC_3": "NA",
                "DISTRICT": 6
            },
            "geometry": {
                "type": "MultiPolygon",
                "coordinates": [
                    [
                        [
                            [
                                120.6811,
                                16.0621
                            ],
                            [
                                120.6745,
                                16.0619
                            ],
                            [
                                120.6738,
                                16.0718
                            ],
                            [
                                120.6759,
                                16.08
                            ],
                            [
                                120.7019,
                                16.0814
                            ],
                            [
                                120.7065,
                                16.068
                            ],
                            [
                                120.6891,
                                16.0689
                            ],
                            [
                                120.6856,
                                16.0624
                            ],
                            [
                                120.6811,
                                16.0621
                            ]
                        ]
                    ]
                ]
            }
        },
        {
            "type": "Feature",
            "properties": {
                "GID_3": "PHL.61.36.4_1",
                "GID_0": "PHL",
                "COUNTRY": "Philippines",
                "GID_1": "PHL.61_1",
                "NAME_1": "Pangasinan",
                "NL_NAME_1": "NA",
                "GID_2": "PHL.61.36_1",
                "NAME_2": "San Manuel",
                "NL_NAME_2": "NA",
                "NAME_3": "GuisetNorte",
                "VARNAME_3": "Poblacion",
                "NL_NAME_3": "NA",
                "TYPE_3": "Barangay",
                "ENGTYPE_3": "Village",
                "CC_3": "NA",
                "HASC_3": "NA",
                "DISTRICT": 6
            },
            "geometry": {
                "type": "MultiPolygon",
                "coordinates": [
                    [
                        [
                            [
                                120.6743,
                                16.075
                            ],
                            [
                                120.674,
                                16.0693
                            ],
                            [
                                120.6611,
                                16.068
                            ],
                            [
                                120.6601,
                                16.0746
                            ],
                            [
                                120.6743,
                                16.075
                            ]
                        ]
                    ]
                ]
            }
        },
        {
            "type": "Feature",
            "properties": {
                "GID_3": "PHL.61.36.5_1",
                "GID_0": "PHL",
                "COUNTRY": "Philippines",
                "GID_1": "PHL.61_1",
                "NAME_1": "Pangasinan",
                "NL_NAME_1": "NA",
                "GID_2": "PHL.61.36_1",
                "NAME_2": "San Manuel",
                "NL_NAME_2": "NA",
                "NAME_3": "GuisetSur",
                "VARNAME_3": "Poblacion",
                "NL_NAME_3": "NA",
                "TYPE_3": "Barangay",
                "ENGTYPE_3": "Village",
                "CC_3": "NA",
                "HASC_3": "NA",
                "DISTRICT": 6
            },
            "geometry": {
                "type": "MultiPolygon",
                "coordinates": [
                    [
                        [
                            [
                                120.6745,
                                16.0619
                            ],
                            [
                                120.6607,
                                16.0613
                            ],
                            [
                                120.6604,
                                16.0665
                            ],
                            [
                                120.6618,
                                16.0663
                            ],
                            [
                                120.6611,
                                16.068
                            ],
                            [
                                120.674,
                                16.0693
                            ],
                            [
                                120.6745,
                                16.0619
                            ]
                        ]
                    ]
                ]
            }
        },
        {
            "type": "Feature",
            "properties": {
                "GID_3": "PHL.61.36.6_1",
                "GID_0": "PHL",
                "COUNTRY": "Philippines",
                "GID_1": "PHL.61_1",
                "NAME_1": "Pangasinan",
                "NL_NAME_1": "NA",
                "GID_2": "PHL.61.36_1",
                "NAME_2": "San Manuel",
                "NL_NAME_2": "NA",
                "NAME_3": "Lapalo",
                "VARNAME_3": "NA",
                "NL_NAME_3": "NA",
                "TYPE_3": "Barangay",
                "ENGTYPE_3": "Village",
                "CC_3": "NA",
                "HASC_3": "NA",
                "DISTRICT": 6
            },
            "geometry": {
                "type": "MultiPolygon",
                "coordinates": [
                    [
                        [
                            [
                                120.626,
                                16.2018
                            ],
                            [
                                120.6553,
                                16.1877
                            ],
                            [
                                120.653,
                                16.073
                            ],
                            [
                                120.6332,
                                16.0726
                            ],
                            [
                                120.6364,
                                16.0809
                            ],
                            [
                                120.6363,
                                16.0867
                            ],
                            [
                                120.6385,
                                16.0906
                            ],
                            [
                                120.6366,
                                16.0972
                            ],
                            [
                                120.6383,
                                16.1025
                            ],
                            [
                                120.6347,
                                16.1137
                            ],
                            [
                                120.6349,
                                16.1224
                            ],
                            [
                                120.6293,
                                16.1244
                            ],
                            [
                                120.6326,
                                16.1344
                            ],
                            [
                                120.6327,
                                16.151
                            ],
                            [
                                120.6347,
                                16.1571
                            ],
                            [
                                120.6246,
                                16.172
                            ],
                            [
                                120.6184,
                                16.1776
                            ],
                            [
                                120.6179,
                                16.1827
                            ],
                            [
                                120.6225,
                                16.1876
                            ],
                            [
                                120.6223,
                                16.1931
                            ],
                            [
                                120.6203,
                                16.1966
                            ],
                            [
                                120.6112,
                                16.2046
                            ],
                            [
                                120.626,
                                16.2018
                            ]
                        ]
                    ]
                ]
            }
        },
        {
            "type": "Feature",
            "properties": {
                "GID_3": "PHL.61.36.7_1",
                "GID_0": "PHL",
                "COUNTRY": "Philippines",
                "GID_1": "PHL.61_1",
                "NAME_1": "Pangasinan",
                "NL_NAME_1": "NA",
                "GID_2": "PHL.61.36_1",
                "NAME_2": "San Manuel",
                "NL_NAME_2": "NA",
                "NAME_3": "Nagsaag",
                "VARNAME_3": "NA",
                "NL_NAME_3": "NA",
                "TYPE_3": "Barangay",
                "ENGTYPE_3": "Village",
                "CC_3": "NA",
                "HASC_3": "NA",
                "DISTRICT": 6
            },
            "geometry": {
                "type": "MultiPolygon",
                "coordinates": [
                    [
                        [
                            [
                                120.6607,
                                16.0613
                            ],
                            [
                                120.6559,
                                16.0528
                            ],
                            [
                                120.65,
                                16.0493
                            ],
                            [
                                120.6501,
                                16.0653
                            ],
                            [
                                120.653,
                                16.073
                            ],
                            [
                                120.6527,
                                16.0808
                            ],
                            [
                                120.6597,
                                16.0759
                            ],
                            [
                                120.6618,
                                16.0663
                            ],
                            [
                                120.6604,
                                16.0665
                            ],
                            [
                                120.6607,
                                16.0613
                            ]
                        ]
                    ]
                ]
            }
        },
        {
            "type": "Feature",
            "properties": {
                "GID_3": "PHL.61.36.8_1",
                "GID_0": "PHL",
                "COUNTRY": "Philippines",
                "GID_1": "PHL.61_1",
                "NAME_1": "Pangasinan",
                "NL_NAME_1": "NA",
                "GID_2": "PHL.61.36_1",
                "NAME_2": "San Manuel",
                "NL_NAME_2": "NA",
                "NAME_3": "Narra",
                "VARNAME_3": "NA",
                "NL_NAME_3": "NA",
                "TYPE_3": "Barangay",
                "ENGTYPE_3": "Village",
                "CC_3": "NA",
                "HASC_3": "NA",
                "DISTRICT": 6
            },
            "geometry": {
                "type": "MultiPolygon",
                "coordinates": [
                    [
                        [
                            [
                                120.7013,
                                16.0822
                            ],
                            [
                                120.6964,
                                16.0893
                            ],
                            [
                                120.6967,
                                16.0938
                            ],
                            [
                                120.68,
                                16.0929
                            ],
                            [
                                120.6833,
                                16.1033
                            ],
                            [
                                120.6821,
                                16.1164
                            ],
                            [
                                120.6878,
                                16.1249
                            ],
                            [
                                120.6955,
                                16.1187
                            ],
                            [
                                120.6962,
                                16.1143
                            ],
                            [
                                120.7001,
                                16.1073
                            ],
                            [
                                120.7081,
                                16.1019
                            ],
                            [
                                120.7223,
                                16.0852
                            ],
                            [
                                120.7218,
                                16.0833
                            ],
                            [
                                120.7013,
                                16.0822
                            ]
                        ]
                    ]
                ]
            }
        },
        {
            "type": "Feature",
            "properties": {
                "GID_3": "PHL.61.36.9_1",
                "GID_0": "PHL",
                "COUNTRY": "Philippines",
                "GID_1": "PHL.61_1",
                "NAME_1": "Pangasinan",
                "NL_NAME_1": "NA",
                "GID_2": "PHL.61.36_1",
                "NAME_2": "San Manuel",
                "NL_NAME_2": "NA",
                "NAME_3": "SanAntonio-Arzadon",
                "VARNAME_3": "NA",
                "NL_NAME_3": "NA",
                "TYPE_3": "Barangay",
                "ENGTYPE_3": "Village",
                "CC_3": "NA",
                "HASC_3": "NA",
                "DISTRICT": 6
            },
            "geometry": {
                "type": "MultiPolygon",
                "coordinates": [
                    [
                        [
                            [
                                120.6967,
                                16.0482
                            ],
                            [
                                120.6812,
                                16.0473
                            ],
                            [
                                120.6811,
                                16.0621
                            ],
                            [
                                120.6856,
                                16.0624
                            ],
                            [
                                120.6891,
                                16.0689
                            ],
                            [
                                120.695,
                                16.0683
                            ],
                            [
                                120.6967,
                                16.0482
                            ]
                        ]
                    ]
                ]
            }
        },
        {
            "type": "Feature",
            "properties": {
                "GID_3": "PHL.61.36.10_1",
                "GID_0": "PHL",
                "COUNTRY": "Philippines",
                "GID_1": "PHL.61_1",
                "NAME_1": "Pangasinan",
                "NL_NAME_1": "NA",
                "GID_2": "PHL.61.36_1",
                "NAME_2": "San Manuel",
                "NL_NAME_2": "NA",
                "NAME_3": "SanBonifacio",
                "VARNAME_3": "NA",
                "NL_NAME_3": "NA",
                "TYPE_3": "Barangay",
                "ENGTYPE_3": "Village",
                "CC_3": "NA",
                "HASC_3": "NA",
                "DISTRICT": 6
            },
            "geometry": {
                "type": "MultiPolygon",
                "coordinates": [
                    [
                        [
                            [
                                120.7019,
                                16.0814
                            ],
                            [
                                120.6759,
                                16.08
                            ],
                            [
                                120.6743,
                                16.075
                            ],
                            [
                                120.6601,
                                16.0746
                            ],
                            [
                                120.6527,
                                16.0808
                            ],
                            [
                                120.6536,
                                16.0912
                            ],
                            [
                                120.6967,
                                16.0938
                            ],
                            [
                                120.6964,
                                16.0893
                            ],
                            [
                                120.7019,
                                16.0814
                            ]
                        ]
                    ]
                ]
            }
        },
        {
            "type": "Feature",
            "properties": {
                "GID_3": "PHL.61.36.11_1",
                "GID_0": "PHL",
                "COUNTRY": "Philippines",
                "GID_1": "PHL.61_1",
                "NAME_1": "Pangasinan",
                "NL_NAME_1": "NA",
                "GID_2": "PHL.61.36_1",
                "NAME_2": "San Manuel",
                "NL_NAME_2": "NA",
                "NAME_3": "SanJuan",
                "VARNAME_3": "NA",
                "NL_NAME_3": "NA",
                "TYPE_3": "Barangay",
                "ENGTYPE_3": "Village",
                "CC_3": "NA",
                "HASC_3": "NA",
                "DISTRICT": 6
            },
            "geometry": {
                "type": "MultiPolygon",
                "coordinates": [
                    [
                        [
                            [
                                120.6812,
                                16.0473
                            ],
                            [
                                120.6657,
                                16.0468
                            ],
                            [
                                120.6654,
                                16.0524
                            ],
                            [
                                120.6809,
                                16.0534
                            ],
                            [
                                120.6812,
                                16.0473
                            ]
                        ]
                    ]
                ]
            }
        },
        {
            "type": "Feature",
            "properties": {
                "GID_3": "PHL.61.36.12_1",
                "GID_0": "PHL",
                "COUNTRY": "Philippines",
                "GID_1": "PHL.61_1",
                "NAME_1": "Pangasinan",
                "NL_NAME_1": "NA",
                "GID_2": "PHL.61.36_1",
                "NAME_2": "San Manuel",
                "NL_NAME_2": "NA",
                "NAME_3": "San Roque",
                "VARNAME_3": "NA",
                "NL_NAME_3": "NA",
                "TYPE_3": "Barangay",
                "ENGTYPE_3": "Village",
                "CC_3": "NA",
                "HASC_3": "NA",
                "DISTRICT": 6
            },
            "geometry": {
                "type": "MultiPolygon",
                "coordinates": [
                    [
                        [
                            [
                                120.6553,
                                16.1877
                            ],
                            [
                                120.6973,
                                16.1915
                            ],
                            [
                                120.7006,
                                16.1898
                            ],
                            [
                                120.6954,
                                16.1842
                            ],
                            [
                                120.6911,
                                16.1843
                            ],
                            [
                                120.6886,
                                16.1773
                            ],
                            [
                                120.6807,
                                16.1745
                            ],
                            [
                                120.6827,
                                16.1719
                            ],
                            [
                                120.6879,
                                16.1706
                            ],
                            [
                                120.6826,
                                16.1593
                            ],
                            [
                                120.693,
                                16.1594
                            ],
                            [
                                120.697,
                                16.1552
                            ],
                            [
                                120.6899,
                                16.1514
                            ],
                            [
                                120.6872,
                                16.1476
                            ],
                            [
                                120.6821,
                                16.1483
                            ],
                            [
                                120.6775,
                                16.1412
                            ],
                            [
                                120.6736,
                                16.1383
                            ],
                            [
                                120.6816,
                                16.136
                            ],
                            [
                                120.6878,
                                16.1249
                            ],
                            [
                                120.6821,
                                16.1164
                            ],
                            [
                                120.6833,
                                16.1033
                            ],
                            [
                                120.68,
                                16.0929
                            ],
                            [
                                120.6536,
                                16.0912
                            ],
                            [
                                120.6553,
                                16.1877
                            ]
                        ]
                    ]
                ]
            }
        },
        {
            "type": "Feature",
            "properties": {
                "GID_3": "PHL.61.36.13_1",
                "GID_0": "PHL",
                "COUNTRY": "Philippines",
                "GID_1": "PHL.61_1",
                "NAME_1": "Pangasinan",
                "NL_NAME_1": "NA",
                "GID_2": "PHL.61.36_1",
                "NAME_2": "San Manuel",
                "NL_NAME_2": "NA",
                "NAME_3": "SanVicente",
                "VARNAME_3": "NA",
                "NL_NAME_3": "NA",
                "TYPE_3": "Barangay",
                "ENGTYPE_3": "Village",
                "CC_3": "NA",
                "HASC_3": "NA",
                "DISTRICT": 6
            },
            "geometry": {
                "type": "MultiPolygon",
                "coordinates": [
                    [
                        [
                            [
                                120.7085,
                                16.0494
                            ],
                            [
                                120.6967,
                                16.0482
                            ],
                            [
                                120.695,
                                16.0683
                            ],
                            [
                                120.7065,
                                16.068
                            ],
                            [
                                120.7013,
                                16.0822
                            ],
                            [
                                120.7218,
                                16.0833
                            ],
                            [
                                120.7204,
                                16.0772
                            ],
                            [
                                120.7245,
                                16.0569
                            ],
                            [
                                120.7202,
                                16.0519
                            ],
                            [
                                120.7111,
                                16.0576
                            ],
                            [
                                120.7085,
                                16.0494
                            ]
                        ]
                    ]
                ]
            }
        },
        {
            "type": "Feature",
            "properties": {
                "GID_3": "PHL.61.36.14_1",
                "GID_0": "PHL",
                "COUNTRY": "Philippines",
                "GID_1": "PHL.61_1",
                "NAME_1": "Pangasinan",
                "NL_NAME_1": "NA",
                "GID_2": "PHL.61.36_1",
                "NAME_2": "San Manuel",
                "NL_NAME_2": "NA",
                "NAME_3": "Santo Domingo",
                "VARNAME_3": "NA",
                "NL_NAME_3": "NA",
                "TYPE_3": "Barangay",
                "ENGTYPE_3": "Village",
                "CC_3": "NA",
                "HASC_3": "NA",
                "DISTRICT": 6
            },
            "geometry": {
                "type": "MultiPolygon",
                "coordinates": [
                    [
                        [
                            [
                                120.6465,
                                16.0443
                            ],
                            [
                                120.6316,
                                16.0422
                            ],
                            [
                                120.6332,
                                16.0726
                            ],
                            [
                                120.653,
                                16.073
                            ],
                            [
                                120.6501,
                                16.0653
                            ],
                            [
                                120.6499,
                                16.0442
                            ],
                            [
                                120.6465,
                                16.0443
                            ]
                        ]
                    ]
                ]
            }
        },
        {
            "type": "Feature",
            "properties": {
                "GID_3": "PHL.61.37.1_1",
                "GID_0": "PHL",
                "COUNTRY": "Philippines",
                "GID_1": "PHL.61_1",
                "NAME_1": "Pangasinan",
                "NL_NAME_1": "NA",
                "GID_2": "PHL.61.37_1",
                "NAME_2": "SanNicolas",
                "NL_NAME_2": "NA",
                "NAME_3": "Bensican",
                "VARNAME_3": "NA",
                "NL_NAME_3": "NA",
                "TYPE_3": "Barangay",
                "ENGTYPE_3": "Village",
                "CC_3": "NA",
                "HASC_3": "NA",
                "DISTRICT": 6
            },
            "geometry": {
                "type": "MultiPolygon",
                "coordinates": [
                    [
                        [
                            [
                                120.7993,
                                16.1888
                            ],
                            [
                                120.8135,
                                16.183
                            ],
                            [
                                120.7738,
                                16.1388
                            ],
                            [
                                120.7735,
                                16.1289
                            ],
                            [
                                120.7529,
                                16.13
                            ],
                            [
                                120.7993,
                                16.1888
                            ]
                        ]
                    ]
                ]
            }
        },
        {
            "type": "Feature",
            "properties": {
                "GID_3": "PHL.61.37.2_1",
                "GID_0": "PHL",
                "COUNTRY": "Philippines",
                "GID_1": "PHL.61_1",
                "NAME_1": "Pangasinan",
                "NL_NAME_1": "NA",
                "GID_2": "PHL.61.37_1",
                "NAME_2": "SanNicolas",
                "NL_NAME_2": "NA",
                "NAME_3": "Cabitnongan",
                "VARNAME_3": "NA",
                "NL_NAME_3": "NA",
                "TYPE_3": "Barangay",
                "ENGTYPE_3": "Village",
                "CC_3": "NA",
                "HASC_3": "NA",
                "DISTRICT": 6
            },
            "geometry": {
                "type": "MultiPolygon",
                "coordinates": [
                    [
                        [
                            [
                                120.773,
                                16.085
                            ],
                            [
                                120.7806,
                                16.0741
                            ],
                            [
                                120.7667,
                                16.0689
                            ],
                            [
                                120.762,
                                16.0797
                            ],
                            [
                                120.773,
                                16.085
                            ]
                        ]
                    ]
                ]
            }
        },
        {
            "type": "Feature",
            "properties": {
                "GID_3": "PHL.61.37.3_1",
                "GID_0": "PHL",
                "COUNTRY": "Philippines",
                "GID_1": "PHL.61_1",
                "NAME_1": "Pangasinan",
                "NL_NAME_1": "NA",
                "GID_2": "PHL.61.37_1",
                "NAME_2": "SanNicolas",
                "NL_NAME_2": "NA",
                "NAME_3": "Caboloan",
                "VARNAME_3": "NA",
                "NL_NAME_3": "NA",
                "TYPE_3": "Barangay",
                "ENGTYPE_3": "Village",
                "CC_3": "NA",
                "HASC_3": "NA",
                "DISTRICT": 6
            },
            "geometry": {
                "type": "MultiPolygon",
                "coordinates": [
                    [
                        [
                            [
                                120.7218,
                                16.0833
                            ],
                            [
                                120.7221,
                                16.0863
                            ],
                            [
                                120.7193,
                                16.0892
                            ],
                            [
                                120.7378,
                                16.0941
                            ],
                            [
                                120.7434,
                                16.0995
                            ],
                            [
                                120.7474,
                                16.0904
                            ],
                            [
                                120.7454,
                                16.0879
                            ],
                            [
                                120.749,
                                16.0853
                            ],
                            [
                                120.7204,
                                16.0772
                            ],
                            [
                                120.7218,
                                16.0833
                            ]
                        ]
                    ]
                ]
            }
        },
        {
            "type": "Feature",
            "properties": {
                "GID_3": "PHL.61.37.4_1",
                "GID_0": "PHL",
                "COUNTRY": "Philippines",
                "GID_1": "PHL.61_1",
                "NAME_1": "Pangasinan",
                "NL_NAME_1": "NA",
                "GID_2": "PHL.61.37_1",
                "NAME_2": "SanNicolas",
                "NL_NAME_2": "NA",
                "NAME_3": "Cacabugaoan",
                "VARNAME_3": "NA",
                "NL_NAME_3": "NA",
                "TYPE_3": "Barangay",
                "ENGTYPE_3": "Village",
                "CC_3": "NA",
                "HASC_3": "NA",
                "DISTRICT": 6
            },
            "geometry": {
                "type": "MultiPolygon",
                "coordinates": [
                    [
                        [
                            [
                                120.8704,
                                16.1204
                            ],
                            [
                                120.88,
                                16.1059
                            ],
                            [
                                120.8067,
                                16.0715
                            ],
                            [
                                120.7898,
                                16.0833
                            ],
                            [
                                120.8108,
                                16.1043
                            ],
                            [
                                120.8296,
                                16.1187
                            ],
                            [
                                120.8572,
                                16.1329
                            ],
                            [
                                120.8704,
                                16.1204
                            ]
                        ]
                    ]
                ]
            }
        },
        {
            "type": "Feature",
            "properties": {
                "GID_3": "PHL.61.37.5_1",
                "GID_0": "PHL",
                "COUNTRY": "Philippines",
                "GID_1": "PHL.61_1",
                "NAME_1": "Pangasinan",
                "NL_NAME_1": "NA",
                "GID_2": "PHL.61.37_1",
                "NAME_2": "SanNicolas",
                "NL_NAME_2": "NA",
                "NAME_3": "Calanutian",
                "VARNAME_3": "NA",
                "NL_NAME_3": "NA",
                "TYPE_3": "Barangay",
                "ENGTYPE_3": "Village",
                "CC_3": "NA",
                "HASC_3": "NA",
                "DISTRICT": 6
            },
            "geometry": {
                "type": "MultiPolygon",
                "coordinates": [
                    [
                        [
                            [
                                120.6933,
                                16.1208
                            ],
                            [
                                120.6878,
                                16.1249
                            ],
                            [
                                120.6816,
                                16.136
                            ],
                            [
                                120.6736,
                                16.1383
                            ],
                            [
                                120.6775,
                                16.1412
                            ],
                            [
                                120.6821,
                                16.1483
                            ],
                            [
                                120.7088,
                                16.1446
                            ],
                            [
                                120.6933,
                                16.1208
                            ]
                        ]
                    ]
                ]
            }
        },
        {
            "type": "Feature",
            "properties": {
                "GID_3": "PHL.61.37.6_1",
                "GID_0": "PHL",
                "COUNTRY": "Philippines",
                "GID_1": "PHL.61_1",
                "NAME_1": "Pangasinan",
                "NL_NAME_1": "NA",
                "GID_2": "PHL.61.37_1",
                "NAME_2": "SanNicolas",
                "NL_NAME_2": "NA",
                "NAME_3": "Calaocan",
                "VARNAME_3": "NA",
                "NL_NAME_3": "NA",
                "TYPE_3": "Barangay",
                "ENGTYPE_3": "Village",
                "CC_3": "NA",
                "HASC_3": "NA",
                "DISTRICT": 6
            },
            "geometry": {
                "type": "MultiPolygon",
                "coordinates": [
                    [
                        [
                            [
                                120.7806,
                                16.0741
                            ],
                            [
                                120.773,
                                16.085
                            ],
                            [
                                120.7815,
                                16.0899
                            ],
                            [
                                120.7898,
                                16.0833
                            ],
                            [
                                120.7856,
                                16.0762
                            ],
                            [
                                120.7806,
                                16.0741
                            ]
                        ]
                    ]
                ]
            }
        },
        {
            "type": "Feature",
            "properties": {
                "GID_3": "PHL.61.37.7_1",
                "GID_0": "PHL",
                "COUNTRY": "Philippines",
                "GID_1": "PHL.61_1",
                "NAME_1": "Pangasinan",
                "NL_NAME_1": "NA",
                "GID_2": "PHL.61.37_1",
                "NAME_2": "SanNicolas",
                "NL_NAME_2": "NA",
                "NAME_3": "Camanggaan",
                "VARNAME_3": "NA",
                "NL_NAME_3": "NA",
                "TYPE_3": "Barangay",
                "ENGTYPE_3": "Village",
                "CC_3": "NA",
                "HASC_3": "NA",
                "DISTRICT": 6
            },
            "geometry": {
                "type": "MultiPolygon",
                "coordinates": [
                    [
                        [
                            [
                                120.7378,
                                16.0941
                            ],
                            [
                                120.7269,
                                16.091
                            ],
                            [
                                120.7262,
                                16.0969
                            ],
                            [
                                120.7292,
                                16.1004
                            ],
                            [
                                120.7378,
                                16.0941
                            ]
                        ]
                    ]
                ]
            }
        },
        {
            "type": "Feature",
            "properties": {
                "GID_3": "PHL.61.37.8_1",
                "GID_0": "PHL",
                "COUNTRY": "Philippines",
                "GID_1": "PHL.61_1",
                "NAME_1": "Pangasinan",
                "NL_NAME_1": "NA",
                "GID_2": "PHL.61.37_1",
                "NAME_2": "SanNicolas",
                "NL_NAME_2": "NA",
                "NAME_3": "Camindoroan",
                "VARNAME_3": "NA",
                "NL_NAME_3": "NA",
                "TYPE_3": "Barangay",
                "ENGTYPE_3": "Village",
                "CC_3": "NA",
                "HASC_3": "NA",
                "DISTRICT": 6
            },
            "geometry": {
                "type": "MultiPolygon",
                "coordinates": [
                    [
                        [
                            [
                                120.7023,
                                16.1062
                            ],
                            [
                                120.698,
                                16.1098
                            ],
                            [
                                120.6955,
                                16.1187
                            ],
                            [
                                120.6933,
                                16.1208
                            ],
                            [
                                120.7088,
                                16.1446
                            ],
                            [
                                120.7202,
                                16.1175
                            ],
                            [
                                120.7023,
                                16.1062
                            ]
                        ]
                    ]
                ]
            }
        },
        {
            "type": "Feature",
            "properties": {
                "GID_3": "PHL.61.37.9_1",
                "GID_0": "PHL",
                "COUNTRY": "Philippines",
                "GID_1": "PHL.61_1",
                "NAME_1": "Pangasinan",
                "NL_NAME_1": "NA",
                "GID_2": "PHL.61.37_1",
                "NAME_2": "SanNicolas",
                "NL_NAME_2": "NA",
                "NAME_3": "Casaratan",
                "VARNAME_3": "NA",
                "NL_NAME_3": "NA",
                "TYPE_3": "Barangay",
                "ENGTYPE_3": "Village",
                "CC_3": "NA",
                "HASC_3": "NA",
                "DISTRICT": 6
            },
            "geometry": {
                "type": "MultiPolygon",
                "coordinates": [
                    [
                        [
                            [
                                120.7608,
                                16.0709
                            ],
                            [
                                120.7585,
                                16.0668
                            ],
                            [
                                120.7521,
                                16.0705
                            ],
                            [
                                120.758,
                                16.0714
                            ],
                            [
                                120.7602,
                                16.0735
                            ],
                            [
                                120.7608,
                                16.0709
                            ]
                        ]
                    ]
                ]
            }
        },
        {
            "type": "Feature",
            "properties": {
                "GID_3": "PHL.61.37.10_1",
                "GID_0": "PHL",
                "COUNTRY": "Philippines",
                "GID_1": "PHL.61_1",
                "NAME_1": "Pangasinan",
                "NL_NAME_1": "NA",
                "GID_2": "PHL.61.37_1",
                "NAME_2": "SanNicolas",
                "NL_NAME_2": "NA",
                "NAME_3": "Dalumpinas",
                "VARNAME_3": "NA",
                "NL_NAME_3": "NA",
                "TYPE_3": "Barangay",
                "ENGTYPE_3": "Village",
                "CC_3": "NA",
                "HASC_3": "NA",
                "DISTRICT": 6
            },
            "geometry": {
                "type": "MultiPolygon",
                "coordinates": [
                    [
                        [
                            [
                                120.8135,
                                16.183
                            ],
                            [
                                120.826,
                                16.1778
                            ],
                            [
                                120.7843,
                                16.1358
                            ],
                            [
                                120.7823,
                                16.1328
                            ],
                            [
                                120.7793,
                                16.1133
                            ],
                            [
                                120.7666,
                                16.1118
                            ],
                            [
                                120.7732,
                                16.1193
                            ],
                            [
                                120.7738,
                                16.1388
                            ],
                            [
                                120.8135,
                                16.183
                            ]
                        ]
                    ]
                ]
            }
        },
        {
            "type": "Feature",
            "properties": {
                "GID_3": "PHL.61.37.11_1",
                "GID_0": "PHL",
                "COUNTRY": "Philippines",
                "GID_1": "PHL.61_1",
                "NAME_1": "Pangasinan",
                "NL_NAME_1": "NA",
                "GID_2": "PHL.61.37_1",
                "NAME_2": "SanNicolas",
                "NL_NAME_2": "NA",
                "NAME_3": "Fianza",
                "VARNAME_3": "NA",
                "NL_NAME_3": "NA",
                "TYPE_3": "Barangay",
                "ENGTYPE_3": "Village",
                "CC_3": "NA",
                "HASC_3": "NA",
                "DISTRICT": 6
            },
            "geometry": {
                "type": "MultiPolygon",
                "coordinates": [
                    [
                        [
                            [
                                120.8414,
                                16.1715
                            ],
                            [
                                120.8355,
                                16.1659
                            ],
                            [
                                120.8031,
                                16.1439
                            ],
                            [
                                120.7971,
                                16.1274
                            ],
                            [
                                120.782,
                                16.1284
                            ],
                            [
                                120.7823,
                                16.1328
                            ],
                            [
                                120.7881,
                                16.1407
                            ],
                            [
                                120.826,
                                16.1778
                            ],
                            [
                                120.8414,
                                16.1715
                            ]
                        ]
                    ]
                ]
            }
        },
        {
            "type": "Feature",
            "properties": {
                "GID_3": "PHL.61.37.12_1",
                "GID_0": "PHL",
                "COUNTRY": "Philippines",
                "GID_1": "PHL.61_1",
                "NAME_1": "Pangasinan",
                "NL_NAME_1": "NA",
                "GID_2": "PHL.61.37_1",
                "NAME_2": "SanNicolas",
                "NL_NAME_2": "NA",
                "NAME_3": "Lungao",
                "VARNAME_3": "NA",
                "NL_NAME_3": "NA",
                "TYPE_3": "Barangay",
                "ENGTYPE_3": "Village",
                "CC_3": "NA",
                "HASC_3": "NA",
                "DISTRICT": 6
            },
            "geometry": {
                "type": "MultiPolygon",
                "coordinates": [
                    [
                        [
                            [
                                120.773,
                                16.085
                            ],
                            [
                                120.7552,
                                16.0779
                            ],
                            [
                                120.7549,
                                16.0797
                            ],
                            [
                                120.7454,
                                16.0879
                            ],
                            [
                                120.7474,
                                16.0904
                            ],
                            [
                                120.7815,
                                16.0899
                            ],
                            [
                                120.773,
                                16.085
                            ]
                        ]
                    ]
                ]
            }
        },
        {
            "type": "Feature",
            "properties": {
                "GID_3": "PHL.61.37.13_1",
                "GID_0": "PHL",
                "COUNTRY": "Philippines",
                "GID_1": "PHL.61_1",
                "NAME_1": "Pangasinan",
                "NL_NAME_1": "NA",
                "GID_2": "PHL.61.37_1",
                "NAME_2": "SanNicolas",
                "NL_NAME_2": "NA",
                "NAME_3": "Malico",
                "VARNAME_3": "NA",
                "NL_NAME_3": "NA",
                "TYPE_3": "Barangay",
                "ENGTYPE_3": "Village",
                "CC_3": "NA",
                "HASC_3": "NA",
                "DISTRICT": 6
            },
            "geometry": {
                "type": "MultiPolygon",
                "coordinates": [
                    [
                        [
                            [
                                120.8409,
                                16.1711
                            ],
                            [
                                120.8572,
                                16.1329
                            ],
                            [
                                120.8345,
                                16.1216
                            ],
                            [
                                120.8258,
                                16.1155
                            ],
                            [
                                120.7971,
                                16.1274
                            ],
                            [
                                120.8031,
                                16.1439
                            ],
                            [
                                120.8355,
                                16.1659
                            ],
                            [
                                120.8409,
                                16.1711
                            ]
                        ]
                    ]
                ]
            }
        },
        {
            "type": "Feature",
            "properties": {
                "GID_3": "PHL.61.37.14_1",
                "GID_0": "PHL",
                "COUNTRY": "Philippines",
                "GID_1": "PHL.61_1",
                "NAME_1": "Pangasinan",
                "NL_NAME_1": "NA",
                "GID_2": "PHL.61.37_1",
                "NAME_2": "SanNicolas",
                "NL_NAME_2": "NA",
                "NAME_3": "Malilion",
                "VARNAME_3": "NA",
                "NL_NAME_3": "NA",
                "TYPE_3": "Barangay",
                "ENGTYPE_3": "Village",
                "CC_3": "NA",
                "HASC_3": "NA",
                "DISTRICT": 6
            },
            "geometry": {
                "type": "MultiPolygon",
                "coordinates": [
                    [
                        [
                            [
                                120.7434,
                                16.0995
                            ],
                            [
                                120.7378,
                                16.0941
                            ],
                            [
                                120.7292,
                                16.1004
                            ],
                            [
                                120.7529,
                                16.13
                            ],
                            [
                                120.7644,
                                16.1201
                            ],
                            [
                                120.7434,
                                16.0995
                            ]
                        ]
                    ]
                ]
            }
        },
        {
            "type": "Feature",
            "properties": {
                "GID_3": "PHL.61.37.15_1",
                "GID_0": "PHL",
                "COUNTRY": "Philippines",
                "GID_1": "PHL.61_1",
                "NAME_1": "Pangasinan",
                "NL_NAME_1": "NA",
                "GID_2": "PHL.61.37_1",
                "NAME_2": "SanNicolas",
                "NL_NAME_2": "NA",
                "NAME_3": "Nagkaysa",
                "VARNAME_3": "NA",
                "NL_NAME_3": "NA",
                "TYPE_3": "Barangay",
                "ENGTYPE_3": "Village",
                "CC_3": "NA",
                "HASC_3": "NA",
                "DISTRICT": 6
            },
            "geometry": {
                "type": "MultiPolygon",
                "coordinates": [
                    [
                        [
                            [
                                120.7585,
                                16.0668
                            ],
                            [
                                120.7598,
                                16.0709
                            ],
                            [
                                120.7653,
                                16.0683
                            ],
                            [
                                120.7607,
                                16.0664
                            ],
                            [
                                120.7585,
                                16.0668
                            ]
                        ]
                    ]
                ]
            }
        },
        {
            "type": "Feature",
            "properties": {
                "GID_3": "PHL.61.37.16_1",
                "GID_0": "PHL",
                "COUNTRY": "Philippines",
                "GID_1": "PHL.61_1",
                "NAME_1": "Pangasinan",
                "NL_NAME_1": "NA",
                "GID_2": "PHL.61.37_1",
                "NAME_2": "SanNicolas",
                "NL_NAME_2": "NA",
                "NAME_3": "Nining",
                "VARNAME_3": "NA",
                "NL_NAME_3": "NA",
                "TYPE_3": "Barangay",
                "ENGTYPE_3": "Village",
                "CC_3": "NA",
                "HASC_3": "NA",
                "DISTRICT": 6
            },
            "geometry": {
                "type": "MultiPolygon",
                "coordinates": [
                    [
                        [
                            [
                                120.7917,
                                16.0632
                            ],
                            [
                                120.7813,
                                16.057
                            ],
                            [
                                120.7776,
                                16.0653
                            ],
                            [
                                120.8067,
                                16.0715
                            ],
                            [
                                120.7917,
                                16.0632
                            ]
                        ]
                    ]
                ]
            }
        },
        {
            "type": "Feature",
            "properties": {
                "GID_3": "PHL.61.37.17_1",
                "GID_0": "PHL",
                "COUNTRY": "Philippines",
                "GID_1": "PHL.61_1",
                "NAME_1": "Pangasinan",
                "NL_NAME_1": "NA",
                "GID_2": "PHL.61.37_1",
                "NAME_2": "SanNicolas",
                "NL_NAME_2": "NA",
                "NAME_3": "PoblacionEast",
                "VARNAME_3": "NA",
                "NL_NAME_3": "NA",
                "TYPE_3": "Barangay",
                "ENGTYPE_3": "Village",
                "CC_3": "NA",
                "HASC_3": "NA",
                "DISTRICT": 6
            },
            "geometry": {
                "type": "MultiPolygon",
                "coordinates": [
                    [
                        [
                            [
                                120.762,
                                16.0797
                            ],
                            [
                                120.7662,
                                16.0711
                            ],
                            [
                                120.7667,
                                16.0689
                            ],
                            [
                                120.7653,
                                16.0683
                            ],
                            [
                                120.7608,
                                16.0709
                            ],
                            [
                                120.7582,
                                16.0768
                            ],
                            [
                                120.7578,
                                16.0788
                            ],
                            [
                                120.762,
                                16.0797
                            ]
                        ]
                    ]
                ]
            }
        },
        {
            "type": "Feature",
            "properties": {
                "GID_3": "PHL.61.37.18_1",
                "GID_0": "PHL",
                "COUNTRY": "Philippines",
                "GID_1": "PHL.61_1",
                "NAME_1": "Pangasinan",
                "NL_NAME_1": "NA",
                "GID_2": "PHL.61.37_1",
                "NAME_2": "SanNicolas",
                "NL_NAME_2": "NA",
                "NAME_3": "PoblacionWest",
                "VARNAME_3": "NA",
                "NL_NAME_3": "NA",
                "TYPE_3": "Barangay",
                "ENGTYPE_3": "Village",
                "CC_3": "NA",
                "HASC_3": "NA",
                "DISTRICT": 6
            },
            "geometry": {
                "type": "MultiPolygon",
                "coordinates": [
                    [
                        [
                            [
                                120.7602,
                                16.0735
                            ],
                            [
                                120.758,
                                16.0714
                            ],
                            [
                                120.7521,
                                16.0705
                            ],
                            [
                                120.7552,
                                16.0779
                            ],
                            [
                                120.7578,
                                16.0788
                            ],
                            [
                                120.7602,
                                16.0735
                            ]
                        ]
                    ]
                ]
            }
        },
        {
            "type": "Feature",
            "properties": {
                "GID_3": "PHL.61.37.19_1",
                "GID_0": "PHL",
                "COUNTRY": "Philippines",
                "GID_1": "PHL.61_1",
                "NAME_1": "Pangasinan",
                "NL_NAME_1": "NA",
                "GID_2": "PHL.61.37_1",
                "NAME_2": "SanNicolas",
                "NL_NAME_2": "NA",
                "NAME_3": "Salingcob",
                "VARNAME_3": "NA",
                "NL_NAME_3": "NA",
                "TYPE_3": "Barangay",
                "ENGTYPE_3": "Village",
                "CC_3": "NA",
                "HASC_3": "NA",
                "DISTRICT": 6
            },
            "geometry": {
                "type": "MultiPolygon",
                "coordinates": [
                    [
                        [
                            [
                                120.7666,
                                16.1118
                            ],
                            [
                                120.7793,
                                16.1133
                            ],
                            [
                                120.782,
                                16.1284
                            ],
                            [
                                120.7971,
                                16.1274
                            ],
                            [
                                120.7917,
                                16.1115
                            ],
                            [
                                120.7815,
                                16.0899
                            ],
                            [
                                120.7474,
                                16.0904
                            ],
                            [
                                120.7666,
                                16.1118
                            ]
                        ]
                    ]
                ]
            }
        },
        {
            "type": "Feature",
            "properties": {
                "GID_3": "PHL.61.37.20_1",
                "GID_0": "PHL",
                "COUNTRY": "Philippines",
                "GID_1": "PHL.61_1",
                "NAME_1": "Pangasinan",
                "NL_NAME_1": "NA",
                "GID_2": "PHL.61.37_1",
                "NAME_2": "SanNicolas",
                "NL_NAME_2": "NA",
                "NAME_3": "Salpad",
                "VARNAME_3": "NA",
                "NL_NAME_3": "NA",
                "TYPE_3": "Barangay",
                "ENGTYPE_3": "Village",
                "CC_3": "NA",
                "HASC_3": "NA",
                "DISTRICT": 6
            },
            "geometry": {
                "type": "MultiPolygon",
                "coordinates": [
                    [
                        [
                            [
                                120.7575,
                                16.2003
                            ],
                            [
                                120.7689,
                                16.2014
                            ],
                            [
                                120.7993,
                                16.1888
                            ],
                            [
                                120.7506,
                                16.128
                            ],
                            [
                                120.7575,
                                16.2003
                            ]
                        ]
                    ]
                ]
            }
        },
        {
            "type": "Feature",
            "properties": {
                "GID_3": "PHL.61.37.21_1",
                "GID_0": "PHL",
                "COUNTRY": "Philippines",
                "GID_1": "PHL.61_1",
                "NAME_1": "Pangasinan",
                "NL_NAME_1": "NA",
                "GID_2": "PHL.61.37_1",
                "NAME_2": "SanNicolas",
                "NL_NAME_2": "NA",
                "NAME_3": "SanFelipeEast",
                "VARNAME_3": "NA",
                "NL_NAME_3": "NA",
                "TYPE_3": "Barangay",
                "ENGTYPE_3": "Village",
                "CC_3": "NA",
                "HASC_3": "NA",
                "DISTRICT": 6
            },
            "geometry": {
                "type": "MultiPolygon",
                "coordinates": [
                    [
                        [
                            [
                                120.6973,
                                16.1915
                            ],
                            [
                                120.7575,
                                16.2003
                            ],
                            [
                                120.7506,
                                16.128
                            ],
                            [
                                120.736,
                                16.109
                            ],
                            [
                                120.719,
                                16.1663
                            ],
                            [
                                120.7158,
                                16.1731
                            ],
                            [
                                120.6867,
                                16.1709
                            ],
                            [
                                120.6808,
                                16.1739
                            ],
                            [
                                120.6815,
                                16.1756
                            ],
                            [
                                120.6886,
                                16.1773
                            ],
                            [
                                120.6911,
                                16.1843
                            ],
                            [
                                120.6954,
                                16.1842
                            ],
                            [
                                120.7001,
                                16.1884
                            ],
                            [
                                120.7006,
                                16.1898
                            ],
                            [
                                120.6973,
                                16.1915
                            ]
                        ]
                    ]
                ]
            }
        },
        {
            "type": "Feature",
            "properties": {
                "GID_3": "PHL.61.37.22_1",
                "GID_0": "PHL",
                "COUNTRY": "Philippines",
                "GID_1": "PHL.61_1",
                "NAME_1": "Pangasinan",
                "NL_NAME_1": "NA",
                "GID_2": "PHL.61.37_1",
                "NAME_2": "SanNicolas",
                "NL_NAME_2": "NA",
                "NAME_3": "SanFelipeWest",
                "VARNAME_3": "NA",
                "NL_NAME_3": "NA",
                "TYPE_3": "Barangay",
                "ENGTYPE_3": "Village",
                "CC_3": "NA",
                "HASC_3": "NA",
                "DISTRICT": 6
            },
            "geometry": {
                "type": "MultiPolygon",
                "coordinates": [
                    [
                        [
                            [
                                120.6872,
                                16.1476
                            ],
                            [
                                120.6899,
                                16.1514
                            ],
                            [
                                120.697,
                                16.1552
                            ],
                            [
                                120.693,
                                16.1594
                            ],
                            [
                                120.6826,
                                16.1593
                            ],
                            [
                                120.6823,
                                16.161
                            ],
                            [
                                120.6868,
                                16.1672
                            ],
                            [
                                120.6879,
                                16.1706
                            ],
                            [
                                120.6867,
                                16.1709
                            ],
                            [
                                120.7158,
                                16.1731
                            ],
                            [
                                120.719,
                                16.1663
                            ],
                            [
                                120.736,
                                16.109
                            ],
                            [
                                120.7262,
                                16.0969
                            ],
                            [
                                120.7264,
                                16.1035
                            ],
                            [
                                120.7088,
                                16.1446
                            ],
                            [
                                120.6872,
                                16.1476
                            ]
                        ]
                    ]
                ]
            }
        },
        {
            "type": "Feature",
            "properties": {
                "GID_3": "PHL.61.37.23_1",
                "GID_0": "PHL",
                "COUNTRY": "Philippines",
                "GID_1": "PHL.61_1",
                "NAME_1": "Pangasinan",
                "NL_NAME_1": "NA",
                "GID_2": "PHL.61.37_1",
                "NAME_2": "SanNicolas",
                "NL_NAME_2": "NA",
                "NAME_3": "SanIsidro",
                "VARNAME_3": "Sta.Cruzan",
                "NL_NAME_3": "NA",
                "TYPE_3": "Barangay",
                "ENGTYPE_3": "Village",
                "CC_3": "NA",
                "HASC_3": "NA",
                "DISTRICT": 6
            },
            "geometry": {
                "type": "MultiPolygon",
                "coordinates": [
                    [
                        [
                            [
                                120.7529,
                                16.13
                            ],
                            [
                                120.7735,
                                16.1289
                            ],
                            [
                                120.7732,
                                16.1193
                            ],
                            [
                                120.7474,
                                16.0904
                            ],
                            [
                                120.7434,
                                16.0995
                            ],
                            [
                                120.7644,
                                16.1201
                            ],
                            [
                                120.7529,
                                16.13
                            ]
                        ]
                    ]
                ]
            }
        },
        {
            "type": "Feature",
            "properties": {
                "GID_3": "PHL.61.37.24_1",
                "GID_0": "PHL",
                "COUNTRY": "Philippines",
                "GID_1": "PHL.61_1",
                "NAME_1": "Pangasinan",
                "NL_NAME_1": "NA",
                "GID_2": "PHL.61.37_1",
                "NAME_2": "SanNicolas",
                "NL_NAME_2": "NA",
                "NAME_3": "SanJose",
                "VARNAME_3": "NA",
                "NL_NAME_3": "NA",
                "TYPE_3": "Barangay",
                "ENGTYPE_3": "Village",
                "CC_3": "NA",
                "HASC_3": "NA",
                "DISTRICT": 6
            },
            "geometry": {
                "type": "MultiPolygon",
                "coordinates": [
                    [
                        [
                            [
                                120.7813,
                                16.057
                            ],
                            [
                                120.7804,
                                16.0563
                            ],
                            [
                                120.7628,
                                16.0476
                            ],
                            [
                                120.7616,
                                16.0592
                            ],
                            [
                                120.7776,
                                16.0653
                            ],
                            [
                                120.7813,
                                16.057
                            ]
                        ]
                    ]
                ]
            }
        },
        {
            "type": "Feature",
            "properties": {
                "GID_3": "PHL.61.37.25_1",
                "GID_0": "PHL",
                "COUNTRY": "Philippines",
                "GID_1": "PHL.61_1",
                "NAME_1": "Pangasinan",
                "NL_NAME_1": "NA",
                "GID_2": "PHL.61.37_1",
                "NAME_2": "SanNicolas",
                "NL_NAME_2": "NA",
                "NAME_3": "SanRafaelCentro",
                "VARNAME_3": "NA",
                "NL_NAME_3": "NA",
                "TYPE_3": "Barangay",
                "ENGTYPE_3": "Village",
                "CC_3": "NA",
                "HASC_3": "NA",
                "DISTRICT": 6
            },
            "geometry": {
                "type": "MultiPolygon",
                "coordinates": [
                    [
                        [
                            [
                                120.7225,
                                16.0698
                            ],
                            [
                                120.7204,
                                16.0772
                            ],
                            [
                                120.749,
                                16.0853
                            ],
                            [
                                120.7549,
                                16.0797
                            ],
                            [
                                120.7354,
                                16.0724
                            ],
                            [
                                120.7225,
                                16.0698
                            ]
                        ]
                    ]
                ]
            }
        },
        {
            "type": "Feature",
            "properties": {
                "GID_3": "PHL.61.37.26_1",
                "GID_0": "PHL",
                "COUNTRY": "Philippines",
                "GID_1": "PHL.61_1",
                "NAME_1": "Pangasinan",
                "NL_NAME_1": "NA",
                "GID_2": "PHL.61.37_1",
                "NAME_2": "SanNicolas",
                "NL_NAME_2": "NA",
                "NAME_3": "SanRafaelEast",
                "VARNAME_3": "NA",
                "NL_NAME_3": "NA",
                "TYPE_3": "Barangay",
                "ENGTYPE_3": "Village",
                "CC_3": "NA",
                "HASC_3": "NA",
                "DISTRICT": 6
            },
            "geometry": {
                "type": "MultiPolygon",
                "coordinates": [
                    [
                        [
                            [
                                120.7549,
                                16.0797
                            ],
                            [
                                120.7521,
                                16.0705
                            ],
                            [
                                120.7479,
                                16.0677
                            ],
                            [
                                120.743,
                                16.0708
                            ],
                            [
                                120.7422,
                                16.0748
                            ],
                            [
                                120.7549,
                                16.0797
                            ]
                        ]
                    ]
                ]
            }
        },
        {
            "type": "Feature",
            "properties": {
                "GID_3": "PHL.61.37.27_1",
                "GID_0": "PHL",
                "COUNTRY": "Philippines",
                "GID_1": "PHL.61_1",
                "NAME_1": "Pangasinan",
                "NL_NAME_1": "NA",
                "GID_2": "PHL.61.37_1",
                "NAME_2": "SanNicolas",
                "NL_NAME_2": "NA",
                "NAME_3": "SanRafaelWest",
                "VARNAME_3": "NA",
                "NL_NAME_3": "NA",
                "TYPE_3": "Barangay",
                "ENGTYPE_3": "Village",
                "CC_3": "NA",
                "HASC_3": "NA",
                "DISTRICT": 6
            },
            "geometry": {
                "type": "MultiPolygon",
                "coordinates": [
                    [
                        [
                            [
                                120.7235,
                                16.055
                            ],
                            [
                                120.7245,
                                16.0569
                            ],
                            [
                                120.7225,
                                16.0698
                            ],
                            [
                                120.7422,
                                16.0748
                            ],
                            [
                                120.743,
                                16.0708
                            ],
                            [
                                120.7479,
                                16.0677
                            ],
                            [
                                120.7321,
                                16.0542
                            ],
                            [
                                120.7235,
                                16.055
                            ]
                        ]
                    ]
                ]
            }
        },
        {
            "type": "Feature",
            "properties": {
                "GID_3": "PHL.61.37.28_1",
                "GID_0": "PHL",
                "COUNTRY": "Philippines",
                "GID_1": "PHL.61_1",
                "NAME_1": "Pangasinan",
                "NL_NAME_1": "NA",
                "GID_2": "PHL.61.37_1",
                "NAME_2": "SanNicolas",
                "NL_NAME_2": "NA",
                "NAME_3": "SanRoque",
                "VARNAME_3": "NA",
                "NL_NAME_3": "NA",
                "TYPE_3": "Barangay",
                "ENGTYPE_3": "Village",
                "CC_3": "NA",
                "HASC_3": "NA",
                "DISTRICT": 6
            },
            "geometry": {
                "type": "MultiPolygon",
                "coordinates": [
                    [
                        [
                            [
                                120.7521,
                                16.0705
                            ],
                            [
                                120.7606,
                                16.0664
                            ],
                            [
                                120.7628,
                                16.0476
                            ],
                            [
                                120.7573,
                                16.054
                            ],
                            [
                                120.7475,
                                16.0527
                            ],
                            [
                                120.7473,
                                16.0588
                            ],
                            [
                                120.7503,
                                16.0614
                            ],
                            [
                                120.7463,
                                16.0661
                            ],
                            [
                                120.7521,
                                16.0705
                            ]
                        ]
                    ]
                ]
            }
        },
        {
            "type": "Feature",
            "properties": {
                "GID_3": "PHL.61.37.29_1",
                "GID_0": "PHL",
                "COUNTRY": "Philippines",
                "GID_1": "PHL.61_1",
                "NAME_1": "Pangasinan",
                "NL_NAME_1": "NA",
                "GID_2": "PHL.61.37_1",
                "NAME_2": "SanNicolas",
                "NL_NAME_2": "NA",
                "NAME_3": "SantaMariaEast",
                "VARNAME_3": "NA",
                "NL_NAME_3": "NA",
                "TYPE_3": "Barangay",
                "ENGTYPE_3": "Village",
                "CC_3": "NA",
                "HASC_3": "NA",
                "DISTRICT": 6
            },
            "geometry": {
                "type": "MultiPolygon",
                "coordinates": [
                    [
                        [
                            [
                                120.8258,
                                16.1155
                            ],
                            [
                                120.8078,
                                16.101
                            ],
                            [
                                120.79,
                                16.1091
                            ],
                            [
                                120.7971,
                                16.1274
                            ],
                            [
                                120.8258,
                                16.1155
                            ]
                        ]
                    ]
                ]
            }
        },
        {
            "type": "Feature",
            "properties": {
                "GID_3": "PHL.61.37.30_1",
                "GID_0": "PHL",
                "COUNTRY": "Philippines",
                "GID_1": "PHL.61_1",
                "NAME_1": "Pangasinan",
                "NL_NAME_1": "NA",
                "GID_2": "PHL.61.37_1",
                "NAME_2": "SanNicolas",
                "NL_NAME_2": "NA",
                "NAME_3": "SantaMariaWest",
                "VARNAME_3": "NA",
                "NL_NAME_3": "NA",
                "TYPE_3": "Barangay",
                "ENGTYPE_3": "Village",
                "CC_3": "NA",
                "HASC_3": "NA",
                "DISTRICT": 6
            },
            "geometry": {
                "type": "MultiPolygon",
                "coordinates": [
                    [
                        [
                            [
                                120.8078,
                                16.101
                            ],
                            [
                                120.7898,
                                16.0833
                            ],
                            [
                                120.7815,
                                16.0899
                            ],
                            [
                                120.79,
                                16.1091
                            ],
                            [
                                120.8078,
                                16.101
                            ]
                        ]
                    ]
                ]
            }
        },
        {
            "type": "Feature",
            "properties": {
                "GID_3": "PHL.61.37.31_1",
                "GID_0": "PHL",
                "COUNTRY": "Philippines",
                "GID_1": "PHL.61_1",
                "NAME_1": "Pangasinan",
                "NL_NAME_1": "NA",
                "GID_2": "PHL.61.37_1",
                "NAME_2": "SanNicolas",
                "NL_NAME_2": "NA",
                "NAME_3": "SantoTomas",
                "VARNAME_3": "NA",
                "NL_NAME_3": "NA",
                "TYPE_3": "Barangay",
                "ENGTYPE_3": "Village",
                "CC_3": "NA",
                "HASC_3": "NA",
                "DISTRICT": 6
            },
            "geometry": {
                "type": "MultiPolygon",
                "coordinates": [
                    [
                        [
                            [
                                120.7193,
                                16.0892
                            ],
                            [
                                120.7081,
                                16.1019
                            ],
                            [
                                120.7023,
                                16.1062
                            ],
                            [
                                120.7202,
                                16.1175
                            ],
                            [
                                120.7264,
                                16.1035
                            ],
                            [
                                120.7269,
                                16.091
                            ],
                            [
                                120.7193,
                                16.0892
                            ]
                        ]
                    ]
                ]
            }
        },
        {
            "type": "Feature",
            "properties": {
                "GID_3": "PHL.61.37.32_1",
                "GID_0": "PHL",
                "COUNTRY": "Philippines",
                "GID_1": "PHL.61_1",
                "NAME_1": "Pangasinan",
                "NL_NAME_1": "NA",
                "GID_2": "PHL.61.37_1",
                "NAME_2": "SanNicolas",
                "NL_NAME_2": "NA",
                "NAME_3": "Siblot",
                "VARNAME_3": "NA",
                "NL_NAME_3": "NA",
                "TYPE_3": "Barangay",
                "ENGTYPE_3": "Village",
                "CC_3": "NA",
                "HASC_3": "NA",
                "DISTRICT": 6
            },
            "geometry": {
                "type": "MultiPolygon",
                "coordinates": [
                    [
                        [
                            [
                                120.7667,
                                16.0689
                            ],
                            [
                                120.7856,
                                16.0762
                            ],
                            [
                                120.7898,
                                16.0833
                            ],
                            [
                                120.8067,
                                16.0715
                            ],
                            [
                                120.7776,
                                16.0653
                            ],
                            [
                                120.7616,
                                16.0592
                            ],
                            [
                                120.7606,
                                16.0664
                            ],
                            [
                                120.7667,
                                16.0689
                            ]
                        ]
                    ]
                ]
            }
        },
        {
            "type": "Feature",
            "properties": {
                "GID_3": "PHL.61.37.33_1",
                "GID_0": "PHL",
                "COUNTRY": "Philippines",
                "GID_1": "PHL.61_1",
                "NAME_1": "Pangasinan",
                "NL_NAME_1": "NA",
                "GID_2": "PHL.61.37_1",
                "NAME_2": "SanNicolas",
                "NL_NAME_2": "NA",
                "NAME_3": "Sobol",
                "VARNAME_3": "NA",
                "NL_NAME_3": "NA",
                "TYPE_3": "Barangay",
                "ENGTYPE_3": "Village",
                "CC_3": "NA",
                "HASC_3": "NA",
                "DISTRICT": 6
            },
            "geometry": {
                "type": "MultiPolygon",
                "coordinates": [
                    [
                        [
                            [
                                120.7321,
                                16.0542
                            ],
                            [
                                120.7463,
                                16.0661
                            ],
                            [
                                120.7503,
                                16.0614
                            ],
                            [
                                120.7473,
                                16.0588
                            ],
                            [
                                120.7475,
                                16.0527
                            ],
                            [
                                120.7321,
                                16.0542
                            ]
                        ]
                    ]
                ]
            }
        },
        {
            "type": "Feature",
            "properties": {
                "GID_3": "PHL.61.38.1_1",
                "GID_0": "PHL",
                "COUNTRY": "Philippines",
                "GID_1": "PHL.61_1",
                "NAME_1": "Pangasinan",
                "NL_NAME_1": "NA",
                "GID_2": "PHL.61.38_1",
                "NAME_2": "SanQuintin",
                "NL_NAME_2": "NA",
                "NAME_3": "Alac",
                "VARNAME_3": "NA",
                "NL_NAME_3": "NA",
                "TYPE_3": "Barangay",
                "ENGTYPE_3": "Village",
                "CC_3": "NA",
                "HASC_3": "NA",
                "DISTRICT": 6
            },
            "geometry": {
                "type": "MultiPolygon",
                "coordinates": [
                    [
                        [
                            [
                                120.8005,
                                16.0111
                            ],
                            [
                                120.804,
                                16.0126
                            ],
                            [
                                120.8101,
                                15.9911
                            ],
                            [
                                120.7978,
                                15.9933
                            ],
                            [
                                120.7884,
                                15.9971
                            ],
                            [
                                120.7879,
                                15.9989
                            ],
                            [
                                120.7948,
                                16.0036
                            ],
                            [
                                120.8005,
                                16.0111
                            ]
                        ]
                    ]
                ]
            }
        },
        {
            "type": "Feature",
            "properties": {
                "GID_3": "PHL.61.38.2_1",
                "GID_0": "PHL",
                "COUNTRY": "Philippines",
                "GID_1": "PHL.61_1",
                "NAME_1": "Pangasinan",
                "NL_NAME_1": "NA",
                "GID_2": "PHL.61.38_1",
                "NAME_2": "SanQuintin",
                "NL_NAME_2": "NA",
                "NAME_3": "Baligayan",
                "VARNAME_3": "NA",
                "NL_NAME_3": "NA",
                "TYPE_3": "Barangay",
                "ENGTYPE_3": "Village",
                "CC_3": "NA",
                "HASC_3": "NA",
                "DISTRICT": 6
            },
            "geometry": {
                "type": "MultiPolygon",
                "coordinates": [
                    [
                        [
                            [
                                120.7179,
                                15.943
                            ],
                            [
                                120.7175,
                                15.9465
                            ],
                            [
                                120.7259,
                                15.9633
                            ],
                            [
                                120.7318,
                                15.9565
                            ],
                            [
                                120.7179,
                                15.943
                            ]
                        ]
                    ]
                ]
            }
        },
        {
            "type": "Feature",
            "properties": {
                "GID_3": "PHL.61.38.3_1",
                "GID_0": "PHL",
                "COUNTRY": "Philippines",
                "GID_1": "PHL.61_1",
                "NAME_1": "Pangasinan",
                "NL_NAME_1": "NA",
                "GID_2": "PHL.61.38_1",
                "NAME_2": "SanQuintin",
                "NL_NAME_2": "NA",
                "NAME_3": "Bantog",
                "VARNAME_3": "NA",
                "NL_NAME_3": "NA",
                "TYPE_3": "Barangay",
                "ENGTYPE_3": "Village",
                "CC_3": "NA",
                "HASC_3": "NA",
                "DISTRICT": 6
            },
            "geometry": {
                "type": "MultiPolygon",
                "coordinates": [
                    [
                        [
                            [
                                120.8174,
                                15.9689
                            ],
                            [
                                120.8273,
                                15.9672
                            ],
                            [
                                120.8344,
                                15.9571
                            ],
                            [
                                120.7914,
                                15.9515
                            ],
                            [
                                120.7978,
                                15.9646
                            ],
                            [
                                120.8098,
                                15.9613
                            ],
                            [
                                120.8174,
                                15.9689
                            ]
                        ]
                    ]
                ]
            }
        },
        {
            "type": "Feature",
            "properties": {
                "GID_3": "PHL.61.38.4_1",
                "GID_0": "PHL",
                "COUNTRY": "Philippines",
                "GID_1": "PHL.61_1",
                "NAME_1": "Pangasinan",
                "NL_NAME_1": "NA",
                "GID_2": "PHL.61.38_1",
                "NAME_2": "SanQuintin",
                "NL_NAME_2": "NA",
                "NAME_3": "Bolintaguen",
                "VARNAME_3": "NA",
                "NL_NAME_3": "NA",
                "TYPE_3": "Barangay",
                "ENGTYPE_3": "Village",
                "CC_3": "NA",
                "HASC_3": "NA",
                "DISTRICT": 6
            },
            "geometry": {
                "type": "MultiPolygon",
                "coordinates": [
                    [
                        [
                            [
                                120.7814,
                                15.987
                            ],
                            [
                                120.7833,
                                15.984
                            ],
                            [
                                120.7865,
                                15.9841
                            ],
                            [
                                120.8034,
                                15.9882
                            ],
                            [
                                120.8039,
                                15.9836
                            ],
                            [
                                120.7951,
                                15.9807
                            ],
                            [
                                120.7859,
                                15.9753
                            ],
                            [
                                120.7786,
                                15.9757
                            ],
                            [
                                120.7682,
                                15.9707
                            ],
                            [
                                120.7635,
                                15.9768
                            ],
                            [
                                120.7686,
                                15.9786
                            ],
                            [
                                120.7719,
                                15.978
                            ],
                            [
                                120.7775,
                                15.9808
                            ],
                            [
                                120.7814,
                                15.987
                            ]
                        ]
                    ]
                ]
            }
        },
        {
            "type": "Feature",
            "properties": {
                "GID_3": "PHL.61.38.5_1",
                "GID_0": "PHL",
                "COUNTRY": "Philippines",
                "GID_1": "PHL.61_1",
                "NAME_1": "Pangasinan",
                "NL_NAME_1": "NA",
                "GID_2": "PHL.61.38_1",
                "NAME_2": "SanQuintin",
                "NL_NAME_2": "NA",
                "NAME_3": "Cabalaoangan",
                "VARNAME_3": "NA",
                "NL_NAME_3": "NA",
                "TYPE_3": "Barangay",
                "ENGTYPE_3": "Village",
                "CC_3": "NA",
                "HASC_3": "NA",
                "DISTRICT": 6
            },
            "geometry": {
                "type": "MultiPolygon",
                "coordinates": [
                    [
                        [
                            [
                                120.8119,
                                15.9847
                            ],
                            [
                                120.8135,
                                15.9831
                            ],
                            [
                                120.8111,
                                15.9823
                            ],
                            [
                                120.8079,
                                15.9755
                            ],
                            [
                                120.8014,
                                15.9735
                            ],
                            [
                                120.8054,
                                15.9839
                            ],
                            [
                                120.8119,
                                15.9847
                            ]
                        ]
                    ]
                ]
            }
        },
        {
            "type": "Feature",
            "properties": {
                "GID_3": "PHL.61.38.6_1",
                "GID_0": "PHL",
                "COUNTRY": "Philippines",
                "GID_1": "PHL.61_1",
                "NAME_1": "Pangasinan",
                "NL_NAME_1": "NA",
                "GID_2": "PHL.61.38_1",
                "NAME_2": "SanQuintin",
                "NL_NAME_2": "NA",
                "NAME_3": "Cabangaran",
                "VARNAME_3": "NA",
                "NL_NAME_3": "NA",
                "TYPE_3": "Barangay",
                "ENGTYPE_3": "Village",
                "CC_3": "NA",
                "HASC_3": "NA",
                "DISTRICT": 6
            },
            "geometry": {
                "type": "MultiPolygon",
                "coordinates": [
                    [
                        [
                            [
                                120.9006,
                                16.037
                            ],
                            [
                                120.9028,
                                16.0298
                            ],
                            [
                                120.863,
                                16.0154
                            ],
                            [
                                120.8191,
                                16.0023
                            ],
                            [
                                120.8087,
                                15.9965
                            ],
                            [
                                120.8048,
                                16.0096
                            ],
                            [
                                120.8217,
                                16.0116
                            ],
                            [
                                120.8432,
                                16.0169
                            ],
                            [
                                120.8872,
                                16.0304
                            ],
                            [
                                120.9006,
                                16.037
                            ]
                        ]
                    ]
                ]
            }
        },
        {
            "type": "Feature",
            "properties": {
                "GID_3": "PHL.61.38.7_1",
                "GID_0": "PHL",
                "COUNTRY": "Philippines",
                "GID_1": "PHL.61_1",
                "NAME_1": "Pangasinan",
                "NL_NAME_1": "NA",
                "GID_2": "PHL.61.38_1",
                "NAME_2": "SanQuintin",
                "NL_NAME_2": "NA",
                "NAME_3": "Calomboyan",
                "VARNAME_3": "NA",
                "NL_NAME_3": "NA",
                "TYPE_3": "Barangay",
                "ENGTYPE_3": "Village",
                "CC_3": "NA",
                "HASC_3": "NA",
                "DISTRICT": 6
            },
            "geometry": {
                "type": "MultiPolygon",
                "coordinates": [
                    [
                        [
                            [
                                120.8135,
                                15.9831
                            ],
                            [
                                120.8119,
                                15.9847
                            ],
                            [
                                120.8348,
                                15.9886
                            ],
                            [
                                120.835,
                                15.9823
                            ],
                            [
                                120.8204,
                                15.9765
                            ],
                            [
                                120.8135,
                                15.9831
                            ]
                        ]
                    ]
                ]
            }
        },
        {
            "type": "Feature",
            "properties": {
                "GID_3": "PHL.61.38.8_1",
                "GID_0": "PHL",
                "COUNTRY": "Philippines",
                "GID_1": "PHL.61_1",
                "NAME_1": "Pangasinan",
                "NL_NAME_1": "NA",
                "GID_2": "PHL.61.38_1",
                "NAME_2": "SanQuintin",
                "NL_NAME_2": "NA",
                "NAME_3": "Carayacan",
                "VARNAME_3": "NA",
                "NL_NAME_3": "NA",
                "TYPE_3": "Barangay",
                "ENGTYPE_3": "Village",
                "CC_3": "NA",
                "HASC_3": "NA",
                "DISTRICT": 6
            },
            "geometry": {
                "type": "MultiPolygon",
                "coordinates": [
                    [
                        [
                            [
                                120.8344,
                                15.9571
                            ],
                            [
                                120.8273,
                                15.9672
                            ],
                            [
                                120.8174,
                                15.9689
                            ],
                            [
                                120.8079,
                                15.9755
                            ],
                            [
                                120.8111,
                                15.9823
                            ],
                            [
                                120.8135,
                                15.9831
                            ],
                            [
                                120.8204,
                                15.9765
                            ],
                            [
                                120.8294,
                                15.9793
                            ],
                            [
                                120.8437,
                                15.9724
                            ],
                            [
                                120.839,
                                15.9704
                            ],
                            [
                                120.841,
                                15.9584
                            ],
                            [
                                120.8365,
                                15.9586
                            ],
                            [
                                120.8344,
                                15.9571
                            ]
                        ]
                    ]
                ]
            }
        },
        {
            "type": "Feature",
            "properties": {
                "GID_3": "PHL.61.38.9_1",
                "GID_0": "PHL",
                "COUNTRY": "Philippines",
                "GID_1": "PHL.61_1",
                "NAME_1": "Pangasinan",
                "NL_NAME_1": "NA",
                "GID_2": "PHL.61.38_1",
                "NAME_2": "SanQuintin",
                "NL_NAME_2": "NA",
                "NAME_3": "Casantamarian",
                "VARNAME_3": "NA",
                "NL_NAME_3": "NA",
                "TYPE_3": "Barangay",
                "ENGTYPE_3": "Village",
                "CC_3": "NA",
                "HASC_3": "NA",
                "DISTRICT": 6
            },
            "geometry": {
                "type": "MultiPolygon",
                "coordinates": [
                    [
                        [
                            [
                                120.9099,
                                16.0194
                            ],
                            [
                                120.9105,
                                16.0144
                            ],
                            [
                                120.8406,
                                15.9899
                            ],
                            [
                                120.8217,
                                15.986
                            ],
                            [
                                120.818,
                                15.989
                            ],
                            [
                                120.8155,
                                16.0
                            ],
                            [
                                120.8191,
                                16.0023
                            ],
                            [
                                120.863,
                                16.0154
                            ],
                            [
                                120.8938,
                                16.0273
                            ],
                            [
                                120.9028,
                                16.0298
                            ],
                            [
                                120.9099,
                                16.0194
                            ]
                        ]
                    ]
                ]
            }
        },
        {
            "type": "Feature",
            "properties": {
                "GID_3": "PHL.61.38.10_1",
                "GID_0": "PHL",
                "COUNTRY": "Philippines",
                "GID_1": "PHL.61_1",
                "NAME_1": "Pangasinan",
                "NL_NAME_1": "NA",
                "GID_2": "PHL.61.38_1",
                "NAME_2": "SanQuintin",
                "NL_NAME_2": "NA",
                "NAME_3": "Gonzalo",
                "VARNAME_3": "NA",
                "NL_NAME_3": "NA",
                "TYPE_3": "Barangay",
                "ENGTYPE_3": "Village",
                "CC_3": "NA",
                "HASC_3": "NA",
                "DISTRICT": 6
            },
            "geometry": {
                "type": "MultiPolygon",
                "coordinates": [
                    [
                        [
                            [
                                120.9105,
                                16.0144
                            ],
                            [
                                120.9114,
                                16.0111
                            ],
                            [
                                120.8632,
                                15.9858
                            ],
                            [
                                120.8524,
                                15.9767
                            ],
                            [
                                120.8437,
                                15.9724
                            ],
                            [
                                120.8294,
                                15.9793
                            ],
                            [
                                120.835,
                                15.9823
                            ],
                            [
                                120.8348,
                                15.9886
                            ],
                            [
                                120.9105,
                                16.0144
                            ]
                        ]
                    ]
                ]
            }
        },
        {
            "type": "Feature",
            "properties": {
                "GID_3": "PHL.61.38.11_1",
                "GID_0": "PHL",
                "COUNTRY": "Philippines",
                "GID_1": "PHL.61_1",
                "NAME_1": "Pangasinan",
                "NL_NAME_1": "NA",
                "GID_2": "PHL.61.38_1",
                "NAME_2": "SanQuintin",
                "NL_NAME_2": "NA",
                "NAME_3": "Labuan",
                "VARNAME_3": "NA",
                "NL_NAME_3": "NA",
                "TYPE_3": "Barangay",
                "ENGTYPE_3": "Village",
                "CC_3": "NA",
                "HASC_3": "NA",
                "DISTRICT": 6
            },
            "geometry": {
                "type": "MultiPolygon",
                "coordinates": [
                    [
                        [
                            [
                                120.7198,
                                15.9434
                            ],
                            [
                                120.7179,
                                15.943
                            ],
                            [
                                120.7318,
                                15.9565
                            ],
                            [
                                120.7374,
                                15.9567
                            ],
                            [
                                120.7404,
                                15.9511
                            ],
                            [
                                120.743,
                                15.9495
                            ],
                            [
                                120.7439,
                                15.946
                            ],
                            [
                                120.7198,
                                15.9434
                            ]
                        ]
                    ]
                ]
            }
        },
        {
            "type": "Feature",
            "properties": {
                "GID_3": "PHL.61.38.12_1",
                "GID_0": "PHL",
                "COUNTRY": "Philippines",
                "GID_1": "PHL.61_1",
                "NAME_1": "Pangasinan",
                "NL_NAME_1": "NA",
                "GID_2": "PHL.61.38_1",
                "NAME_2": "SanQuintin",
                "NL_NAME_2": "NA",
                "NAME_3": "Lagasit",
                "VARNAME_3": "NA",
                "NL_NAME_3": "NA",
                "TYPE_3": "Barangay",
                "ENGTYPE_3": "Village",
                "CC_3": "NA",
                "HASC_3": "NA",
                "DISTRICT": 6
            },
            "geometry": {
                "type": "MultiPolygon",
                "coordinates": [
                    [
                        [
                            [
                                120.7896,
                                16.0053
                            ],
                            [
                                120.8005,
                                16.0111
                            ],
                            [
                                120.7948,
                                16.0036
                            ],
                            [
                                120.7879,
                                15.9989
                            ],
                            [
                                120.7895,
                                15.9963
                            ],
                            [
                                120.8034,
                                15.9907
                            ],
                            [
                                120.8034,
                                15.9882
                            ],
                            [
                                120.7833,
                                15.984
                            ],
                            [
                                120.7814,
                                15.987
                            ],
                            [
                                120.7837,
                                15.9968
                            ],
                            [
                                120.7828,
                                16.0023
                            ],
                            [
                                120.7896,
                                16.0053
                            ]
                        ]
                    ]
                ]
            }
        },
        {
            "type": "Feature",
            "properties": {
                "GID_3": "PHL.61.38.13_1",
                "GID_0": "PHL",
                "COUNTRY": "Philippines",
                "GID_1": "PHL.61_1",
                "NAME_1": "Pangasinan",
                "NL_NAME_1": "NA",
                "GID_2": "PHL.61.38_1",
                "NAME_2": "SanQuintin",
                "NL_NAME_2": "NA",
                "NAME_3": "Lumayao",
                "VARNAME_3": "NA",
                "NL_NAME_3": "NA",
                "TYPE_3": "Barangay",
                "ENGTYPE_3": "Village",
                "CC_3": "NA",
                "HASC_3": "NA",
                "DISTRICT": 6
            },
            "geometry": {
                "type": "MultiPolygon",
                "coordinates": [
                    [
                        [
                            [
                                120.7301,
                                15.9587
                            ],
                            [
                                120.7259,
                                15.9633
                            ],
                            [
                                120.7295,
                                15.9672
                            ],
                            [
                                120.7385,
                                15.967
                            ],
                            [
                                120.741,
                                15.969
                            ],
                            [
                                120.7504,
                                15.9701
                            ],
                            [
                                120.7635,
                                15.9768
                            ],
                            [
                                120.7682,
                                15.9707
                            ],
                            [
                                120.74,
                                15.9632
                            ],
                            [
                                120.7301,
                                15.9587
                            ]
                        ]
                    ]
                ]
            }
        },
        {
            "type": "Feature",
            "properties": {
                "GID_3": "PHL.61.38.14_1",
                "GID_0": "PHL",
                "COUNTRY": "Philippines",
                "GID_1": "PHL.61_1",
                "NAME_1": "Pangasinan",
                "NL_NAME_1": "NA",
                "GID_2": "PHL.61.38_1",
                "NAME_2": "SanQuintin",
                "NL_NAME_2": "NA",
                "NAME_3": "Mabini",
                "VARNAME_3": "NA",
                "NL_NAME_3": "NA",
                "TYPE_3": "Barangay",
                "ENGTYPE_3": "Village",
                "CC_3": "NA",
                "HASC_3": "NA",
                "DISTRICT": 6
            },
            "geometry": {
                "type": "MultiPolygon",
                "coordinates": [
                    [
                        [
                            [
                                120.8902,
                                16.054
                            ],
                            [
                                120.9006,
                                16.037
                            ],
                            [
                                120.8872,
                                16.0304
                            ],
                            [
                                120.8432,
                                16.0169
                            ],
                            [
                                120.8217,
                                16.0116
                            ],
                            [
                                120.8048,
                                16.0096
                            ],
                            [
                                120.804,
                                16.0126
                            ],
                            [
                                120.8902,
                                16.054
                            ]
                        ]
                    ]
                ]
            }
        },
        {
            "type": "Feature",
            "properties": {
                "GID_3": "PHL.61.38.15_1",
                "GID_0": "PHL",
                "COUNTRY": "Philippines",
                "GID_1": "PHL.61_1",
                "NAME_1": "Pangasinan",
                "NL_NAME_1": "NA",
                "GID_2": "PHL.61.38_1",
                "NAME_2": "SanQuintin",
                "NL_NAME_2": "NA",
                "NAME_3": "Mantacdang",
                "VARNAME_3": "NA",
                "NL_NAME_3": "NA",
                "TYPE_3": "Barangay",
                "ENGTYPE_3": "Village",
                "CC_3": "NA",
                "HASC_3": "NA",
                "DISTRICT": 6
            },
            "geometry": {
                "type": "MultiPolygon",
                "coordinates": [
                    [
                        [
                            [
                                120.7318,
                                15.9565
                            ],
                            [
                                120.7301,
                                15.9587
                            ],
                            [
                                120.74,
                                15.9632
                            ],
                            [
                                120.7653,
                                15.9696
                            ],
                            [
                                120.7786,
                                15.9757
                            ],
                            [
                                120.7848,
                                15.975
                            ],
                            [
                                120.7877,
                                15.9705
                            ],
                            [
                                120.7881,
                                15.9653
                            ],
                            [
                                120.7963,
                                15.9622
                            ],
                            [
                                120.7914,
                                15.9515
                            ],
                            [
                                120.7591,
                                15.9463
                            ],
                            [
                                120.7479,
                                15.9472
                            ],
                            [
                                120.7439,
                                15.946
                            ],
                            [
                                120.743,
                                15.9495
                            ],
                            [
                                120.7404,
                                15.9511
                            ],
                            [
                                120.7374,
                                15.9567
                            ],
                            [
                                120.7318,
                                15.9565
                            ]
                        ]
                    ]
                ]
            }
        },
        {
            "type": "Feature",
            "properties": {
                "GID_3": "PHL.61.38.16_1",
                "GID_0": "PHL",
                "COUNTRY": "Philippines",
                "GID_1": "PHL.61_1",
                "NAME_1": "Pangasinan",
                "NL_NAME_1": "NA",
                "GID_2": "PHL.61.38_1",
                "NAME_2": "SanQuintin",
                "NL_NAME_2": "NA",
                "NAME_3": "Nangapugan",
                "VARNAME_3": "NA",
                "NL_NAME_3": "NA",
                "TYPE_3": "Barangay",
                "ENGTYPE_3": "Village",
                "CC_3": "NA",
                "HASC_3": "NA",
                "DISTRICT": 6
            },
            "geometry": {
                "type": "MultiPolygon",
                "coordinates": [
                    [
                        [
                            [
                                120.9114,
                                16.0111
                            ],
                            [
                                120.9166,
                                15.9926
                            ],
                            [
                                120.8534,
                                15.9644
                            ],
                            [
                                120.8443,
                                15.9587
                            ],
                            [
                                120.841,
                                15.9584
                            ],
                            [
                                120.839,
                                15.9704
                            ],
                            [
                                120.8524,
                                15.9767
                            ],
                            [
                                120.8632,
                                15.9858
                            ],
                            [
                                120.8759,
                                15.9931
                            ],
                            [
                                120.9114,
                                16.0111
                            ]
                        ]
                    ]
                ]
            }
        },
        {
            "type": "Feature",
            "properties": {
                "GID_3": "PHL.61.38.17_1",
                "GID_0": "PHL",
                "COUNTRY": "Philippines",
                "GID_1": "PHL.61_1",
                "NAME_1": "Pangasinan",
                "NL_NAME_1": "NA",
                "GID_2": "PHL.61.38_1",
                "NAME_2": "SanQuintin",
                "NL_NAME_2": "NA",
                "NAME_3": "PoblacionZoneI",
                "VARNAME_3": "NA",
                "NL_NAME_3": "NA",
                "TYPE_3": "Barangay",
                "ENGTYPE_3": "Village",
                "CC_3": "NA",
                "HASC_3": "NA",
                "DISTRICT": 6
            },
            "geometry": {
                "type": "MultiPolygon",
                "coordinates": [
                    [
                        [
                            [
                                120.8008,
                                15.9924
                            ],
                            [
                                120.8101,
                                15.9911
                            ],
                            [
                                120.8119,
                                15.9847
                            ],
                            [
                                120.8039,
                                15.9836
                            ],
                            [
                                120.8034,
                                15.9907
                            ],
                            [
                                120.8008,
                                15.9924
                            ]
                        ]
                    ]
                ]
            }
        },
        {
            "type": "Feature",
            "properties": {
                "GID_3": "PHL.61.38.18_1",
                "GID_0": "PHL",
                "COUNTRY": "Philippines",
                "GID_1": "PHL.61_1",
                "NAME_1": "Pangasinan",
                "NL_NAME_1": "NA",
                "GID_2": "PHL.61.38_1",
                "NAME_2": "SanQuintin",
                "NL_NAME_2": "NA",
                "NAME_3": "PoblacionZoneII",
                "VARNAME_3": "NA",
                "NL_NAME_3": "NA",
                "TYPE_3": "Barangay",
                "ENGTYPE_3": "Village",
                "CC_3": "NA",
                "HASC_3": "NA",
                "DISTRICT": 6
            },
            "geometry": {
                "type": "MultiPolygon",
                "coordinates": [
                    [
                        [
                            [
                                120.8201,
                                15.986
                            ],
                            [
                                120.8119,
                                15.9847
                            ],
                            [
                                120.8101,
                                15.9911
                            ],
                            [
                                120.8172,
                                15.9925
                            ],
                            [
                                120.8201,
                                15.986
                            ]
                        ]
                    ]
                ]
            }
        },
        {
            "type": "Feature",
            "properties": {
                "GID_3": "PHL.61.38.19_1",
                "GID_0": "PHL",
                "COUNTRY": "Philippines",
                "GID_1": "PHL.61_1",
                "NAME_1": "Pangasinan",
                "NL_NAME_1": "NA",
                "GID_2": "PHL.61.38_1",
                "NAME_2": "SanQuintin",
                "NL_NAME_2": "NA",
                "NAME_3": "PoblacionZoneIII",
                "VARNAME_3": "NA",
                "NL_NAME_3": "NA",
                "TYPE_3": "Barangay",
                "ENGTYPE_3": "Village",
                "CC_3": "NA",
                "HASC_3": "NA",
                "DISTRICT": 6
            },
            "geometry": {
                "type": "MultiPolygon",
                "coordinates": [
                    [
                        [
                            [
                                120.8101,
                                15.9911
                            ],
                            [
                                120.8087,
                                15.9965
                            ],
                            [
                                120.8155,
                                16.0
                            ],
                            [
                                120.8172,
                                15.9925
                            ],
                            [
                                120.8101,
                                15.9911
                            ]
                        ]
                    ]
                ]
            }
        },
        {
            "type": "Feature",
            "properties": {
                "GID_3": "PHL.61.38.20_1",
                "GID_0": "PHL",
                "COUNTRY": "Philippines",
                "GID_1": "PHL.61_1",
                "NAME_1": "Pangasinan",
                "NL_NAME_1": "NA",
                "GID_2": "PHL.61.38_1",
                "NAME_2": "SanQuintin",
                "NL_NAME_2": "NA",
                "NAME_3": "SanPedro",
                "VARNAME_3": "NA",
                "NL_NAME_3": "NA",
                "TYPE_3": "Barangay",
                "ENGTYPE_3": "Village",
                "CC_3": "NA",
                "HASC_3": "NA",
                "DISTRICT": 6
            },
            "geometry": {
                "type": "MultiPolygon",
                "coordinates": [
                    [
                        [
                            [
                                120.8174,
                                15.9689
                            ],
                            [
                                120.8098,
                                15.9613
                            ],
                            [
                                120.7978,
                                15.9646
                            ],
                            [
                                120.7963,
                                15.9622
                            ],
                            [
                                120.7881,
                                15.9653
                            ],
                            [
                                120.7877,
                                15.9705
                            ],
                            [
                                120.7848,
                                15.975
                            ],
                            [
                                120.7911,
                                15.9785
                            ],
                            [
                                120.7977,
                                15.9736
                            ],
                            [
                                120.8079,
                                15.9755
                            ],
                            [
                                120.8174,
                                15.9689
                            ]
                        ]
                    ]
                ]
            }
        },
        {
            "type": "Feature",
            "properties": {
                "GID_3": "PHL.61.38.21_1",
                "GID_0": "PHL",
                "COUNTRY": "Philippines",
                "GID_1": "PHL.61_1",
                "NAME_1": "Pangasinan",
                "NL_NAME_1": "NA",
                "GID_2": "PHL.61.38_1",
                "NAME_2": "SanQuintin",
                "NL_NAME_2": "NA",
                "NAME_3": "Ungib",
                "VARNAME_3": "NA",
                "NL_NAME_3": "NA",
                "TYPE_3": "Barangay",
                "ENGTYPE_3": "Village",
                "CC_3": "NA",
                "HASC_3": "NA",
                "DISTRICT": 6
            },
            "geometry": {
                "type": "MultiPolygon",
                "coordinates": [
                    [
                        [
                            [
                                120.7911,
                                15.9785
                            ],
                            [
                                120.7999,
                                15.9829
                            ],
                            [
                                120.8054,
                                15.9839
                            ],
                            [
                                120.8014,
                                15.9735
                            ],
                            [
                                120.7977,
                                15.9736
                            ],
                            [
                                120.7911,
                                15.9785
                            ]
                        ]
                    ]
                ]
            }
        },
        {
            "type": "Feature",
            "properties": {
                "GID_3": "PHL.61.40.1_1",
                "GID_0": "PHL",
                "COUNTRY": "Philippines",
                "GID_1": "PHL.61_1",
                "NAME_1": "Pangasinan",
                "NL_NAME_1": "NA",
                "GID_2": "PHL.61.40_1",
                "NAME_2": "SantaMaria",
                "NL_NAME_2": "NA",
                "NAME_3": "Bal-Loy",
                "VARNAME_3": "NA",
                "NL_NAME_3": "NA",
                "TYPE_3": "Barangay",
                "ENGTYPE_3": "Village",
                "CC_3": "NA",
                "HASC_3": "NA",
                "DISTRICT": 6
            },
            "geometry": {
                "type": "MultiPolygon",
                "coordinates": [
                    [
                        [
                            [
                                120.73,
                                15.9833
                            ],
                            [
                                120.7114,
                                15.9713
                            ],
                            [
                                120.7052,
                                15.9758
                            ],
                            [
                                120.7242,
                                15.9889
                            ],
                            [
                                120.73,
                                15.9833
                            ]
                        ]
                    ]
                ]
            }
        },
        {
            "type": "Feature",
            "properties": {
                "GID_3": "PHL.61.40.2_1",
                "GID_0": "PHL",
                "COUNTRY": "Philippines",
                "GID_1": "PHL.61_1",
                "NAME_1": "Pangasinan",
                "NL_NAME_1": "NA",
                "GID_2": "PHL.61.40_1",
                "NAME_2": "SantaMaria",
                "NL_NAME_2": "NA",
                "NAME_3": "Bantog",
                "VARNAME_3": "NA",
                "NL_NAME_3": "NA",
                "TYPE_3": "Barangay",
                "ENGTYPE_3": "Village",
                "CC_3": "NA",
                "HASC_3": "NA",
                "DISTRICT": 6
            },
            "geometry": {
                "type": "MultiPolygon",
                "coordinates": [
                    [
                        [
                            [
                                120.6997,
                                15.9672
                            ],
                            [
                                120.6986,
                                15.964
                            ],
                            [
                                120.6906,
                                15.9594
                            ],
                            [
                                120.6844,
                                15.9737
                            ],
                            [
                                120.6935,
                                15.9798
                            ],
                            [
                                120.6997,
                                15.9672
                            ]
                        ]
                    ]
                ]
            }
        },
        {
            "type": "Feature",
            "properties": {
                "GID_3": "PHL.61.40.3_1",
                "GID_0": "PHL",
                "COUNTRY": "Philippines",
                "GID_1": "PHL.61_1",
                "NAME_1": "Pangasinan",
                "NL_NAME_1": "NA",
                "GID_2": "PHL.61.40_1",
                "NAME_2": "SantaMaria",
                "NL_NAME_2": "NA",
                "NAME_3": "Caboluan",
                "VARNAME_3": "NA",
                "NL_NAME_3": "NA",
                "TYPE_3": "Barangay",
                "ENGTYPE_3": "Village",
                "CC_3": "NA",
                "HASC_3": "NA",
                "DISTRICT": 6
            },
            "geometry": {
                "type": "MultiPolygon",
                "coordinates": [
                    [
                        [
                            [
                                120.726,
                                15.9643
                            ],
                            [
                                120.7168,
                                15.96
                            ],
                            [
                                120.7151,
                                15.9669
                            ],
                            [
                                120.7234,
                                15.971
                            ],
                            [
                                120.726,
                                15.9643
                            ]
                        ]
                    ]
                ]
            }
        },
        {
            "type": "Feature",
            "properties": {
                "GID_3": "PHL.61.40.4_1",
                "GID_0": "PHL",
                "COUNTRY": "Philippines",
                "GID_1": "PHL.61_1",
                "NAME_1": "Pangasinan",
                "NL_NAME_1": "NA",
                "GID_2": "PHL.61.40_1",
                "NAME_2": "SantaMaria",
                "NL_NAME_2": "NA",
                "NAME_3": "Cal-Litang",
                "VARNAME_3": "NA",
                "NL_NAME_3": "NA",
                "TYPE_3": "Barangay",
                "ENGTYPE_3": "Village",
                "CC_3": "NA",
                "HASC_3": "NA",
                "DISTRICT": 6
            },
            "geometry": {
                "type": "MultiPolygon",
                "coordinates": [
                    [
                        [
                            [
                                120.6472,
                                15.9487
                            ],
                            [
                                120.648,
                                15.9519
                            ],
                            [
                                120.644,
                                15.9566
                            ],
                            [
                                120.6536,
                                15.9565
                            ],
                            [
                                120.662,
                                15.9439
                            ],
                            [
                                120.6576,
                                15.9395
                            ],
                            [
                                120.6533,
                                15.9384
                            ],
                            [
                                120.6472,
                                15.9487
                            ]
                        ]
                    ]
                ]
            }
        },
        {
            "type": "Feature",
            "properties": {
                "GID_3": "PHL.61.40.5_1",
                "GID_0": "PHL",
                "COUNTRY": "Philippines",
                "GID_1": "PHL.61_1",
                "NAME_1": "Pangasinan",
                "NL_NAME_1": "NA",
                "GID_2": "PHL.61.40_1",
                "NAME_2": "SantaMaria",
                "NL_NAME_2": "NA",
                "NAME_3": "Capandanan",
                "VARNAME_3": "NA",
                "NL_NAME_3": "NA",
                "TYPE_3": "Barangay",
                "ENGTYPE_3": "Village",
                "CC_3": "NA",
                "HASC_3": "NA",
                "DISTRICT": 6
            },
            "geometry": {
                "type": "MultiPolygon",
                "coordinates": [
                    [
                        [
                            [
                                120.6747,
                                15.9544
                            ],
                            [
                                120.6704,
                                15.9629
                            ],
                            [
                                120.6814,
                                15.9715
                            ],
                            [
                                120.6813,
                                15.9642
                            ],
                            [
                                120.6747,
                                15.9544
                            ]
                        ]
                    ]
                ]
            }
        },
        {
            "type": "Feature",
            "properties": {
                "GID_3": "PHL.61.40.6_1",
                "GID_0": "PHL",
                "COUNTRY": "Philippines",
                "GID_1": "PHL.61_1",
                "NAME_1": "Pangasinan",
                "NL_NAME_1": "NA",
                "GID_2": "PHL.61.40_1",
                "NAME_2": "SantaMaria",
                "NL_NAME_2": "NA",
                "NAME_3": "Cauplasan",
                "VARNAME_3": "NA",
                "NL_NAME_3": "NA",
                "TYPE_3": "Barangay",
                "ENGTYPE_3": "Village",
                "CC_3": "NA",
                "HASC_3": "NA",
                "DISTRICT": 6
            },
            "geometry": {
                "type": "MultiPolygon",
                "coordinates": [
                    [
                        [
                            [
                                120.6532,
                                15.9774
                            ],
                            [
                                120.6639,
                                15.9817
                            ],
                            [
                                120.6669,
                                15.9691
                            ],
                            [
                                120.6747,
                                15.9544
                            ],
                            [
                                120.6753,
                                15.9516
                            ],
                            [
                                120.6732,
                                15.9507
                            ],
                            [
                                120.6745,
                                15.9496
                            ],
                            [
                                120.6685,
                                15.9491
                            ],
                            [
                                120.6634,
                                15.9549
                            ],
                            [
                                120.6532,
                                15.9774
                            ]
                        ]
                    ]
                ]
            }
        },
        {
            "type": "Feature",
            "properties": {
                "GID_3": "PHL.61.40.7_1",
                "GID_0": "PHL",
                "COUNTRY": "Philippines",
                "GID_1": "PHL.61_1",
                "NAME_1": "Pangasinan",
                "NL_NAME_1": "NA",
                "GID_2": "PHL.61.40_1",
                "NAME_2": "SantaMaria",
                "NL_NAME_2": "NA",
                "NAME_3": "Dalayap",
                "VARNAME_3": "NA",
                "NL_NAME_3": "NA",
                "TYPE_3": "Barangay",
                "ENGTYPE_3": "Village",
                "CC_3": "NA",
                "HASC_3": "NA",
                "DISTRICT": 6
            },
            "geometry": {
                "type": "MultiPolygon",
                "coordinates": [
                    [
                        [
                            [
                                120.6906,
                                15.9594
                            ],
                            [
                                120.6986,
                                15.964
                            ],
                            [
                                120.6997,
                                15.9672
                            ],
                            [
                                120.7041,
                                15.9651
                            ],
                            [
                                120.7063,
                                15.9545
                            ],
                            [
                                120.6938,
                                15.9522
                            ],
                            [
                                120.6906,
                                15.9594
                            ]
                        ]
                    ]
                ]
            }
        },
        {
            "type": "Feature",
            "properties": {
                "GID_3": "PHL.61.40.8_1",
                "GID_0": "PHL",
                "COUNTRY": "Philippines",
                "GID_1": "PHL.61_1",
                "NAME_1": "Pangasinan",
                "NL_NAME_1": "NA",
                "GID_2": "PHL.61.40_1",
                "NAME_2": "SantaMaria",
                "NL_NAME_2": "NA",
                "NAME_3": "Libsong",
                "VARNAME_3": "NA",
                "NL_NAME_3": "NA",
                "TYPE_3": "Barangay",
                "ENGTYPE_3": "Village",
                "CC_3": "NA",
                "HASC_3": "NA",
                "DISTRICT": 6
            },
            "geometry": {
                "type": "MultiPolygon",
                "coordinates": [
                    [
                        [
                            [
                                120.7259,
                                15.9633
                            ],
                            [
                                120.7225,
                                15.9586
                            ],
                            [
                                120.7197,
                                15.9518
                            ],
                            [
                                120.7168,
                                15.96
                            ],
                            [
                                120.7259,
                                15.9633
                            ]
                        ]
                    ]
                ]
            }
        },
        {
            "type": "Feature",
            "properties": {
                "GID_3": "PHL.61.40.9_1",
                "GID_0": "PHL",
                "COUNTRY": "Philippines",
                "GID_1": "PHL.61_1",
                "NAME_1": "Pangasinan",
                "NL_NAME_1": "NA",
                "GID_2": "PHL.61.40_1",
                "NAME_2": "SantaMaria",
                "NL_NAME_2": "NA",
                "NAME_3": "Namagbagan",
                "VARNAME_3": "NA",
                "NL_NAME_3": "NA",
                "TYPE_3": "Barangay",
                "ENGTYPE_3": "Village",
                "CC_3": "NA",
                "HASC_3": "NA",
                "DISTRICT": 6
            },
            "geometry": {
                "type": "MultiPolygon",
                "coordinates": [
                    [
                        [
                            [
                                120.6947,
                                15.9457
                            ],
                            [
                                120.6911,
                                15.9446
                            ],
                            [
                                120.6851,
                                15.9492
                            ],
                            [
                                120.6792,
                                15.9511
                            ],
                            [
                                120.6745,
                                15.9496
                            ],
                            [
                                120.6732,
                                15.9507
                            ],
                            [
                                120.6753,
                                15.9516
                            ],
                            [
                                120.6747,
                                15.9544
                            ],
                            [
                                120.6813,
                                15.9642
                            ],
                            [
                                120.6814,
                                15.9715
                            ],
                            [
                                120.6844,
                                15.9737
                            ],
                            [
                                120.6925,
                                15.9568
                            ],
                            [
                                120.6947,
                                15.9457
                            ]
                        ]
                    ]
                ]
            }
        },
        {
            "type": "Feature",
            "properties": {
                "GID_3": "PHL.61.40.10_1",
                "GID_0": "PHL",
                "COUNTRY": "Philippines",
                "GID_1": "PHL.61_1",
                "NAME_1": "Pangasinan",
                "NL_NAME_1": "NA",
                "GID_2": "PHL.61.40_1",
                "NAME_2": "SantaMaria",
                "NL_NAME_2": "NA",
                "NAME_3": "Paitan",
                "VARNAME_3": "NA",
                "NL_NAME_3": "NA",
                "TYPE_3": "Barangay",
                "ENGTYPE_3": "Village",
                "CC_3": "NA",
                "HASC_3": "NA",
                "DISTRICT": 6
            },
            "geometry": {
                "type": "MultiPolygon",
                "coordinates": [
                    [
                        [
                            [
                                120.6645,
                                15.982
                            ],
                            [
                                120.6673,
                                15.9857
                            ],
                            [
                                120.6822,
                                15.9842
                            ],
                            [
                                120.6844,
                                15.9737
                            ],
                            [
                                120.6704,
                                15.9629
                            ],
                            [
                                120.6669,
                                15.9691
                            ],
                            [
                                120.6645,
                                15.982
                            ]
                        ]
                    ]
                ]
            }
        },
        {
            "type": "Feature",
            "properties": {
                "GID_3": "PHL.61.40.11_1",
                "GID_0": "PHL",
                "COUNTRY": "Philippines",
                "GID_1": "PHL.61_1",
                "NAME_1": "Pangasinan",
                "NL_NAME_1": "NA",
                "GID_2": "PHL.61.40_1",
                "NAME_2": "SantaMaria",
                "NL_NAME_2": "NA",
                "NAME_3": "Pataquid",
                "VARNAME_3": "NA",
                "NL_NAME_3": "NA",
                "TYPE_3": "Barangay",
                "ENGTYPE_3": "Village",
                "CC_3": "NA",
                "HASC_3": "NA",
                "DISTRICT": 6
            },
            "geometry": {
                "type": "MultiPolygon",
                "coordinates": [
                    [
                        [
                            [
                                120.7425,
                                15.9691
                            ],
                            [
                                120.7385,
                                15.967
                            ],
                            [
                                120.7295,
                                15.9672
                            ],
                            [
                                120.7263,
                                15.9639
                            ],
                            [
                                120.7234,
                                15.971
                            ],
                            [
                                120.7156,
                                15.9671
                            ],
                            [
                                120.7114,
                                15.9713
                            ],
                            [
                                120.73,
                                15.9833
                            ],
                            [
                                120.7425,
                                15.9691
                            ]
                        ]
                    ]
                ]
            }
        },
        {
            "type": "Feature",
            "properties": {
                "GID_3": "PHL.61.40.12_1",
                "GID_0": "PHL",
                "COUNTRY": "Philippines",
                "GID_1": "PHL.61_1",
                "NAME_1": "Pangasinan",
                "NL_NAME_1": "NA",
                "GID_2": "PHL.61.40_1",
                "NAME_2": "SantaMaria",
                "NL_NAME_2": "NA",
                "NAME_3": "Pilar",
                "VARNAME_3": "NA",
                "NL_NAME_3": "NA",
                "TYPE_3": "Barangay",
                "ENGTYPE_3": "Village",
                "CC_3": "NA",
                "HASC_3": "NA",
                "DISTRICT": 6
            },
            "geometry": {
                "type": "MultiPolygon",
                "coordinates": [
                    [
                        [
                            [
                                120.6495,
                                15.9742
                            ],
                            [
                                120.6532,
                                15.9774
                            ],
                            [
                                120.6603,
                                15.9603
                            ],
                            [
                                120.6676,
                                15.9495
                            ],
                            [
                                120.6598,
                                15.948
                            ],
                            [
                                120.6536,
                                15.9565
                            ],
                            [
                                120.644,
                                15.9566
                            ],
                            [
                                120.6394,
                                15.9622
                            ],
                            [
                                120.6381,
                                15.9652
                            ],
                            [
                                120.6393,
                                15.9697
                            ],
                            [
                                120.6495,
                                15.9742
                            ]
                        ]
                    ]
                ]
            }
        },
        {
            "type": "Feature",
            "properties": {
                "GID_3": "PHL.61.40.13_1",
                "GID_0": "PHL",
                "COUNTRY": "Philippines",
                "GID_1": "PHL.61_1",
                "NAME_1": "Pangasinan",
                "NL_NAME_1": "NA",
                "GID_2": "PHL.61.40_1",
                "NAME_2": "SantaMaria",
                "NL_NAME_2": "NA",
                "NAME_3": "PoblacionEast",
                "VARNAME_3": "NA",
                "NL_NAME_3": "NA",
                "TYPE_3": "Barangay",
                "ENGTYPE_3": "Village",
                "CC_3": "NA",
                "HASC_3": "NA",
                "DISTRICT": 6
            },
            "geometry": {
                "type": "MultiPolygon",
                "coordinates": [
                    [
                        [
                            [
                                120.6945,
                                15.9773
                            ],
                            [
                                120.6935,
                                15.9798
                            ],
                            [
                                120.6992,
                                15.9889
                            ],
                            [
                                120.6994,
                                15.9817
                            ],
                            [
                                120.6945,
                                15.9773
                            ]
                        ]
                    ]
                ]
            }
        },
        {
            "type": "Feature",
            "properties": {
                "GID_3": "PHL.61.40.14_1",
                "GID_0": "PHL",
                "COUNTRY": "Philippines",
                "GID_1": "PHL.61_1",
                "NAME_1": "Pangasinan",
                "NL_NAME_1": "NA",
                "GID_2": "PHL.61.40_1",
                "NAME_2": "SantaMaria",
                "NL_NAME_2": "NA",
                "NAME_3": "PoblacionWest",
                "VARNAME_3": "NA",
                "NL_NAME_3": "NA",
                "TYPE_3": "Barangay",
                "ENGTYPE_3": "Village",
                "CC_3": "NA",
                "HASC_3": "NA",
                "DISTRICT": 6
            },
            "geometry": {
                "type": "MultiPolygon",
                "coordinates": [
                    [
                        [
                            [
                                120.6935,
                                15.9798
                            ],
                            [
                                120.6904,
                                15.9787
                            ],
                            [
                                120.6892,
                                15.9839
                            ],
                            [
                                120.6957,
                                15.9827
                            ],
                            [
                                120.6935,
                                15.9798
                            ]
                        ]
                    ]
                ]
            }
        },
        {
            "type": "Feature",
            "properties": {
                "GID_3": "PHL.61.40.15_1",
                "GID_0": "PHL",
                "COUNTRY": "Philippines",
                "GID_1": "PHL.61_1",
                "NAME_1": "Pangasinan",
                "NL_NAME_1": "NA",
                "GID_2": "PHL.61.40_1",
                "NAME_2": "SantaMaria",
                "NL_NAME_2": "NA",
                "NAME_3": "Pugot",
                "VARNAME_3": "NA",
                "NL_NAME_3": "NA",
                "TYPE_3": "Barangay",
                "ENGTYPE_3": "Village",
                "CC_3": "NA",
                "HASC_3": "NA",
                "DISTRICT": 6
            },
            "geometry": {
                "type": "MultiPolygon",
                "coordinates": [
                    [
                        [
                            [
                                120.76,
                                15.9741
                            ],
                            [
                                120.7504,
                                15.9701
                            ],
                            [
                                120.7425,
                                15.9691
                            ],
                            [
                                120.7341,
                                15.9796
                            ],
                            [
                                120.709,
                                16.002
                            ],
                            [
                                120.7256,
                                16.0011
                            ],
                            [
                                120.753,
                                15.9818
                            ],
                            [
                                120.76,
                                15.9741
                            ]
                        ]
                    ]
                ]
            }
        },
        {
            "type": "Feature",
            "properties": {
                "GID_3": "PHL.61.40.16_1",
                "GID_0": "PHL",
                "COUNTRY": "Philippines",
                "GID_1": "PHL.61_1",
                "NAME_1": "Pangasinan",
                "NL_NAME_1": "NA",
                "GID_2": "PHL.61.40_1",
                "NAME_2": "SantaMaria",
                "NL_NAME_2": "NA",
                "NAME_3": "Samon",
                "VARNAME_3": "NA",
                "NL_NAME_3": "NA",
                "TYPE_3": "Barangay",
                "ENGTYPE_3": "Village",
                "CC_3": "NA",
                "HASC_3": "NA",
                "DISTRICT": 6
            },
            "geometry": {
                "type": "MultiPolygon",
                "coordinates": [
                    [
                        [
                            [
                                120.6302,
                                15.9495
                            ],
                            [
                                120.6321,
                                15.9502
                            ],
                            [
                                120.6433,
                                15.9465
                            ],
                            [
                                120.6472,
                                15.9487
                            ],
                            [
                                120.6533,
                                15.9384
                            ],
                            [
                                120.6421,
                                15.931
                            ],
                            [
                                120.6407,
                                15.932
                            ],
                            [
                                120.635,
                                15.9294
                            ],
                            [
                                120.6394,
                                15.9385
                            ],
                            [
                                120.6302,
                                15.9495
                            ]
                        ]
                    ]
                ]
            }
        },
        {
            "type": "Feature",
            "properties": {
                "GID_3": "PHL.61.40.17_1",
                "GID_0": "PHL",
                "COUNTRY": "Philippines",
                "GID_1": "PHL.61_1",
                "NAME_1": "Pangasinan",
                "NL_NAME_1": "NA",
                "GID_2": "PHL.61.40_1",
                "NAME_2": "SantaMaria",
                "NL_NAME_2": "NA",
                "NAME_3": "SanAlejandro",
                "VARNAME_3": "NA",
                "NL_NAME_3": "NA",
                "TYPE_3": "Barangay",
                "ENGTYPE_3": "Village",
                "CC_3": "NA",
                "HASC_3": "NA",
                "DISTRICT": 6
            },
            "geometry": {
                "type": "MultiPolygon",
                "coordinates": [
                    [
                        [
                            [
                                120.6958,
                                15.9751
                            ],
                            [
                                120.6945,
                                15.9773
                            ],
                            [
                                120.6994,
                                15.9817
                            ],
                            [
                                120.6998,
                                15.9852
                            ],
                            [
                                120.704,
                                15.9771
                            ],
                            [
                                120.6958,
                                15.9751
                            ]
                        ]
                    ]
                ]
            }
        },
        {
            "type": "Feature",
            "properties": {
                "GID_3": "PHL.61.40.18_1",
                "GID_0": "PHL",
                "COUNTRY": "Philippines",
                "GID_1": "PHL.61_1",
                "NAME_1": "Pangasinan",
                "NL_NAME_1": "NA",
                "GID_2": "PHL.61.40_1",
                "NAME_2": "SantaMaria",
                "NL_NAME_2": "NA",
                "NAME_3": "SanMariano",
                "VARNAME_3": "NA",
                "NL_NAME_3": "NA",
                "TYPE_3": "Barangay",
                "ENGTYPE_3": "Village",
                "CC_3": "NA",
                "HASC_3": "NA",
                "DISTRICT": 6
            },
            "geometry": {
                "type": "MultiPolygon",
                "coordinates": [
                    [
                        [
                            [
                                120.7242,
                                15.9889
                            ],
                            [
                                120.7052,
                                15.9758
                            ],
                            [
                                120.7007,
                                15.9829
                            ],
                            [
                                120.6992,
                                15.9889
                            ],
                            [
                                120.7159,
                                15.9963
                            ],
                            [
                                120.7242,
                                15.9889
                            ]
                        ]
                    ]
                ]
            }
        },
        {
            "type": "Feature",
            "properties": {
                "GID_3": "PHL.61.40.19_1",
                "GID_0": "PHL",
                "COUNTRY": "Philippines",
                "GID_1": "PHL.61_1",
                "NAME_1": "Pangasinan",
                "NL_NAME_1": "NA",
                "GID_2": "PHL.61.40_1",
                "NAME_2": "SantaMaria",
                "NL_NAME_2": "NA",
                "NAME_3": "SanPablo",
                "VARNAME_3": "NA",
                "NL_NAME_3": "NA",
                "TYPE_3": "Barangay",
                "ENGTYPE_3": "Village",
                "CC_3": "NA",
                "HASC_3": "NA",
                "DISTRICT": 6
            },
            "geometry": {
                "type": "MultiPolygon",
                "coordinates": [
                    [
                        [
                            [
                                120.7087,
                                15.9436
                            ],
                            [
                                120.6997,
                                15.946
                            ],
                            [
                                120.6947,
                                15.9457
                            ],
                            [
                                120.6938,
                                15.9522
                            ],
                            [
                                120.7063,
                                15.9545
                            ],
                            [
                                120.7087,
                                15.9436
                            ]
                        ]
                    ]
                ]
            }
        },
        {
            "type": "Feature",
            "properties": {
                "GID_3": "PHL.61.40.20_1",
                "GID_0": "PHL",
                "COUNTRY": "Philippines",
                "GID_1": "PHL.61_1",
                "NAME_1": "Pangasinan",
                "NL_NAME_1": "NA",
                "GID_2": "PHL.61.40_1",
                "NAME_2": "SantaMaria",
                "NL_NAME_2": "NA",
                "NAME_3": "SanPatricio",
                "VARNAME_3": "NA",
                "NL_NAME_3": "NA",
                "TYPE_3": "Barangay",
                "ENGTYPE_3": "Village",
                "CC_3": "NA",
                "HASC_3": "NA",
                "DISTRICT": 6
            },
            "geometry": {
                "type": "MultiPolygon",
                "coordinates": [
                    [
                        [
                            [
                                120.689,
                                15.9865
                            ],
                            [
                                120.6889,
                                15.9934
                            ],
                            [
                                120.6955,
                                15.9979
                            ],
                            [
                                120.6992,
                                15.9889
                            ],
                            [
                                120.6957,
                                15.9827
                            ],
                            [
                                120.6892,
                                15.9839
                            ],
                            [
                                120.689,
                                15.9865
                            ]
                        ]
                    ]
                ]
            }
        },
        {
            "type": "Feature",
            "properties": {
                "GID_3": "PHL.61.40.21_1",
                "GID_0": "PHL",
                "COUNTRY": "Philippines",
                "GID_1": "PHL.61_1",
                "NAME_1": "Pangasinan",
                "NL_NAME_1": "NA",
                "GID_2": "PHL.61.40_1",
                "NAME_2": "SantaMaria",
                "NL_NAME_2": "NA",
                "NAME_3": "SanVicente",
                "VARNAME_3": "NA",
                "NL_NAME_3": "NA",
                "TYPE_3": "Barangay",
                "ENGTYPE_3": "Village",
                "CC_3": "NA",
                "HASC_3": "NA",
                "DISTRICT": 6
            },
            "geometry": {
                "type": "MultiPolygon",
                "coordinates": [
                    [
                        [
                            [
                                120.6955,
                                15.9979
                            ],
                            [
                                120.7043,
                                15.9956
                            ],
                            [
                                120.709,
                                16.002
                            ],
                            [
                                120.7159,
                                15.9963
                            ],
                            [
                                120.6992,
                                15.9889
                            ],
                            [
                                120.6955,
                                15.9979
                            ]
                        ]
                    ]
                ]
            }
        },
        {
            "type": "Feature",
            "properties": {
                "GID_3": "PHL.61.40.22_1",
                "GID_0": "PHL",
                "COUNTRY": "Philippines",
                "GID_1": "PHL.61_1",
                "NAME_1": "Pangasinan",
                "NL_NAME_1": "NA",
                "GID_2": "PHL.61.40_1",
                "NAME_2": "SantaMaria",
                "NL_NAME_2": "NA",
                "NAME_3": "SantaCruz",
                "VARNAME_3": "NA",
                "NL_NAME_3": "NA",
                "TYPE_3": "Barangay",
                "ENGTYPE_3": "Village",
                "CC_3": "NA",
                "HASC_3": "NA",
                "DISTRICT": 6
            },
            "geometry": {
                "type": "MultiPolygon",
                "coordinates": [
                    [
                        [
                            [
                                120.7175,
                                15.9465
                            ],
                            [
                                120.7087,
                                15.9436
                            ],
                            [
                                120.7041,
                                15.9651
                            ],
                            [
                                120.6999,
                                15.9666
                            ],
                            [
                                120.6958,
                                15.9751
                            ],
                            [
                                120.704,
                                15.9771
                            ],
                            [
                                120.7156,
                                15.9671
                            ],
                            [
                                120.7197,
                                15.9518
                            ],
                            [
                                120.7175,
                                15.9465
                            ]
                        ]
                    ]
                ]
            }
        },
        {
            "type": "Feature",
            "properties": {
                "GID_3": "PHL.61.40.23_1",
                "GID_0": "PHL",
                "COUNTRY": "Philippines",
                "GID_1": "PHL.61_1",
                "NAME_1": "Pangasinan",
                "NL_NAME_1": "NA",
                "GID_2": "PHL.61.40_1",
                "NAME_2": "SantaMaria",
                "NL_NAME_2": "NA",
                "NAME_3": "SantaRosa",
                "VARNAME_3": "NA",
                "NL_NAME_3": "NA",
                "TYPE_3": "Barangay",
                "ENGTYPE_3": "Village",
                "CC_3": "NA",
                "HASC_3": "NA",
                "DISTRICT": 6
            },
            "geometry": {
                "type": "MultiPolygon",
                "coordinates": [
                    [
                        [
                            [
                                120.6822,
                                15.9842
                            ],
                            [
                                120.689,
                                15.9865
                            ],
                            [
                                120.6904,
                                15.9787
                            ],
                            [
                                120.6844,
                                15.9737
                            ],
                            [
                                120.6822,
                                15.9842
                            ]
                        ]
                    ]
                ]
            }
        },
        {
            "type": "Feature",
            "properties": {
                "GID_3": "PHL.61.41.1_1",
                "GID_0": "PHL",
                "COUNTRY": "Philippines",
                "GID_1": "PHL.61_1",
                "NAME_1": "Pangasinan",
                "NL_NAME_1": "NA",
                "GID_2": "PHL.61.41_1",
                "NAME_2": "SantoTomas",
                "NL_NAME_2": "NA",
                "NAME_3": "LaLuna",
                "VARNAME_3": "NA",
                "NL_NAME_3": "NA",
                "TYPE_3": "Barangay",
                "ENGTYPE_3": "Village",
                "CC_3": "NA",
                "HASC_3": "NA",
                "DISTRICT": 5
            },
            "geometry": {
                "type": "MultiPolygon",
                "coordinates": [
                    [
                        [
                            [
                                120.5608,
                                15.8829
                            ],
                            [
                                120.5641,
                                15.8848
                            ],
                            [
                                120.5836,
                                15.8709
                            ],
                            [
                                120.5828,
                                15.8683
                            ],
                            [
                                120.5608,
                                15.8829
                            ]
                        ]
                    ]
                ]
            }
        },
        {
            "type": "Feature",
            "properties": {
                "GID_3": "PHL.61.41.2_1",
                "GID_0": "PHL",
                "COUNTRY": "Philippines",
                "GID_1": "PHL.61_1",
                "NAME_1": "Pangasinan",
                "NL_NAME_1": "NA",
                "GID_2": "PHL.61.41_1",
                "NAME_2": "SantoTomas",
                "NL_NAME_2": "NA",
                "NAME_3": "PoblacionEast",
                "VARNAME_3": "NA",
                "NL_NAME_3": "NA",
                "TYPE_3": "Barangay",
                "ENGTYPE_3": "Village",
                "CC_3": "NA",
                "HASC_3": "NA",
                "DISTRICT": 5
            },
            "geometry": {
                "type": "MultiPolygon",
                "coordinates": [
                    [
                        [
                            [
                                120.5835,
                                15.872
                            ],
                            [
                                120.573,
                                15.8819
                            ],
                            [
                                120.5717,
                                15.8837
                            ],
                            [
                                120.575,
                                15.8833
                            ],
                            [
                                120.5841,
                                15.8742
                            ],
                            [
                                120.5835,
                                15.872
                            ]
                        ]
                    ]
                ]
            }
        },
        {
            "type": "Feature",
            "properties": {
                "GID_3": "PHL.61.41.3_1",
                "GID_0": "PHL",
                "COUNTRY": "Philippines",
                "GID_1": "PHL.61_1",
                "NAME_1": "Pangasinan",
                "NL_NAME_1": "NA",
                "GID_2": "PHL.61.41_1",
                "NAME_2": "SantoTomas",
                "NL_NAME_2": "NA",
                "NAME_3": "PoblacionWest",
                "VARNAME_3": "NA",
                "NL_NAME_3": "NA",
                "TYPE_3": "Barangay",
                "ENGTYPE_3": "Village",
                "CC_3": "NA",
                "HASC_3": "NA",
                "DISTRICT": 5
            },
            "geometry": {
                "type": "MultiPolygon",
                "coordinates": [
                    [
                        [
                            [
                                120.5641,
                                15.8848
                            ],
                            [
                                120.5678,
                                15.887
                            ],
                            [
                                120.5836,
                                15.8709
                            ],
                            [
                                120.5773,
                                15.8748
                            ],
                            [
                                120.5641,
                                15.8848
                            ]
                        ]
                    ]
                ]
            }
        },
        {
            "type": "Feature",
            "properties": {
                "GID_3": "PHL.61.41.4_1",
                "GID_0": "PHL",
                "COUNTRY": "Philippines",
                "GID_1": "PHL.61_1",
                "NAME_1": "Pangasinan",
                "NL_NAME_1": "NA",
                "GID_2": "PHL.61.41_1",
                "NAME_2": "SantoTomas",
                "NL_NAME_2": "NA",
                "NAME_3": "Salvacion",
                "VARNAME_3": "NA",
                "NL_NAME_3": "NA",
                "TYPE_3": "Barangay",
                "ENGTYPE_3": "Village",
                "CC_3": "NA",
                "HASC_3": "NA",
                "DISTRICT": 5
            },
            "geometry": {
                "type": "MultiPolygon",
                "coordinates": [
                    [
                        [
                            [
                                120.5861,
                                15.8908
                            ],
                            [
                                120.588,
                                15.8891
                            ],
                            [
                                120.5846,
                                15.8758
                            ],
                            [
                                120.5777,
                                15.8841
                            ],
                            [
                                120.5818,
                                15.8852
                            ],
                            [
                                120.5861,
                                15.8908
                            ]
                        ]
                    ]
                ]
            }
        },
        {
            "type": "Feature",
            "properties": {
                "GID_3": "PHL.61.41.5_1",
                "GID_0": "PHL",
                "COUNTRY": "Philippines",
                "GID_1": "PHL.61_1",
                "NAME_1": "Pangasinan",
                "NL_NAME_1": "NA",
                "GID_2": "PHL.61.41_1",
                "NAME_2": "SantoTomas",
                "NL_NAME_2": "NA",
                "NAME_3": "SanAgustin",
                "VARNAME_3": "NA",
                "NL_NAME_3": "NA",
                "TYPE_3": "Barangay",
                "ENGTYPE_3": "Village",
                "CC_3": "NA",
                "HASC_3": "NA",
                "DISTRICT": 5
            },
            "geometry": {
                "type": "MultiPolygon",
                "coordinates": [
                    [
                        [
                            [
                                120.5841,
                                15.8742
                            ],
                            [
                                120.575,
                                15.8833
                            ],
                            [
                                120.5777,
                                15.8841
                            ],
                            [
                                120.5846,
                                15.8758
                            ],
                            [
                                120.5841,
                                15.8742
                            ]
                        ]
                    ]
                ]
            }
        },
        {
            "type": "Feature",
            "properties": {
                "GID_3": "PHL.61.41.6_1",
                "GID_0": "PHL",
                "COUNTRY": "Philippines",
                "GID_1": "PHL.61_1",
                "NAME_1": "Pangasinan",
                "NL_NAME_1": "NA",
                "GID_2": "PHL.61.41_1",
                "NAME_2": "SantoTomas",
                "NL_NAME_2": "NA",
                "NAME_3": "SanAntonio",
                "VARNAME_3": "NA",
                "NL_NAME_3": "NA",
                "TYPE_3": "Barangay",
                "ENGTYPE_3": "Village",
                "CC_3": "NA",
                "HASC_3": "NA",
                "DISTRICT": 5
            },
            "geometry": {
                "type": "MultiPolygon",
                "coordinates": [
                    [
                        [
                            [
                                120.553,
                                15.8739
                            ],
                            [
                                120.5544,
                                15.8763
                            ],
                            [
                                120.5805,
                                15.8599
                            ],
                            [
                                120.5799,
                                15.8577
                            ],
                            [
                                120.5601,
                                15.8674
                            ],
                            [
                                120.553,
                                15.8739
                            ]
                        ]
                    ]
                ]
            }
        },
        {
            "type": "Feature",
            "properties": {
                "GID_3": "PHL.61.41.7_1",
                "GID_0": "PHL",
                "COUNTRY": "Philippines",
                "GID_1": "PHL.61_1",
                "NAME_1": "Pangasinan",
                "NL_NAME_1": "NA",
                "GID_2": "PHL.61.41_1",
                "NAME_2": "SantoTomas",
                "NL_NAME_2": "NA",
                "NAME_3": "SanJose",
                "VARNAME_3": "NA",
                "NL_NAME_3": "NA",
                "TYPE_3": "Barangay",
                "ENGTYPE_3": "Village",
                "CC_3": "NA",
                "HASC_3": "NA",
                "DISTRICT": 5
            },
            "geometry": {
                "type": "MultiPolygon",
                "coordinates": [
                    [
                        [
                            [
                                120.5544,
                                15.8763
                            ],
                            [
                                120.5564,
                                15.879
                            ],
                            [
                                120.5648,
                                15.8737
                            ],
                            [
                                120.5814,
                                15.8627
                            ],
                            [
                                120.5805,
                                15.8599
                            ],
                            [
                                120.5544,
                                15.8763
                            ]
                        ]
                    ]
                ]
            }
        },
        {
            "type": "Feature",
            "properties": {
                "GID_3": "PHL.61.41.8_1",
                "GID_0": "PHL",
                "COUNTRY": "Philippines",
                "GID_1": "PHL.61_1",
                "NAME_1": "Pangasinan",
                "NL_NAME_1": "NA",
                "GID_2": "PHL.61.41_1",
                "NAME_2": "SantoTomas",
                "NL_NAME_2": "NA",
                "NAME_3": "SanMarcos",
                "VARNAME_3": "NA",
                "NL_NAME_3": "NA",
                "TYPE_3": "Barangay",
                "ENGTYPE_3": "Village",
                "CC_3": "NA",
                "HASC_3": "NA",
                "DISTRICT": 5
            },
            "geometry": {
                "type": "MultiPolygon",
                "coordinates": [
                    [
                        [
                            [
                                120.5582,
                                15.8813
                            ],
                            [
                                120.5608,
                                15.8829
                            ],
                            [
                                120.5828,
                                15.8683
                            ],
                            [
                                120.5818,
                                15.8652
                            ],
                            [
                                120.5582,
                                15.8813
                            ]
                        ]
                    ]
                ]
            }
        },
        {
            "type": "Feature",
            "properties": {
                "GID_3": "PHL.61.41.9_1",
                "GID_0": "PHL",
                "COUNTRY": "Philippines",
                "GID_1": "PHL.61_1",
                "NAME_1": "Pangasinan",
                "NL_NAME_1": "NA",
                "GID_2": "PHL.61.41_1",
                "NAME_2": "SantoTomas",
                "NL_NAME_2": "NA",
                "NAME_3": "Santo Domingo",
                "VARNAME_3": "NA",
                "NL_NAME_3": "NA",
                "TYPE_3": "Barangay",
                "ENGTYPE_3": "Village",
                "CC_3": "NA",
                "HASC_3": "NA",
                "DISTRICT": 5
            },
            "geometry": {
                "type": "MultiPolygon",
                "coordinates": [
                    [
                        [
                            [
                                120.5814,
                                15.8627
                            ],
                            [
                                120.5727,
                                15.8676
                            ],
                            [
                                120.5688,
                                15.871
                            ],
                            [
                                120.5707,
                                15.8726
                            ],
                            [
                                120.5818,
                                15.8652
                            ],
                            [
                                120.5814,
                                15.8627
                            ]
                        ]
                    ]
                ]
            }
        },
        {
            "type": "Feature",
            "properties": {
                "GID_3": "PHL.61.41.10_1",
                "GID_0": "PHL",
                "COUNTRY": "Philippines",
                "GID_1": "PHL.61_1",
                "NAME_1": "Pangasinan",
                "NL_NAME_1": "NA",
                "GID_2": "PHL.61.41_1",
                "NAME_2": "SantoTomas",
                "NL_NAME_2": "NA",
                "NAME_3": "SantoNi\u00f1o",
                "VARNAME_3": "NA",
                "NL_NAME_3": "NA",
                "TYPE_3": "Barangay",
                "ENGTYPE_3": "Village",
                "CC_3": "NA",
                "HASC_3": "NA",
                "DISTRICT": 5
            },
            "geometry": {
                "type": "MultiPolygon",
                "coordinates": [
                    [
                        [
                            [
                                120.5564,
                                15.879
                            ],
                            [
                                120.5582,
                                15.8813
                            ],
                            [
                                120.5707,
                                15.8726
                            ],
                            [
                                120.5688,
                                15.871
                            ],
                            [
                                120.5564,
                                15.879
                            ]
                        ]
                    ]
                ]
            }
        },
        {
            "type": "Feature",
            "properties": {
                "GID_3": "PHL.61.42.1_1",
                "GID_0": "PHL",
                "COUNTRY": "Philippines",
                "GID_1": "PHL.61_1",
                "NAME_1": "Pangasinan",
                "NL_NAME_1": "NA",
                "GID_2": "PHL.61.42_1",
                "NAME_2": "Sison",
                "NL_NAME_2": "NA",
                "NAME_3": "Agat",
                "VARNAME_3": "NA",
                "NL_NAME_3": "NA",
                "TYPE_3": "Barangay",
                "ENGTYPE_3": "Village",
                "CC_3": "NA",
                "HASC_3": "NA",
                "DISTRICT": 5
            },
            "geometry": {
                "type": "MultiPolygon",
                "coordinates": [
                    [
                        [
                            [
                                120.4976,
                                16.2217
                            ],
                            [
                                120.4975,
                                16.223
                            ],
                            [
                                120.5261,
                                16.2107
                            ],
                            [
                                120.5165,
                                16.2102
                            ],
                            [
                                120.5059,
                                16.205
                            ],
                            [
                                120.5036,
                                16.2011
                            ],
                            [
                                120.493,
                                16.1997
                            ],
                            [
                                120.4939,
                                16.2045
                            ],
                            [
                                120.4995,
                                16.2114
                            ],
                            [
                                120.5011,
                                16.2163
                            ],
                            [
                                120.4976,
                                16.2217
                            ]
                        ]
                    ]
                ]
            }
        },
        {
            "type": "Feature",
            "properties": {
                "GID_3": "PHL.61.42.2_1",
                "GID_0": "PHL",
                "COUNTRY": "Philippines",
                "GID_1": "PHL.61_1",
                "NAME_1": "Pangasinan",
                "NL_NAME_1": "NA",
                "GID_2": "PHL.61.42_1",
                "NAME_2": "Sison",
                "NL_NAME_2": "NA",
                "NAME_3": "Alibeng",
                "VARNAME_3": "NA",
                "NL_NAME_3": "NA",
                "TYPE_3": "Barangay",
                "ENGTYPE_3": "Village",
                "CC_3": "NA",
                "HASC_3": "NA",
                "DISTRICT": 5
            },
            "geometry": {
                "type": "MultiPolygon",
                "coordinates": [
                    [
                        [
                            [
                                120.6,
                                16.1187
                            ],
                            [
                                120.5847,
                                16.1155
                            ],
                            [
                                120.5745,
                                16.1373
                            ],
                            [
                                120.6301,
                                16.1639
                            ],
                            [
                                120.6347,
                                16.1571
                            ],
                            [
                                120.6327,
                                16.151
                            ],
                            [
                                120.6326,
                                16.1344
                            ],
                            [
                                120.6294,
                                16.1255
                            ],
                            [
                                120.6,
                                16.1187
                            ]
                        ]
                    ]
                ]
            }
        },
        {
            "type": "Feature",
            "properties": {
                "GID_3": "PHL.61.42.3_1",
                "GID_0": "PHL",
                "COUNTRY": "Philippines",
                "GID_1": "PHL.61_1",
                "NAME_1": "Pangasinan",
                "NL_NAME_1": "NA",
                "GID_2": "PHL.61.42_1",
                "NAME_2": "Sison",
                "NL_NAME_2": "NA",
                "NAME_3": "Amagbagan",
                "VARNAME_3": "NA",
                "NL_NAME_3": "NA",
                "TYPE_3": "Barangay",
                "ENGTYPE_3": "Village",
                "CC_3": "NA",
                "HASC_3": "NA",
                "DISTRICT": 5
            },
            "geometry": {
                "type": "MultiPolygon",
                "coordinates": [
                    [
                        [
                            [
                                120.4905,
                                16.1693
                            ],
                            [
                                120.4805,
                                16.1626
                            ],
                            [
                                120.47,
                                16.1738
                            ],
                            [
                                120.4804,
                                16.1816
                            ],
                            [
                                120.4905,
                                16.1693
                            ]
                        ]
                    ]
                ]
            }
        },
        {
            "type": "Feature",
            "properties": {
                "GID_3": "PHL.61.42.4_1",
                "GID_0": "PHL",
                "COUNTRY": "Philippines",
                "GID_1": "PHL.61_1",
                "NAME_1": "Pangasinan",
                "NL_NAME_1": "NA",
                "GID_2": "PHL.61.42_1",
                "NAME_2": "Sison",
                "NL_NAME_2": "NA",
                "NAME_3": "Artacho",
                "VARNAME_3": "NA",
                "NL_NAME_3": "NA",
                "TYPE_3": "Barangay",
                "ENGTYPE_3": "Village",
                "CC_3": "NA",
                "HASC_3": "NA",
                "DISTRICT": 5
            },
            "geometry": {
                "type": "MultiPolygon",
                "coordinates": [
                    [
                        [
                            [
                                120.493,
                                16.1997
                            ],
                            [
                                120.5036,
                                16.2011
                            ],
                            [
                                120.5069,
                                16.1944
                            ],
                            [
                                120.4941,
                                16.1941
                            ],
                            [
                                120.493,
                                16.1997
                            ]
                        ]
                    ]
                ]
            }
        },
        {
            "type": "Feature",
            "properties": {
                "GID_3": "PHL.61.42.5_1",
                "GID_0": "PHL",
                "COUNTRY": "Philippines",
                "GID_1": "PHL.61_1",
                "NAME_1": "Pangasinan",
                "NL_NAME_1": "NA",
                "GID_2": "PHL.61.42_1",
                "NAME_2": "Sison",
                "NL_NAME_2": "NA",
                "NAME_3": "AsanNorte",
                "VARNAME_3": "NA",
                "NL_NAME_3": "NA",
                "TYPE_3": "Barangay",
                "ENGTYPE_3": "Village",
                "CC_3": "NA",
                "HASC_3": "NA",
                "DISTRICT": 5
            },
            "geometry": {
                "type": "MultiPolygon",
                "coordinates": [
                    [
                        [
                            [
                                120.5306,
                                16.1892
                            ],
                            [
                                120.5076,
                                16.1849
                            ],
                            [
                                120.5069,
                                16.1944
                            ],
                            [
                                120.5277,
                                16.2007
                            ],
                            [
                                120.5306,
                                16.1892
                            ]
                        ]
                    ]
                ]
            }
        },
        {
            "type": "Feature",
            "properties": {
                "GID_3": "PHL.61.42.6_1",
                "GID_0": "PHL",
                "COUNTRY": "Philippines",
                "GID_1": "PHL.61_1",
                "NAME_1": "Pangasinan",
                "NL_NAME_1": "NA",
                "GID_2": "PHL.61.42_1",
                "NAME_2": "Sison",
                "NL_NAME_2": "NA",
                "NAME_3": "AsanSur",
                "VARNAME_3": "NA",
                "NL_NAME_3": "NA",
                "TYPE_3": "Barangay",
                "ENGTYPE_3": "Village",
                "CC_3": "NA",
                "HASC_3": "NA",
                "DISTRICT": 5
            },
            "geometry": {
                "type": "MultiPolygon",
                "coordinates": [
                    [
                        [
                            [
                                120.5235,
                                16.1555
                            ],
                            [
                                120.5025,
                                16.1523
                            ],
                            [
                                120.4965,
                                16.1617
                            ],
                            [
                                120.5339,
                                16.1694
                            ],
                            [
                                120.5365,
                                16.1578
                            ],
                            [
                                120.5235,
                                16.1555
                            ]
                        ]
                    ]
                ]
            }
        },
        {
            "type": "Feature",
            "properties": {
                "GID_3": "PHL.61.42.7_1",
                "GID_0": "PHL",
                "COUNTRY": "Philippines",
                "GID_1": "PHL.61_1",
                "NAME_1": "Pangasinan",
                "NL_NAME_1": "NA",
                "GID_2": "PHL.61.42_1",
                "NAME_2": "Sison",
                "NL_NAME_2": "NA",
                "NAME_3": "BantayInsik",
                "VARNAME_3": "NA",
                "NL_NAME_3": "NA",
                "TYPE_3": "Barangay",
                "ENGTYPE_3": "Village",
                "CC_3": "NA",
                "HASC_3": "NA",
                "DISTRICT": 5
            },
            "geometry": {
                "type": "MultiPolygon",
                "coordinates": [
                    [
                        [
                            [
                                120.4596,
                                16.1871
                            ],
                            [
                                120.4564,
                                16.1946
                            ],
                            [
                                120.4619,
                                16.1969
                            ],
                            [
                                120.469,
                                16.185
                            ],
                            [
                                120.4687,
                                16.1823
                            ],
                            [
                                120.4676,
                                16.181
                            ],
                            [
                                120.4614,
                                16.1838
                            ],
                            [
                                120.4596,
                                16.1871
                            ]
                        ]
                    ]
                ]
            }
        },
        {
            "type": "Feature",
            "properties": {
                "GID_3": "PHL.61.42.8_1",
                "GID_0": "PHL",
                "COUNTRY": "Philippines",
                "GID_1": "PHL.61_1",
                "NAME_1": "Pangasinan",
                "NL_NAME_1": "NA",
                "GID_2": "PHL.61.42_1",
                "NAME_2": "Sison",
                "NL_NAME_2": "NA",
                "NAME_3": "Bila",
                "VARNAME_3": "NA",
                "NL_NAME_3": "NA",
                "TYPE_3": "Barangay",
                "ENGTYPE_3": "Village",
                "CC_3": "NA",
                "HASC_3": "NA",
                "DISTRICT": 5
            },
            "geometry": {
                "type": "MultiPolygon",
                "coordinates": [
                    [
                        [
                            [
                                120.5076,
                                16.1849
                            ],
                            [
                                120.5306,
                                16.1892
                            ],
                            [
                                120.5317,
                                16.1816
                            ],
                            [
                                120.5064,
                                16.1767
                            ],
                            [
                                120.5041,
                                16.1838
                            ],
                            [
                                120.5058,
                                16.1829
                            ],
                            [
                                120.5076,
                                16.1849
                            ]
                        ]
                    ]
                ]
            }
        },
        {
            "type": "Feature",
            "properties": {
                "GID_3": "PHL.61.42.9_1",
                "GID_0": "PHL",
                "COUNTRY": "Philippines",
                "GID_1": "PHL.61_1",
                "NAME_1": "Pangasinan",
                "NL_NAME_1": "NA",
                "GID_2": "PHL.61.42_1",
                "NAME_2": "Sison",
                "NL_NAME_2": "NA",
                "NAME_3": "Binmeckeg",
                "VARNAME_3": "NA",
                "NL_NAME_3": "NA",
                "TYPE_3": "Barangay",
                "ENGTYPE_3": "Village",
                "CC_3": "NA",
                "HASC_3": "NA",
                "DISTRICT": 5
            },
            "geometry": {
                "type": "MultiPolygon",
                "coordinates": [
                    [
                        [
                            [
                                120.4758,
                                16.2136
                            ],
                            [
                                120.485,
                                16.2128
                            ],
                            [
                                120.4837,
                                16.2034
                            ],
                            [
                                120.4788,
                                16.2003
                            ],
                            [
                                120.477,
                                16.2022
                            ],
                            [
                                120.4663,
                                16.1998
                            ],
                            [
                                120.4647,
                                16.2126
                            ],
                            [
                                120.4758,
                                16.2136
                            ]
                        ]
                    ]
                ]
            }
        },
        {
            "type": "Feature",
            "properties": {
                "GID_3": "PHL.61.42.10_1",
                "GID_0": "PHL",
                "COUNTRY": "Philippines",
                "GID_1": "PHL.61_1",
                "NAME_1": "Pangasinan",
                "NL_NAME_1": "NA",
                "GID_2": "PHL.61.42_1",
                "NAME_2": "Sison",
                "NL_NAME_2": "NA",
                "NAME_3": "BulaoenEast",
                "VARNAME_3": "NA",
                "NL_NAME_3": "NA",
                "TYPE_3": "Barangay",
                "ENGTYPE_3": "Village",
                "CC_3": "NA",
                "HASC_3": "NA",
                "DISTRICT": 5
            },
            "geometry": {
                "type": "MultiPolygon",
                "coordinates": [
                    [
                        [
                            [
                                120.4694,
                                16.1838
                            ],
                            [
                                120.4619,
                                16.1969
                            ],
                            [
                                120.4695,
                                16.2013
                            ],
                            [
                                120.4779,
                                16.202
                            ],
                            [
                                120.4694,
                                16.1838
                            ]
                        ]
                    ]
                ]
            }
        },
        {
            "type": "Feature",
            "properties": {
                "GID_3": "PHL.61.42.11_1",
                "GID_0": "PHL",
                "COUNTRY": "Philippines",
                "GID_1": "PHL.61_1",
                "NAME_1": "Pangasinan",
                "NL_NAME_1": "NA",
                "GID_2": "PHL.61.42_1",
                "NAME_2": "Sison",
                "NL_NAME_2": "NA",
                "NAME_3": "BulaoenWest",
                "VARNAME_3": "NA",
                "NL_NAME_3": "NA",
                "TYPE_3": "Barangay",
                "ENGTYPE_3": "Village",
                "CC_3": "NA",
                "HASC_3": "NA",
                "DISTRICT": 5
            },
            "geometry": {
                "type": "MultiPolygon",
                "coordinates": [
                    [
                        [
                            [
                                120.4662,
                                16.1727
                            ],
                            [
                                120.4608,
                                16.1819
                            ],
                            [
                                120.4596,
                                16.1871
                            ],
                            [
                                120.4614,
                                16.1838
                            ],
                            [
                                120.4676,
                                16.181
                            ],
                            [
                                120.4656,
                                16.1769
                            ],
                            [
                                120.4662,
                                16.1727
                            ]
                        ]
                    ]
                ]
            }
        },
        {
            "type": "Feature",
            "properties": {
                "GID_3": "PHL.61.42.12_1",
                "GID_0": "PHL",
                "COUNTRY": "Philippines",
                "GID_1": "PHL.61_1",
                "NAME_1": "Pangasinan",
                "NL_NAME_1": "NA",
                "GID_2": "PHL.61.42_1",
                "NAME_2": "Sison",
                "NL_NAME_2": "NA",
                "NAME_3": "Cabaritan",
                "VARNAME_3": "NA",
                "NL_NAME_3": "NA",
                "TYPE_3": "Barangay",
                "ENGTYPE_3": "Village",
                "CC_3": "NA",
                "HASC_3": "NA",
                "DISTRICT": 5
            },
            "geometry": {
                "type": "MultiPolygon",
                "coordinates": [
                    [
                        [
                            [
                                120.4775,
                                16.2003
                            ],
                            [
                                120.4837,
                                16.2034
                            ],
                            [
                                120.4851,
                                16.1864
                            ],
                            [
                                120.4804,
                                16.1816
                            ],
                            [
                                120.4742,
                                16.1939
                            ],
                            [
                                120.4775,
                                16.2003
                            ]
                        ]
                    ]
                ]
            }
        },
        {
            "type": "Feature",
            "properties": {
                "GID_3": "PHL.61.42.13_1",
                "GID_0": "PHL",
                "COUNTRY": "Philippines",
                "GID_1": "PHL.61_1",
                "NAME_1": "Pangasinan",
                "NL_NAME_1": "NA",
                "GID_2": "PHL.61.42_1",
                "NAME_2": "Sison",
                "NL_NAME_2": "NA",
                "NAME_3": "Calunetan",
                "VARNAME_3": "NA",
                "NL_NAME_3": "NA",
                "TYPE_3": "Barangay",
                "ENGTYPE_3": "Village",
                "CC_3": "NA",
                "HASC_3": "NA",
                "DISTRICT": 5
            },
            "geometry": {
                "type": "MultiPolygon",
                "coordinates": [
                    [
                        [
                            [
                                120.565,
                                16.1328
                            ],
                            [
                                120.5534,
                                16.1486
                            ],
                            [
                                120.6178,
                                16.1809
                            ],
                            [
                                120.6184,
                                16.1776
                            ],
                            [
                                120.6246,
                                16.172
                            ],
                            [
                                120.6301,
                                16.1639
                            ],
                            [
                                120.565,
                                16.1328
                            ]
                        ]
                    ]
                ]
            }
        },
        {
            "type": "Feature",
            "properties": {
                "GID_3": "PHL.61.42.14_1",
                "GID_0": "PHL",
                "COUNTRY": "Philippines",
                "GID_1": "PHL.61_1",
                "NAME_1": "Pangasinan",
                "NL_NAME_1": "NA",
                "GID_2": "PHL.61.42_1",
                "NAME_2": "Sison",
                "NL_NAME_2": "NA",
                "NAME_3": "Camangaan",
                "VARNAME_3": "NA",
                "NL_NAME_3": "NA",
                "TYPE_3": "Barangay",
                "ENGTYPE_3": "Village",
                "CC_3": "NA",
                "HASC_3": "NA",
                "DISTRICT": 5
            },
            "geometry": {
                "type": "MultiPolygon",
                "coordinates": [
                    [
                        [
                            [
                                120.4917,
                                16.1508
                            ],
                            [
                                120.4852,
                                16.1496
                            ],
                            [
                                120.4805,
                                16.1626
                            ],
                            [
                                120.4905,
                                16.1693
                            ],
                            [
                                120.5025,
                                16.1523
                            ],
                            [
                                120.4917,
                                16.1508
                            ]
                        ]
                    ]
                ]
            }
        },
        {
            "type": "Feature",
            "properties": {
                "GID_3": "PHL.61.42.15_1",
                "GID_0": "PHL",
                "COUNTRY": "Philippines",
                "GID_1": "PHL.61_1",
                "NAME_1": "Pangasinan",
                "NL_NAME_1": "NA",
                "GID_2": "PHL.61.42_1",
                "NAME_2": "Sison",
                "NL_NAME_2": "NA",
                "NAME_3": "Cauringan",
                "VARNAME_3": "NA",
                "NL_NAME_3": "NA",
                "TYPE_3": "Barangay",
                "ENGTYPE_3": "Village",
                "CC_3": "NA",
                "HASC_3": "NA",
                "DISTRICT": 5
            },
            "geometry": {
                "type": "MultiPolygon",
                "coordinates": [
                    [
                        [
                            [
                                120.4941,
                                16.1941
                            ],
                            [
                                120.5069,
                                16.1944
                            ],
                            [
                                120.5076,
                                16.1849
                            ],
                            [
                                120.5058,
                                16.1829
                            ],
                            [
                                120.4864,
                                16.1862
                            ],
                            [
                                120.4918,
                                16.1898
                            ],
                            [
                                120.4941,
                                16.1941
                            ]
                        ]
                    ]
                ]
            }
        },
        {
            "type": "Feature",
            "properties": {
                "GID_3": "PHL.61.42.16_1",
                "GID_0": "PHL",
                "COUNTRY": "Philippines",
                "GID_1": "PHL.61_1",
                "NAME_1": "Pangasinan",
                "NL_NAME_1": "NA",
                "GID_2": "PHL.61.42_1",
                "NAME_2": "Sison",
                "NL_NAME_2": "NA",
                "NAME_3": "Dungon",
                "VARNAME_3": "NA",
                "NL_NAME_3": "NA",
                "TYPE_3": "Barangay",
                "ENGTYPE_3": "Village",
                "CC_3": "NA",
                "HASC_3": "NA",
                "DISTRICT": 5
            },
            "geometry": {
                "type": "MultiPolygon",
                "coordinates": [
                    [
                        [
                            [
                                120.5125,
                                16.237
                            ],
                            [
                                120.5474,
                                16.2217
                            ],
                            [
                                120.5261,
                                16.2107
                            ],
                            [
                                120.4975,
                                16.223
                            ],
                            [
                                120.5063,
                                16.2291
                            ],
                            [
                                120.5125,
                                16.237
                            ]
                        ]
                    ]
                ]
            }
        },
        {
            "type": "Feature",
            "properties": {
                "GID_3": "PHL.61.42.17_1",
                "GID_0": "PHL",
                "COUNTRY": "Philippines",
                "GID_1": "PHL.61_1",
                "NAME_1": "Pangasinan",
                "NL_NAME_1": "NA",
                "GID_2": "PHL.61.42_1",
                "NAME_2": "Sison",
                "NL_NAME_2": "NA",
                "NAME_3": "Esperanza",
                "VARNAME_3": "NA",
                "NL_NAME_3": "NA",
                "TYPE_3": "Barangay",
                "ENGTYPE_3": "Village",
                "CC_3": "NA",
                "HASC_3": "NA",
                "DISTRICT": 5
            },
            "geometry": {
                "type": "MultiPolygon",
                "coordinates": [
                    [
                        [
                            [
                                120.485,
                                16.2128
                            ],
                            [
                                120.4995,
                                16.2114
                            ],
                            [
                                120.4939,
                                16.2045
                            ],
                            [
                                120.4936,
                                16.1923
                            ],
                            [
                                120.4864,
                                16.1862
                            ],
                            [
                                120.4851,
                                16.1864
                            ],
                            [
                                120.4837,
                                16.2034
                            ],
                            [
                                120.485,
                                16.2128
                            ]
                        ]
                    ]
                ]
            }
        },
        {
            "type": "Feature",
            "properties": {
                "GID_3": "PHL.61.42.18_1",
                "GID_0": "PHL",
                "COUNTRY": "Philippines",
                "GID_1": "PHL.61_1",
                "NAME_1": "Pangasinan",
                "NL_NAME_1": "NA",
                "GID_2": "PHL.61.42_1",
                "NAME_2": "Sison",
                "NL_NAME_2": "NA",
                "NAME_3": "Inmalog",
                "VARNAME_3": "NA",
                "NL_NAME_3": "NA",
                "TYPE_3": "Barangay",
                "ENGTYPE_3": "Village",
                "CC_3": "NA",
                "HASC_3": "NA",
                "DISTRICT": 5
            },
            "geometry": {
                "type": "MultiPolygon",
                "coordinates": [
                    [
                        [
                            [
                                120.5474,
                                16.2217
                            ],
                            [
                                120.6033,
                                16.2076
                            ],
                            [
                                120.5508,
                                16.1599
                            ],
                            [
                                120.5365,
                                16.1578
                            ],
                            [
                                120.5261,
                                16.2107
                            ],
                            [
                                120.5474,
                                16.2217
                            ]
                        ]
                    ]
                ]
            }
        },
        {
            "type": "Feature",
            "properties": {
                "GID_3": "PHL.61.42.19_1",
                "GID_0": "PHL",
                "COUNTRY": "Philippines",
                "GID_1": "PHL.61_1",
                "NAME_1": "Pangasinan",
                "NL_NAME_1": "NA",
                "GID_2": "PHL.61.42_1",
                "NAME_2": "Sison",
                "NL_NAME_2": "NA",
                "NAME_3": "Killo",
                "VARNAME_3": "NA",
                "NL_NAME_3": "NA",
                "TYPE_3": "Barangay",
                "ENGTYPE_3": "Village",
                "CC_3": "NA",
                "HASC_3": "NA",
                "DISTRICT": 5
            },
            "geometry": {
                "type": "MultiPolygon",
                "coordinates": [
                    [
                        [
                            [
                                120.5847,
                                16.1155
                            ],
                            [
                                120.5794,
                                16.1147
                            ],
                            [
                                120.5726,
                                16.1064
                            ],
                            [
                                120.5742,
                                16.1125
                            ],
                            [
                                120.5684,
                                16.1186
                            ],
                            [
                                120.565,
                                16.1328
                            ],
                            [
                                120.5745,
                                16.1373
                            ],
                            [
                                120.5847,
                                16.1155
                            ]
                        ]
                    ]
                ]
            }
        },
        {
            "type": "Feature",
            "properties": {
                "GID_3": "PHL.61.42.20_1",
                "GID_0": "PHL",
                "COUNTRY": "Philippines",
                "GID_1": "PHL.61_1",
                "NAME_1": "Pangasinan",
                "NL_NAME_1": "NA",
                "GID_2": "PHL.61.42_1",
                "NAME_2": "Sison",
                "NL_NAME_2": "NA",
                "NAME_3": "Labayug",
                "VARNAME_3": "NA",
                "NL_NAME_3": "NA",
                "TYPE_3": "Barangay",
                "ENGTYPE_3": "Village",
                "CC_3": "NA",
                "HASC_3": "NA",
                "DISTRICT": 5
            },
            "geometry": {
                "type": "MultiPolygon",
                "coordinates": [
                    [
                        [
                            [
                                120.6033,
                                16.2076
                            ],
                            [
                                120.6112,
                                16.2046
                            ],
                            [
                                120.6219,
                                16.1943
                            ],
                            [
                                120.6225,
                                16.1876
                            ],
                            [
                                120.6178,
                                16.1809
                            ],
                            [
                                120.5534,
                                16.1486
                            ],
                            [
                                120.5509,
                                16.1528
                            ],
                            [
                                120.5508,
                                16.1599
                            ],
                            [
                                120.6033,
                                16.2076
                            ]
                        ]
                    ]
                ]
            }
        },
        {
            "type": "Feature",
            "properties": {
                "GID_3": "PHL.61.42.21_1",
                "GID_0": "PHL",
                "COUNTRY": "Philippines",
                "GID_1": "PHL.61_1",
                "NAME_1": "Pangasinan",
                "NL_NAME_1": "NA",
                "GID_2": "PHL.61.42_1",
                "NAME_2": "Sison",
                "NL_NAME_2": "NA",
                "NAME_3": "Paldit",
                "VARNAME_3": "NA",
                "NL_NAME_3": "NA",
                "TYPE_3": "Barangay",
                "ENGTYPE_3": "Village",
                "CC_3": "NA",
                "HASC_3": "NA",
                "DISTRICT": 5
            },
            "geometry": {
                "type": "MultiPolygon",
                "coordinates": [
                    [
                        [
                            [
                                120.5339,
                                16.1694
                            ],
                            [
                                120.5096,
                                16.1644
                            ],
                            [
                                120.5088,
                                16.1665
                            ],
                            [
                                120.5108,
                                16.1674
                            ],
                            [
                                120.5105,
                                16.1696
                            ],
                            [
                                120.5064,
                                16.1767
                            ],
                            [
                                120.5317,
                                16.1816
                            ],
                            [
                                120.5339,
                                16.1694
                            ]
                        ]
                    ]
                ]
            }
        },
        {
            "type": "Feature",
            "properties": {
                "GID_3": "PHL.61.42.22_1",
                "GID_0": "PHL",
                "COUNTRY": "Philippines",
                "GID_1": "PHL.61_1",
                "NAME_1": "Pangasinan",
                "NL_NAME_1": "NA",
                "GID_2": "PHL.61.42_1",
                "NAME_2": "Sison",
                "NL_NAME_2": "NA",
                "NAME_3": "Pindangan",
                "VARNAME_3": "NA",
                "NL_NAME_3": "NA",
                "TYPE_3": "Barangay",
                "ENGTYPE_3": "Village",
                "CC_3": "NA",
                "HASC_3": "NA",
                "DISTRICT": 5
            },
            "geometry": {
                "type": "MultiPolygon",
                "coordinates": [
                    [
                        [
                            [
                                120.4684,
                                16.1671
                            ],
                            [
                                120.4656,
                                16.1769
                            ],
                            [
                                120.4744,
                                16.1934
                            ],
                            [
                                120.4804,
                                16.1816
                            ],
                            [
                                120.4707,
                                16.1752
                            ],
                            [
                                120.4684,
                                16.1671
                            ]
                        ]
                    ]
                ]
            }
        },
        {
            "type": "Feature",
            "properties": {
                "GID_3": "PHL.61.42.23_1",
                "GID_0": "PHL",
                "COUNTRY": "Philippines",
                "GID_1": "PHL.61_1",
                "NAME_1": "Pangasinan",
                "NL_NAME_1": "NA",
                "GID_2": "PHL.61.42_1",
                "NAME_2": "Sison",
                "NL_NAME_2": "NA",
                "NAME_3": "Pinmilapil",
                "VARNAME_3": "NA",
                "NL_NAME_3": "NA",
                "TYPE_3": "Barangay",
                "ENGTYPE_3": "Village",
                "CC_3": "NA",
                "HASC_3": "NA",
                "DISTRICT": 5
            },
            "geometry": {
                "type": "MultiPolygon",
                "coordinates": [
                    [
                        [
                            [
                                120.447,
                                16.212
                            ],
                            [
                                120.4647,
                                16.2126
                            ],
                            [
                                120.4663,
                                16.1998
                            ],
                            [
                                120.4564,
                                16.1946
                            ],
                            [
                                120.4538,
                                16.196
                            ],
                            [
                                120.4505,
                                16.2001
                            ],
                            [
                                120.447,
                                16.212
                            ]
                        ]
                    ]
                ]
            }
        },
        {
            "type": "Feature",
            "properties": {
                "GID_3": "PHL.61.42.24_1",
                "GID_0": "PHL",
                "COUNTRY": "Philippines",
                "GID_1": "PHL.61_1",
                "NAME_1": "Pangasinan",
                "NL_NAME_1": "NA",
                "GID_2": "PHL.61.42_1",
                "NAME_2": "Sison",
                "NL_NAME_2": "NA",
                "NAME_3": "PoblacionCentral",
                "VARNAME_3": "NA",
                "NL_NAME_3": "NA",
                "TYPE_3": "Barangay",
                "ENGTYPE_3": "Village",
                "CC_3": "NA",
                "HASC_3": "NA",
                "DISTRICT": 5
            },
            "geometry": {
                "type": "MultiPolygon",
                "coordinates": [
                    [
                        [
                            [
                                120.4905,
                                16.1693
                            ],
                            [
                                120.4867,
                                16.1742
                            ],
                            [
                                120.5043,
                                16.1812
                            ],
                            [
                                120.5059,
                                16.1793
                            ],
                            [
                                120.5086,
                                16.1716
                            ],
                            [
                                120.4905,
                                16.1693
                            ]
                        ]
                    ]
                ]
            }
        },
        {
            "type": "Feature",
            "properties": {
                "GID_3": "PHL.61.42.25_1",
                "GID_0": "PHL",
                "COUNTRY": "Philippines",
                "GID_1": "PHL.61_1",
                "NAME_1": "Pangasinan",
                "NL_NAME_1": "NA",
                "GID_2": "PHL.61.42_1",
                "NAME_2": "Sison",
                "NL_NAME_2": "NA",
                "NAME_3": "PoblacionNorte",
                "VARNAME_3": "NA",
                "NL_NAME_3": "NA",
                "TYPE_3": "Barangay",
                "ENGTYPE_3": "Village",
                "CC_3": "NA",
                "HASC_3": "NA",
                "DISTRICT": 5
            },
            "geometry": {
                "type": "MultiPolygon",
                "coordinates": [
                    [
                        [
                            [
                                120.4867,
                                16.1742
                            ],
                            [
                                120.4804,
                                16.1816
                            ],
                            [
                                120.4851,
                                16.1864
                            ],
                            [
                                120.5046,
                                16.1831
                            ],
                            [
                                120.5043,
                                16.1812
                            ],
                            [
                                120.4867,
                                16.1742
                            ]
                        ]
                    ]
                ]
            }
        },
        {
            "type": "Feature",
            "properties": {
                "GID_3": "PHL.61.42.26_1",
                "GID_0": "PHL",
                "COUNTRY": "Philippines",
                "GID_1": "PHL.61_1",
                "NAME_1": "Pangasinan",
                "NL_NAME_1": "NA",
                "GID_2": "PHL.61.42_1",
                "NAME_2": "Sison",
                "NL_NAME_2": "NA",
                "NAME_3": "PoblacionSur",
                "VARNAME_3": "NA",
                "NL_NAME_3": "NA",
                "TYPE_3": "Barangay",
                "ENGTYPE_3": "Village",
                "CC_3": "NA",
                "HASC_3": "NA",
                "DISTRICT": 5
            },
            "geometry": {
                "type": "MultiPolygon",
                "coordinates": [
                    [
                        [
                            [
                                120.5096,
                                16.1644
                            ],
                            [
                                120.4965,
                                16.1617
                            ],
                            [
                                120.4905,
                                16.1693
                            ],
                            [
                                120.5086,
                                16.1716
                            ],
                            [
                                120.5108,
                                16.1679
                            ],
                            [
                                120.5088,
                                16.1665
                            ],
                            [
                                120.5096,
                                16.1644
                            ]
                        ]
                    ]
                ]
            }
        },
        {
            "type": "Feature",
            "properties": {
                "GID_3": "PHL.61.42.27_1",
                "GID_0": "PHL",
                "COUNTRY": "Philippines",
                "GID_1": "PHL.61_1",
                "NAME_1": "Pangasinan",
                "NL_NAME_1": "NA",
                "GID_2": "PHL.61.42_1",
                "NAME_2": "Sison",
                "NL_NAME_2": "NA",
                "NAME_3": "Sagunto",
                "VARNAME_3": "NA",
                "NL_NAME_3": "NA",
                "TYPE_3": "Barangay",
                "ENGTYPE_3": "Village",
                "CC_3": "NA",
                "HASC_3": "NA",
                "DISTRICT": 5
            },
            "geometry": {
                "type": "MultiPolygon",
                "coordinates": [
                    [
                        [
                            [
                                120.5036,
                                16.2011
                            ],
                            [
                                120.5059,
                                16.205
                            ],
                            [
                                120.5101,
                                16.2079
                            ],
                            [
                                120.5165,
                                16.2102
                            ],
                            [
                                120.5261,
                                16.2107
                            ],
                            [
                                120.5277,
                                16.2007
                            ],
                            [
                                120.5069,
                                16.1944
                            ],
                            [
                                120.5036,
                                16.2011
                            ]
                        ]
                    ]
                ]
            }
        },
        {
            "type": "Feature",
            "properties": {
                "GID_3": "PHL.61.42.28_1",
                "GID_0": "PHL",
                "COUNTRY": "Philippines",
                "GID_1": "PHL.61_1",
                "NAME_1": "Pangasinan",
                "NL_NAME_1": "NA",
                "GID_2": "PHL.61.42_1",
                "NAME_2": "Sison",
                "NL_NAME_2": "NA",
                "NAME_3": "Tara-Tara",
                "VARNAME_3": "NA",
                "NL_NAME_3": "NA",
                "TYPE_3": "Barangay",
                "ENGTYPE_3": "Village",
                "CC_3": "NA",
                "HASC_3": "NA",
                "DISTRICT": 5
            },
            "geometry": {
                "type": "MultiPolygon",
                "coordinates": [
                    [
                        [
                            [
                                120.4852,
                                16.1496
                            ],
                            [
                                120.4745,
                                16.148
                            ],
                            [
                                120.4755,
                                16.1512
                            ],
                            [
                                120.4684,
                                16.1671
                            ],
                            [
                                120.47,
                                16.1738
                            ],
                            [
                                120.479,
                                16.1656
                            ],
                            [
                                120.4852,
                                16.1496
                            ]
                        ]
                    ]
                ]
            }
        },
        {
            "type": "Feature",
            "properties": {
                "GID_3": "PHL.61.44.1_1",
                "GID_0": "PHL",
                "COUNTRY": "Philippines",
                "GID_1": "PHL.61_1",
                "NAME_1": "Pangasinan",
                "NL_NAME_1": "NA",
                "GID_2": "PHL.61.44_1",
                "NAME_2": "Tayug",
                "NL_NAME_2": "NA",
                "NAME_3": "Agno",
                "VARNAME_3": "NA",
                "NL_NAME_3": "NA",
                "TYPE_3": "Barangay",
                "ENGTYPE_3": "Village",
                "CC_3": "NA",
                "HASC_3": "NA",
                "DISTRICT": 6
            },
            "geometry": {
                "type": "MultiPolygon",
                "coordinates": [
                    [
                        [
                            [
                                120.7127,
                                16.0091
                            ],
                            [
                                120.7095,
                                16.0131
                            ],
                            [
                                120.7108,
                                16.0156
                            ],
                            [
                                120.7156,
                                16.0171
                            ],
                            [
                                120.7155,
                                16.0289
                            ],
                            [
                                120.7181,
                                16.0357
                            ],
                            [
                                120.7199,
                                16.0276
                            ],
                            [
                                120.7278,
                                16.0267
                            ],
                            [
                                120.7366,
                                16.0306
                            ],
                            [
                                120.7363,
                                16.0271
                            ],
                            [
                                120.7244,
                                16.0233
                            ],
                            [
                                120.7127,
                                16.0091
                            ]
                        ]
                    ]
                ]
            }
        },
        {
            "type": "Feature",
            "properties": {
                "GID_3": "PHL.61.44.2_1",
                "GID_0": "PHL",
                "COUNTRY": "Philippines",
                "GID_1": "PHL.61_1",
                "NAME_1": "Pangasinan",
                "NL_NAME_1": "NA",
                "GID_2": "PHL.61.44_1",
                "NAME_2": "Tayug",
                "NL_NAME_2": "NA",
                "NAME_3": "Amistad",
                "VARNAME_3": "NA",
                "NL_NAME_3": "NA",
                "TYPE_3": "Barangay",
                "ENGTYPE_3": "Village",
                "CC_3": "NA",
                "HASC_3": "NA",
                "DISTRICT": 6
            },
            "geometry": {
                "type": "MultiPolygon",
                "coordinates": [
                    [
                        [
                            [
                                120.7366,
                                16.0306
                            ],
                            [
                                120.7278,
                                16.0267
                            ],
                            [
                                120.7199,
                                16.0276
                            ],
                            [
                                120.7163,
                                16.0463
                            ],
                            [
                                120.7489,
                                16.0381
                            ],
                            [
                                120.7461,
                                16.0355
                            ],
                            [
                                120.7372,
                                16.0323
                            ],
                            [
                                120.7366,
                                16.0306
                            ]
                        ]
                    ]
                ]
            }
        },
        {
            "type": "Feature",
            "properties": {
                "GID_3": "PHL.61.44.3_1",
                "GID_0": "PHL",
                "COUNTRY": "Philippines",
                "GID_1": "PHL.61_1",
                "NAME_1": "Pangasinan",
                "NL_NAME_1": "NA",
                "GID_2": "PHL.61.44_1",
                "NAME_2": "Tayug",
                "NL_NAME_2": "NA",
                "NAME_3": "BarangayA",
                "VARNAME_3": "Poblacion",
                "NL_NAME_3": "NA",
                "TYPE_3": "Barangay",
                "ENGTYPE_3": "Village",
                "CC_3": "NA",
                "HASC_3": "NA",
                "DISTRICT": 6
            },
            "geometry": {
                "type": "MultiPolygon",
                "coordinates": [
                    [
                        [
                            [
                                120.7411,
                                16.0333
                            ],
                            [
                                120.7454,
                                16.0353
                            ],
                            [
                                120.749,
                                16.0306
                            ],
                            [
                                120.7469,
                                16.0281
                            ],
                            [
                                120.7452,
                                16.0319
                            ],
                            [
                                120.7419,
                                16.0304
                            ],
                            [
                                120.7411,
                                16.0333
                            ]
                        ]
                    ]
                ]
            }
        },
        {
            "type": "Feature",
            "properties": {
                "GID_3": "PHL.61.44.4_1",
                "GID_0": "PHL",
                "COUNTRY": "Philippines",
                "GID_1": "PHL.61_1",
                "NAME_1": "Pangasinan",
                "NL_NAME_1": "NA",
                "GID_2": "PHL.61.44_1",
                "NAME_2": "Tayug",
                "NL_NAME_2": "NA",
                "NAME_3": "BarangayB",
                "VARNAME_3": "Poblacion",
                "NL_NAME_3": "NA",
                "TYPE_3": "Barangay",
                "ENGTYPE_3": "Village",
                "CC_3": "NA",
                "HASC_3": "NA",
                "DISTRICT": 6
            },
            "geometry": {
                "type": "MultiPolygon",
                "coordinates": [
                    [
                        [
                            [
                                120.7419,
                                16.0304
                            ],
                            [
                                120.7452,
                                16.0319
                            ],
                            [
                                120.7469,
                                16.0281
                            ],
                            [
                                120.7451,
                                16.0221
                            ],
                            [
                                120.7404,
                                16.0303
                            ],
                            [
                                120.7419,
                                16.0304
                            ]
                        ]
                    ]
                ]
            }
        },
        {
            "type": "Feature",
            "properties": {
                "GID_3": "PHL.61.44.5_1",
                "GID_0": "PHL",
                "COUNTRY": "Philippines",
                "GID_1": "PHL.61_1",
                "NAME_1": "Pangasinan",
                "NL_NAME_1": "NA",
                "GID_2": "PHL.61.44_1",
                "NAME_2": "Tayug",
                "NL_NAME_2": "NA",
                "NAME_3": "BarangayC",
                "VARNAME_3": "Poblacion",
                "NL_NAME_3": "NA",
                "TYPE_3": "Barangay",
                "ENGTYPE_3": "Village",
                "CC_3": "NA",
                "HASC_3": "NA",
                "DISTRICT": 6
            },
            "geometry": {
                "type": "MultiPolygon",
                "coordinates": [
                    [
                        [
                            [
                                120.7368,
                                16.0299
                            ],
                            [
                                120.7372,
                                16.0323
                            ],
                            [
                                120.7411,
                                16.0333
                            ],
                            [
                                120.7419,
                                16.0304
                            ],
                            [
                                120.7368,
                                16.0299
                            ]
                        ]
                    ]
                ]
            }
        },
        {
            "type": "Feature",
            "properties": {
                "GID_3": "PHL.61.44.6_1",
                "GID_0": "PHL",
                "COUNTRY": "Philippines",
                "GID_1": "PHL.61_1",
                "NAME_1": "Pangasinan",
                "NL_NAME_1": "NA",
                "GID_2": "PHL.61.44_1",
                "NAME_2": "Tayug",
                "NL_NAME_2": "NA",
                "NAME_3": "BarangayD",
                "VARNAME_3": "Poblacion",
                "NL_NAME_3": "NA",
                "TYPE_3": "Barangay",
                "ENGTYPE_3": "Village",
                "CC_3": "NA",
                "HASC_3": "NA",
                "DISTRICT": 6
            },
            "geometry": {
                "type": "MultiPolygon",
                "coordinates": [
                    [
                        [
                            [
                                120.7363,
                                16.0271
                            ],
                            [
                                120.7368,
                                16.0299
                            ],
                            [
                                120.7404,
                                16.0303
                            ],
                            [
                                120.7451,
                                16.0221
                            ],
                            [
                                120.7436,
                                16.0198
                            ],
                            [
                                120.7399,
                                16.0274
                            ],
                            [
                                120.7363,
                                16.0271
                            ]
                        ]
                    ]
                ]
            }
        },
        {
            "type": "Feature",
            "properties": {
                "GID_3": "PHL.61.44.7_1",
                "GID_0": "PHL",
                "COUNTRY": "Philippines",
                "GID_1": "PHL.61_1",
                "NAME_1": "Pangasinan",
                "NL_NAME_1": "NA",
                "GID_2": "PHL.61.44_1",
                "NAME_2": "Tayug",
                "NL_NAME_2": "NA",
                "NAME_3": "Barangobong",
                "VARNAME_3": "NA",
                "NL_NAME_3": "NA",
                "TYPE_3": "Barangay",
                "ENGTYPE_3": "Village",
                "CC_3": "NA",
                "HASC_3": "NA",
                "DISTRICT": 6
            },
            "geometry": {
                "type": "MultiPolygon",
                "coordinates": [
                    [
                        [
                            [
                                120.709,
                                16.002
                            ],
                            [
                                120.7132,
                                16.005
                            ],
                            [
                                120.7133,
                                16.011
                            ],
                            [
                                120.7193,
                                16.0176
                            ],
                            [
                                120.721,
                                16.0134
                            ],
                            [
                                120.7307,
                                16.0162
                            ],
                            [
                                120.7324,
                                16.0108
                            ],
                            [
                                120.7256,
                                16.0011
                            ],
                            [
                                120.709,
                                16.002
                            ]
                        ]
                    ]
                ]
            }
        },
        {
            "type": "Feature",
            "properties": {
                "GID_3": "PHL.61.44.8_1",
                "GID_0": "PHL",
                "COUNTRY": "Philippines",
                "GID_1": "PHL.61_1",
                "NAME_1": "Pangasinan",
                "NL_NAME_1": "NA",
                "GID_2": "PHL.61.44_1",
                "NAME_2": "Tayug",
                "NL_NAME_2": "NA",
                "NAME_3": "C.Lichauco",
                "VARNAME_3": "NA",
                "NL_NAME_3": "NA",
                "TYPE_3": "Barangay",
                "ENGTYPE_3": "Village",
                "CC_3": "NA",
                "HASC_3": "NA",
                "DISTRICT": 6
            },
            "geometry": {
                "type": "MultiPolygon",
                "coordinates": [
                    [
                        [
                            [
                                120.7814,
                                15.987
                            ],
                            [
                                120.7775,
                                15.9808
                            ],
                            [
                                120.7719,
                                15.978
                            ],
                            [
                                120.7674,
                                15.9783
                            ],
                            [
                                120.76,
                                15.9741
                            ],
                            [
                                120.753,
                                15.9818
                            ],
                            [
                                120.7461,
                                15.9864
                            ],
                            [
                                120.754,
                                15.9867
                            ],
                            [
                                120.7626,
                                15.9928
                            ],
                            [
                                120.7825,
                                15.9899
                            ],
                            [
                                120.7814,
                                15.987
                            ]
                        ]
                    ]
                ]
            }
        },
        {
            "type": "Feature",
            "properties": {
                "GID_3": "PHL.61.44.9_1",
                "GID_0": "PHL",
                "COUNTRY": "Philippines",
                "GID_1": "PHL.61_1",
                "NAME_1": "Pangasinan",
                "NL_NAME_1": "NA",
                "GID_2": "PHL.61.44_1",
                "NAME_2": "Tayug",
                "NL_NAME_2": "NA",
                "NAME_3": "Carriedo",
                "VARNAME_3": "NA",
                "NL_NAME_3": "NA",
                "TYPE_3": "Barangay",
                "ENGTYPE_3": "Village",
                "CC_3": "NA",
                "HASC_3": "NA",
                "DISTRICT": 6
            },
            "geometry": {
                "type": "MultiPolygon",
                "coordinates": [
                    [
                        [
                            [
                                120.7628,
                                16.0476
                            ],
                            [
                                120.7685,
                                16.0321
                            ],
                            [
                                120.7486,
                                16.0316
                            ],
                            [
                                120.7454,
                                16.0353
                            ],
                            [
                                120.7628,
                                16.0476
                            ]
                        ]
                    ]
                ]
            }
        },
        {
            "type": "Feature",
            "properties": {
                "GID_3": "PHL.61.44.10_1",
                "GID_0": "PHL",
                "COUNTRY": "Philippines",
                "GID_1": "PHL.61_1",
                "NAME_1": "Pangasinan",
                "NL_NAME_1": "NA",
                "GID_2": "PHL.61.44_1",
                "NAME_2": "Tayug",
                "NL_NAME_2": "NA",
                "NAME_3": "Evangelista",
                "VARNAME_3": "NA",
                "NL_NAME_3": "NA",
                "TYPE_3": "Barangay",
                "ENGTYPE_3": "Village",
                "CC_3": "NA",
                "HASC_3": "NA",
                "DISTRICT": 6
            },
            "geometry": {
                "type": "MultiPolygon",
                "coordinates": [
                    [
                        [
                            [
                                120.7324,
                                16.0108
                            ],
                            [
                                120.7341,
                                16.0145
                            ],
                            [
                                120.7438,
                                16.0194
                            ],
                            [
                                120.7501,
                                16.0063
                            ],
                            [
                                120.7456,
                                16.0017
                            ],
                            [
                                120.7324,
                                16.0108
                            ]
                        ]
                    ]
                ]
            }
        },
        {
            "type": "Feature",
            "properties": {
                "GID_3": "PHL.61.44.11_1",
                "GID_0": "PHL",
                "COUNTRY": "Philippines",
                "GID_1": "PHL.61_1",
                "NAME_1": "Pangasinan",
                "NL_NAME_1": "NA",
                "GID_2": "PHL.61.44_1",
                "NAME_2": "Tayug",
                "NL_NAME_2": "NA",
                "NAME_3": "Guzon",
                "VARNAME_3": "NA",
                "NL_NAME_3": "NA",
                "TYPE_3": "Barangay",
                "ENGTYPE_3": "Village",
                "CC_3": "NA",
                "HASC_3": "NA",
                "DISTRICT": 6
            },
            "geometry": {
                "type": "MultiPolygon",
                "coordinates": [
                    [
                        [
                            [
                                120.7006,
                                16.0319
                            ],
                            [
                                120.7039,
                                16.0349
                            ],
                            [
                                120.7094,
                                16.0457
                            ],
                            [
                                120.7086,
                                16.0509
                            ],
                            [
                                120.7106,
                                16.0572
                            ],
                            [
                                120.7202,
                                16.0519
                            ],
                            [
                                120.7161,
                                16.0457
                            ],
                            [
                                120.7186,
                                16.0383
                            ],
                            [
                                120.7155,
                                16.0289
                            ],
                            [
                                120.7165,
                                16.0229
                            ],
                            [
                                120.7147,
                                16.0162
                            ],
                            [
                                120.7108,
                                16.0156
                            ],
                            [
                                120.7095,
                                16.0131
                            ],
                            [
                                120.7068,
                                16.0132
                            ],
                            [
                                120.7012,
                                16.0187
                            ],
                            [
                                120.6989,
                                16.0239
                            ],
                            [
                                120.7011,
                                16.0294
                            ],
                            [
                                120.7006,
                                16.0319
                            ]
                        ]
                    ]
                ]
            }
        },
        {
            "type": "Feature",
            "properties": {
                "GID_3": "PHL.61.44.12_1",
                "GID_0": "PHL",
                "COUNTRY": "Philippines",
                "GID_1": "PHL.61_1",
                "NAME_1": "Pangasinan",
                "NL_NAME_1": "NA",
                "GID_2": "PHL.61.44_1",
                "NAME_2": "Tayug",
                "NL_NAME_2": "NA",
                "NAME_3": "Lawak",
                "VARNAME_3": "NA",
                "NL_NAME_3": "NA",
                "TYPE_3": "Barangay",
                "ENGTYPE_3": "Village",
                "CC_3": "NA",
                "HASC_3": "NA",
                "DISTRICT": 6
            },
            "geometry": {
                "type": "MultiPolygon",
                "coordinates": [
                    [
                        [
                            [
                                120.7461,
                                15.9864
                            ],
                            [
                                120.7431,
                                15.9888
                            ],
                            [
                                120.7487,
                                15.9931
                            ],
                            [
                                120.7456,
                                16.0017
                            ],
                            [
                                120.7501,
                                16.0063
                            ],
                            [
                                120.7604,
                                16.0063
                            ],
                            [
                                120.7618,
                                16.0046
                            ],
                            [
                                120.7548,
                                15.9988
                            ],
                            [
                                120.754,
                                15.9867
                            ],
                            [
                                120.7461,
                                15.9864
                            ]
                        ]
                    ]
                ]
            }
        },
        {
            "type": "Feature",
            "properties": {
                "GID_3": "PHL.61.44.13_1",
                "GID_0": "PHL",
                "COUNTRY": "Philippines",
                "GID_1": "PHL.61_1",
                "NAME_1": "Pangasinan",
                "NL_NAME_1": "NA",
                "GID_2": "PHL.61.44_1",
                "NAME_2": "Tayug",
                "NL_NAME_2": "NA",
                "NAME_3": "Legaspi",
                "VARNAME_3": "NA",
                "NL_NAME_3": "NA",
                "TYPE_3": "Barangay",
                "ENGTYPE_3": "Village",
                "CC_3": "NA",
                "HASC_3": "NA",
                "DISTRICT": 6
            },
            "geometry": {
                "type": "MultiPolygon",
                "coordinates": [
                    [
                        [
                            [
                                120.7202,
                                16.0519
                            ],
                            [
                                120.7235,
                                16.055
                            ],
                            [
                                120.7475,
                                16.0527
                            ],
                            [
                                120.7573,
                                16.054
                            ],
                            [
                                120.7628,
                                16.0476
                            ],
                            [
                                120.7489,
                                16.0381
                            ],
                            [
                                120.7163,
                                16.0463
                            ],
                            [
                                120.7202,
                                16.0519
                            ]
                        ]
                    ]
                ]
            }
        },
        {
            "type": "Feature",
            "properties": {
                "GID_3": "PHL.61.44.14_1",
                "GID_0": "PHL",
                "COUNTRY": "Philippines",
                "GID_1": "PHL.61_1",
                "NAME_1": "Pangasinan",
                "NL_NAME_1": "NA",
                "GID_2": "PHL.61.44_1",
                "NAME_2": "Tayug",
                "NL_NAME_2": "NA",
                "NAME_3": "Libertad",
                "VARNAME_3": "NA",
                "NL_NAME_3": "NA",
                "TYPE_3": "Barangay",
                "ENGTYPE_3": "Village",
                "CC_3": "NA",
                "HASC_3": "NA",
                "DISTRICT": 6
            },
            "geometry": {
                "type": "MultiPolygon",
                "coordinates": [
                    [
                        [
                            [
                                120.7704,
                                16.0282
                            ],
                            [
                                120.774,
                                16.023
                            ],
                            [
                                120.7651,
                                16.0176
                            ],
                            [
                                120.745,
                                16.0169
                            ],
                            [
                                120.7436,
                                16.0198
                            ],
                            [
                                120.7467,
                                16.0246
                            ],
                            [
                                120.7704,
                                16.0282
                            ]
                        ]
                    ]
                ]
            }
        },
        {
            "type": "Feature",
            "properties": {
                "GID_3": "PHL.61.44.15_1",
                "GID_0": "PHL",
                "COUNTRY": "Philippines",
                "GID_1": "PHL.61_1",
                "NAME_1": "Pangasinan",
                "NL_NAME_1": "NA",
                "GID_2": "PHL.61.44_1",
                "NAME_2": "Tayug",
                "NL_NAME_2": "NA",
                "NAME_3": "Magallanes",
                "VARNAME_3": "NA",
                "NL_NAME_3": "NA",
                "TYPE_3": "Barangay",
                "ENGTYPE_3": "Village",
                "CC_3": "NA",
                "HASC_3": "NA",
                "DISTRICT": 6
            },
            "geometry": {
                "type": "MultiPolygon",
                "coordinates": [
                    [
                        [
                            [
                                120.7193,
                                16.0176
                            ],
                            [
                                120.7244,
                                16.0233
                            ],
                            [
                                120.7363,
                                16.0271
                            ],
                            [
                                120.7399,
                                16.0274
                            ],
                            [
                                120.7438,
                                16.0194
                            ],
                            [
                                120.7341,
                                16.0145
                            ],
                            [
                                120.7324,
                                16.0116
                            ],
                            [
                                120.7307,
                                16.0162
                            ],
                            [
                                120.721,
                                16.0134
                            ],
                            [
                                120.7193,
                                16.0176
                            ]
                        ]
                    ]
                ]
            }
        },
        {
            "type": "Feature",
            "properties": {
                "GID_3": "PHL.61.44.16_1",
                "GID_0": "PHL",
                "COUNTRY": "Philippines",
                "GID_1": "PHL.61_1",
                "NAME_1": "Pangasinan",
                "NL_NAME_1": "NA",
                "GID_2": "PHL.61.44_1",
                "NAME_2": "Tayug",
                "NL_NAME_2": "NA",
                "NAME_3": "Panganiban",
                "VARNAME_3": "NA",
                "NL_NAME_3": "NA",
                "TYPE_3": "Barangay",
                "ENGTYPE_3": "Village",
                "CC_3": "NA",
                "HASC_3": "NA",
                "DISTRICT": 6
            },
            "geometry": {
                "type": "MultiPolygon",
                "coordinates": [
                    [
                        [
                            [
                                120.7777,
                                16.0148
                            ],
                            [
                                120.7824,
                                16.0036
                            ],
                            [
                                120.7622,
                                16.001
                            ],
                            [
                                120.7618,
                                16.0046
                            ],
                            [
                                120.7601,
                                16.0059
                            ],
                            [
                                120.7612,
                                16.0096
                            ],
                            [
                                120.7655,
                                16.0129
                            ],
                            [
                                120.7777,
                                16.0148
                            ]
                        ]
                    ]
                ]
            }
        },
        {
            "type": "Feature",
            "properties": {
                "GID_3": "PHL.61.44.17_1",
                "GID_0": "PHL",
                "COUNTRY": "Philippines",
                "GID_1": "PHL.61_1",
                "NAME_1": "Pangasinan",
                "NL_NAME_1": "NA",
                "GID_2": "PHL.61.44_1",
                "NAME_2": "Tayug",
                "NL_NAME_2": "NA",
                "NAME_3": "Saleng",
                "VARNAME_3": "NA",
                "NL_NAME_3": "NA",
                "TYPE_3": "Barangay",
                "ENGTYPE_3": "Village",
                "CC_3": "NA",
                "HASC_3": "NA",
                "DISTRICT": 6
            },
            "geometry": {
                "type": "MultiPolygon",
                "coordinates": [
                    [
                        [
                            [
                                120.7626,
                                15.9928
                            ],
                            [
                                120.754,
                                15.9867
                            ],
                            [
                                120.7548,
                                15.9988
                            ],
                            [
                                120.7618,
                                16.0046
                            ],
                            [
                                120.7626,
                                15.9928
                            ]
                        ]
                    ]
                ]
            }
        },
        {
            "type": "Feature",
            "properties": {
                "GID_3": "PHL.61.44.18_1",
                "GID_0": "PHL",
                "COUNTRY": "Philippines",
                "GID_1": "PHL.61_1",
                "NAME_1": "Pangasinan",
                "NL_NAME_1": "NA",
                "GID_2": "PHL.61.44_1",
                "NAME_2": "Tayug",
                "NL_NAME_2": "NA",
                "NAME_3": "SantoDomingo",
                "VARNAME_3": "NA",
                "NL_NAME_3": "NA",
                "TYPE_3": "Barangay",
                "ENGTYPE_3": "Village",
                "CC_3": "NA",
                "HASC_3": "NA",
                "DISTRICT": 6
            },
            "geometry": {
                "type": "MultiPolygon",
                "coordinates": [
                    [
                        [
                            [
                                120.7431,
                                15.9888
                            ],
                            [
                                120.7256,
                                16.0011
                            ],
                            [
                                120.7324,
                                16.0108
                            ],
                            [
                                120.7456,
                                16.0017
                            ],
                            [
                                120.7487,
                                15.9931
                            ],
                            [
                                120.7431,
                                15.9888
                            ]
                        ]
                    ]
                ]
            }
        },
        {
            "type": "Feature",
            "properties": {
                "GID_3": "PHL.61.44.19_1",
                "GID_0": "PHL",
                "COUNTRY": "Philippines",
                "GID_1": "PHL.61_1",
                "NAME_1": "Pangasinan",
                "NL_NAME_1": "NA",
                "GID_2": "PHL.61.44_1",
                "NAME_2": "Tayug",
                "NL_NAME_2": "NA",
                "NAME_3": "Toketec",
                "VARNAME_3": "NA",
                "NL_NAME_3": "NA",
                "TYPE_3": "Barangay",
                "ENGTYPE_3": "Village",
                "CC_3": "NA",
                "HASC_3": "NA",
                "DISTRICT": 6
            },
            "geometry": {
                "type": "MultiPolygon",
                "coordinates": [
                    [
                        [
                            [
                                120.774,
                                16.023
                            ],
                            [
                                120.7777,
                                16.0148
                            ],
                            [
                                120.7655,
                                16.0129
                            ],
                            [
                                120.7612,
                                16.0096
                            ],
                            [
                                120.7604,
                                16.0063
                            ],
                            [
                                120.7501,
                                16.0063
                            ],
                            [
                                120.745,
                                16.0169
                            ],
                            [
                                120.7651,
                                16.0176
                            ],
                            [
                                120.774,
                                16.023
                            ]
                        ]
                    ]
                ]
            }
        },
        {
            "type": "Feature",
            "properties": {
                "GID_3": "PHL.61.44.20_1",
                "GID_0": "PHL",
                "COUNTRY": "Philippines",
                "GID_1": "PHL.61_1",
                "NAME_1": "Pangasinan",
                "NL_NAME_1": "NA",
                "GID_2": "PHL.61.44_1",
                "NAME_2": "Tayug",
                "NL_NAME_2": "NA",
                "NAME_3": "Trenchera",
                "VARNAME_3": "NA",
                "NL_NAME_3": "NA",
                "TYPE_3": "Barangay",
                "ENGTYPE_3": "Village",
                "CC_3": "NA",
                "HASC_3": "NA",
                "DISTRICT": 6
            },
            "geometry": {
                "type": "MultiPolygon",
                "coordinates": [
                    [
                        [
                            [
                                120.7685,
                                16.0321
                            ],
                            [
                                120.7704,
                                16.0282
                            ],
                            [
                                120.7476,
                                16.0245
                            ],
                            [
                                120.7457,
                                16.0267
                            ],
                            [
                                120.7486,
                                16.0316
                            ],
                            [
                                120.7685,
                                16.0321
                            ]
                        ]
                    ]
                ]
            }
        },
        {
            "type": "Feature",
            "properties": {
                "GID_3": "PHL.61.44.21_1",
                "GID_0": "PHL",
                "COUNTRY": "Philippines",
                "GID_1": "PHL.61_1",
                "NAME_1": "Pangasinan",
                "NL_NAME_1": "NA",
                "GID_2": "PHL.61.44_1",
                "NAME_2": "Tayug",
                "NL_NAME_2": "NA",
                "NAME_3": "Zamora",
                "VARNAME_3": "NA",
                "NL_NAME_3": "NA",
                "TYPE_3": "Barangay",
                "ENGTYPE_3": "Village",
                "CC_3": "NA",
                "HASC_3": "NA",
                "DISTRICT": 6
            },
            "geometry": {
                "type": "MultiPolygon",
                "coordinates": [
                    [
                        [
                            [
                                120.7824,
                                16.0036
                            ],
                            [
                                120.7837,
                                15.9968
                            ],
                            [
                                120.7825,
                                15.9899
                            ],
                            [
                                120.7626,
                                15.9928
                            ],
                            [
                                120.7622,
                                16.001
                            ],
                            [
                                120.7824,
                                16.0036
                            ]
                        ]
                    ]
                ]
            }
        },
        {
            "type": "Feature",
            "properties": {
                "GID_3": "PHL.61.45.1_1",
                "GID_0": "PHL",
                "COUNTRY": "Philippines",
                "GID_1": "PHL.61_1",
                "NAME_1": "Pangasinan",
                "NL_NAME_1": "NA",
                "GID_2": "PHL.61.45_1",
                "NAME_2": "Umingan",
                "NL_NAME_2": "NA",
                "NAME_3": "AbotMolina",
                "VARNAME_3": "NA",
                "NL_NAME_3": "NA",
                "TYPE_3": "Barangay",
                "ENGTYPE_3": "Village",
                "CC_3": "NA",
                "HASC_3": "NA",
                "DISTRICT": 6
            },
            "geometry": {
                "type": "MultiPolygon",
                "coordinates": [
                    [
                        [
                            [
                                120.8347,
                                15.9147
                            ],
                            [
                                120.8462,
                                15.9095
                            ],
                            [
                                120.8451,
                                15.899
                            ],
                            [
                                120.8291,
                                15.8918
                            ],
                            [
                                120.8266,
                                15.8932
                            ],
                            [
                                120.8269,
                                15.8993
                            ],
                            [
                                120.8255,
                                15.9023
                            ],
                            [
                                120.8283,
                                15.9042
                            ],
                            [
                                120.8311,
                                15.9122
                            ],
                            [
                                120.8347,
                                15.9147
                            ]
                        ]
                    ]
                ]
            }
        },
        {
            "type": "Feature",
            "properties": {
                "GID_3": "PHL.61.45.2_1",
                "GID_0": "PHL",
                "COUNTRY": "Philippines",
                "GID_1": "PHL.61_1",
                "NAME_1": "Pangasinan",
                "NL_NAME_1": "NA",
                "GID_2": "PHL.61.45_1",
                "NAME_2": "Umingan",
                "NL_NAME_2": "NA",
                "NAME_3": "Alo-O",
                "VARNAME_3": "NA",
                "NL_NAME_3": "NA",
                "TYPE_3": "Barangay",
                "ENGTYPE_3": "Village",
                "CC_3": "NA",
                "HASC_3": "NA",
                "DISTRICT": 6
            },
            "geometry": {
                "type": "MultiPolygon",
                "coordinates": [
                    [
                        [
                            [
                                120.8854,
                                15.8964
                            ],
                            [
                                120.882,
                                15.8899
                            ],
                            [
                                120.8697,
                                15.8961
                            ],
                            [
                                120.875,
                                15.899
                            ],
                            [
                                120.8822,
                                15.906
                            ],
                            [
                                120.887,
                                15.9073
                            ],
                            [
                                120.8879,
                                15.914
                            ],
                            [
                                120.8934,
                                15.9175
                            ],
                            [
                                120.9006,
                                15.9094
                            ],
                            [
                                120.8893,
                                15.9027
                            ],
                            [
                                120.8854,
                                15.8964
                            ]
                        ]
                    ]
                ]
            }
        },
        {
            "type": "Feature",
            "properties": {
                "GID_3": "PHL.61.45.3_1",
                "GID_0": "PHL",
                "COUNTRY": "Philippines",
                "GID_1": "PHL.61_1",
                "NAME_1": "Pangasinan",
                "NL_NAME_1": "NA",
                "GID_2": "PHL.61.45_1",
                "NAME_2": "Umingan",
                "NL_NAME_2": "NA",
                "NAME_3": "Amaronan",
                "VARNAME_3": "NA",
                "NL_NAME_3": "NA",
                "TYPE_3": "Barangay",
                "ENGTYPE_3": "Village",
                "CC_3": "NA",
                "HASC_3": "NA",
                "DISTRICT": 6
            },
            "geometry": {
                "type": "MultiPolygon",
                "coordinates": [
                    [
                        [
                            [
                                120.8217,
                                15.9552
                            ],
                            [
                                120.8322,
                                15.9563
                            ],
                            [
                                120.8365,
                                15.9586
                            ],
                            [
                                120.8356,
                                15.9532
                            ],
                            [
                                120.8384,
                                15.9417
                            ],
                            [
                                120.83,
                                15.9365
                            ],
                            [
                                120.826,
                                15.9383
                            ],
                            [
                                120.8202,
                                15.943
                            ],
                            [
                                120.8217,
                                15.9552
                            ]
                        ]
                    ]
                ]
            }
        },
        {
            "type": "Feature",
            "properties": {
                "GID_3": "PHL.61.45.4_1",
                "GID_0": "PHL",
                "COUNTRY": "Philippines",
                "GID_1": "PHL.61_1",
                "NAME_1": "Pangasinan",
                "NL_NAME_1": "NA",
                "GID_2": "PHL.61.45_1",
                "NAME_2": "Umingan",
                "NL_NAME_2": "NA",
                "NAME_3": "Annam",
                "VARNAME_3": "NA",
                "NL_NAME_3": "NA",
                "TYPE_3": "Barangay",
                "ENGTYPE_3": "Village",
                "CC_3": "NA",
                "HASC_3": "NA",
                "DISTRICT": 6
            },
            "geometry": {
                "type": "MultiPolygon",
                "coordinates": [
                    [
                        [
                            [
                                120.8543,
                                15.9558
                            ],
                            [
                                120.8637,
                                15.9614
                            ],
                            [
                                120.8651,
                                15.962
                            ],
                            [
                                120.8659,
                                15.9607
                            ],
                            [
                                120.868,
                                15.9393
                            ],
                            [
                                120.8603,
                                15.9355
                            ],
                            [
                                120.8604,
                                15.9343
                            ],
                            [
                                120.8555,
                                15.9349
                            ],
                            [
                                120.8509,
                                15.9377
                            ],
                            [
                                120.8546,
                                15.9486
                            ],
                            [
                                120.8543,
                                15.9558
                            ]
                        ]
                    ]
                ]
            }
        },
        {
            "type": "Feature",
            "properties": {
                "GID_3": "PHL.61.45.5_1",
                "GID_0": "PHL",
                "COUNTRY": "Philippines",
                "GID_1": "PHL.61_1",
                "NAME_1": "Pangasinan",
                "NL_NAME_1": "NA",
                "GID_2": "PHL.61.45_1",
                "NAME_2": "Umingan",
                "NL_NAME_2": "NA",
                "NAME_3": "Bantug",
                "VARNAME_3": "NA",
                "NL_NAME_3": "NA",
                "TYPE_3": "Barangay",
                "ENGTYPE_3": "Village",
                "CC_3": "NA",
                "HASC_3": "NA",
                "DISTRICT": 6
            },
            "geometry": {
                "type": "MultiPolygon",
                "coordinates": [
                    [
                        [
                            [
                                120.8465,
                                15.9085
                            ],
                            [
                                120.8349,
                                15.9143
                            ],
                            [
                                120.8332,
                                15.9203
                            ],
                            [
                                120.846,
                                15.9213
                            ],
                            [
                                120.855,
                                15.9148
                            ],
                            [
                                120.8638,
                                15.9125
                            ],
                            [
                                120.8465,
                                15.9085
                            ]
                        ]
                    ]
                ]
            }
        },
        {
            "type": "Feature",
            "properties": {
                "GID_3": "PHL.61.45.6_1",
                "GID_0": "PHL",
                "COUNTRY": "Philippines",
                "GID_1": "PHL.61_1",
                "NAME_1": "Pangasinan",
                "NL_NAME_1": "NA",
                "GID_2": "PHL.61.45_1",
                "NAME_2": "Umingan",
                "NL_NAME_2": "NA",
                "NAME_3": "Baracbac",
                "VARNAME_3": "NA",
                "NL_NAME_3": "NA",
                "TYPE_3": "Barangay",
                "ENGTYPE_3": "Village",
                "CC_3": "NA",
                "HASC_3": "NA",
                "DISTRICT": 6
            },
            "geometry": {
                "type": "MultiPolygon",
                "coordinates": [
                    [
                        [
                            [
                                120.8684,
                                15.8595
                            ],
                            [
                                120.8666,
                                15.8545
                            ],
                            [
                                120.8665,
                                15.845
                            ],
                            [
                                120.8592,
                                15.8308
                            ],
                            [
                                120.861,
                                15.8266
                            ],
                            [
                                120.8587,
                                15.8216
                            ],
                            [
                                120.8508,
                                15.8173
                            ],
                            [
                                120.8386,
                                15.8137
                            ],
                            [
                                120.8361,
                                15.8232
                            ],
                            [
                                120.8365,
                                15.8358
                            ],
                            [
                                120.8392,
                                15.8424
                            ],
                            [
                                120.8441,
                                15.8447
                            ],
                            [
                                120.8445,
                                15.8501
                            ],
                            [
                                120.8418,
                                15.8517
                            ],
                            [
                                120.8402,
                                15.8588
                            ],
                            [
                                120.8329,
                                15.8673
                            ],
                            [
                                120.8406,
                                15.8671
                            ],
                            [
                                120.8416,
                                15.8652
                            ],
                            [
                                120.8454,
                                15.8668
                            ],
                            [
                                120.8524,
                                15.8662
                            ],
                            [
                                120.8606,
                                15.8726
                            ],
                            [
                                120.864,
                                15.8639
                            ],
                            [
                                120.8693,
                                15.8658
                            ],
                            [
                                120.8684,
                                15.8595
                            ]
                        ]
                    ]
                ]
            }
        },
        {
            "type": "Feature",
            "properties": {
                "GID_3": "PHL.61.45.7_1",
                "GID_0": "PHL",
                "COUNTRY": "Philippines",
                "GID_1": "PHL.61_1",
                "NAME_1": "Pangasinan",
                "NL_NAME_1": "NA",
                "GID_2": "PHL.61.45_1",
                "NAME_2": "Umingan",
                "NL_NAME_2": "NA",
                "NAME_3": "Barat",
                "VARNAME_3": "NA",
                "NL_NAME_3": "NA",
                "TYPE_3": "Barangay",
                "ENGTYPE_3": "Village",
                "CC_3": "NA",
                "HASC_3": "NA",
                "DISTRICT": 6
            },
            "geometry": {
                "type": "MultiPolygon",
                "coordinates": [
                    [
                        [
                            [
                                120.8009,
                                15.9518
                            ],
                            [
                                120.8217,
                                15.9552
                            ],
                            [
                                120.8221,
                                15.9508
                            ],
                            [
                                120.8198,
                                15.9447
                            ],
                            [
                                120.8213,
                                15.9346
                            ],
                            [
                                120.8182,
                                15.9299
                            ],
                            [
                                120.8068,
                                15.9285
                            ],
                            [
                                120.8038,
                                15.9412
                            ],
                            [
                                120.801,
                                15.9455
                            ],
                            [
                                120.8021,
                                15.9493
                            ],
                            [
                                120.8009,
                                15.9518
                            ]
                        ]
                    ]
                ]
            }
        },
        {
            "type": "Feature",
            "properties": {
                "GID_3": "PHL.61.45.8_1",
                "GID_0": "PHL",
                "COUNTRY": "Philippines",
                "GID_1": "PHL.61_1",
                "NAME_1": "Pangasinan",
                "NL_NAME_1": "NA",
                "GID_2": "PHL.61.45_1",
                "NAME_2": "Umingan",
                "NL_NAME_2": "NA",
                "NAME_3": "Buenavista",
                "VARNAME_3": "NA",
                "NL_NAME_3": "NA",
                "TYPE_3": "Barangay",
                "ENGTYPE_3": "Village",
                "CC_3": "NA",
                "HASC_3": "NA",
                "DISTRICT": 6
            },
            "geometry": {
                "type": "MultiPolygon",
                "coordinates": [
                    [
                        [
                            [
                                120.7914,
                                15.9515
                            ],
                            [
                                120.7938,
                                15.9513
                            ],
                            [
                                120.7952,
                                15.9399
                            ],
                            [
                                120.7939,
                                15.9307
                            ],
                            [
                                120.7906,
                                15.9307
                            ],
                            [
                                120.793,
                                15.9277
                            ],
                            [
                                120.7905,
                                15.9265
                            ],
                            [
                                120.7826,
                                15.9281
                            ],
                            [
                                120.7816,
                                15.9307
                            ],
                            [
                                120.7857,
                                15.9439
                            ],
                            [
                                120.7847,
                                15.9497
                            ],
                            [
                                120.7914,
                                15.9515
                            ]
                        ]
                    ]
                ]
            }
        },
        {
            "type": "Feature",
            "properties": {
                "GID_3": "PHL.61.45.9_1",
                "GID_0": "PHL",
                "COUNTRY": "Philippines",
                "GID_1": "PHL.61_1",
                "NAME_1": "Pangasinan",
                "NL_NAME_1": "NA",
                "GID_2": "PHL.61.45_1",
                "NAME_2": "Umingan",
                "NL_NAME_2": "NA",
                "NAME_3": "Cabalitian",
                "VARNAME_3": "NA",
                "NL_NAME_3": "NA",
                "TYPE_3": "Barangay",
                "ENGTYPE_3": "Village",
                "CC_3": "NA",
                "HASC_3": "NA",
                "DISTRICT": 6
            },
            "geometry": {
                "type": "MultiPolygon",
                "coordinates": [
                    [
                        [
                            [
                                120.7533,
                                15.9272
                            ],
                            [
                                120.7459,
                                15.9208
                            ],
                            [
                                120.7434,
                                15.9253
                            ],
                            [
                                120.7397,
                                15.928
                            ],
                            [
                                120.7481,
                                15.9342
                            ],
                            [
                                120.7533,
                                15.9272
                            ]
                        ]
                    ]
                ]
            }
        },
        {
            "type": "Feature",
            "properties": {
                "GID_3": "PHL.61.45.10_1",
                "GID_0": "PHL",
                "COUNTRY": "Philippines",
                "GID_1": "PHL.61_1",
                "NAME_1": "Pangasinan",
                "NL_NAME_1": "NA",
                "GID_2": "PHL.61.45_1",
                "NAME_2": "Umingan",
                "NL_NAME_2": "NA",
                "NAME_3": "Cabangaran",
                "VARNAME_3": "NA",
                "NL_NAME_3": "NA",
                "TYPE_3": "Barangay",
                "ENGTYPE_3": "Village",
                "CC_3": "NA",
                "HASC_3": "NA",
                "DISTRICT": 6
            },
            "geometry": {
                "type": "MultiPolygon",
                "coordinates": [
                    [
                        [
                            [
                                120.8771,
                                15.8751
                            ],
                            [
                                120.8756,
                                15.8704
                            ],
                            [
                                120.864,
                                15.8639
                            ],
                            [
                                120.8573,
                                15.8807
                            ],
                            [
                                120.8647,
                                15.8834
                            ],
                            [
                                120.8673,
                                15.8815
                            ],
                            [
                                120.8776,
                                15.8857
                            ],
                            [
                                120.8771,
                                15.8751
                            ]
                        ]
                    ]
                ]
            }
        },
        {
            "type": "Feature",
            "properties": {
                "GID_3": "PHL.61.45.11_1",
                "GID_0": "PHL",
                "COUNTRY": "Philippines",
                "GID_1": "PHL.61_1",
                "NAME_1": "Pangasinan",
                "NL_NAME_1": "NA",
                "GID_2": "PHL.61.45_1",
                "NAME_2": "Umingan",
                "NL_NAME_2": "NA",
                "NAME_3": "Cabaruan",
                "VARNAME_3": "NA",
                "NL_NAME_3": "NA",
                "TYPE_3": "Barangay",
                "ENGTYPE_3": "Village",
                "CC_3": "NA",
                "HASC_3": "NA",
                "DISTRICT": 6
            },
            "geometry": {
                "type": "MultiPolygon",
                "coordinates": [
                    [
                        [
                            [
                                120.7343,
                                15.9131
                            ],
                            [
                                120.7375,
                                15.9114
                            ],
                            [
                                120.7419,
                                15.9008
                            ],
                            [
                                120.7506,
                                15.8897
                            ],
                            [
                                120.7452,
                                15.8888
                            ],
                            [
                                120.7429,
                                15.8913
                            ],
                            [
                                120.7344,
                                15.9043
                            ],
                            [
                                120.7343,
                                15.9131
                            ]
                        ]
                    ]
                ]
            }
        },
        {
            "type": "Feature",
            "properties": {
                "GID_3": "PHL.61.45.12_1",
                "GID_0": "PHL",
                "COUNTRY": "Philippines",
                "GID_1": "PHL.61_1",
                "NAME_1": "Pangasinan",
                "NL_NAME_1": "NA",
                "GID_2": "PHL.61.45_1",
                "NAME_2": "Umingan",
                "NL_NAME_2": "NA",
                "NAME_3": "Cabatuan",
                "VARNAME_3": "NA",
                "NL_NAME_3": "NA",
                "TYPE_3": "Barangay",
                "ENGTYPE_3": "Village",
                "CC_3": "NA",
                "HASC_3": "NA",
                "DISTRICT": 6
            },
            "geometry": {
                "type": "MultiPolygon",
                "coordinates": [
                    [
                        [
                            [
                                120.8451,
                                15.899
                            ],
                            [
                                120.8477,
                                15.9095
                            ],
                            [
                                120.8553,
                                15.9096
                            ],
                            [
                                120.8617,
                                15.9121
                            ],
                            [
                                120.8676,
                                15.8956
                            ],
                            [
                                120.8519,
                                15.8918
                            ],
                            [
                                120.8469,
                                15.8934
                            ],
                            [
                                120.8451,
                                15.899
                            ]
                        ]
                    ]
                ]
            }
        },
        {
            "type": "Feature",
            "properties": {
                "GID_3": "PHL.61.45.13_1",
                "GID_0": "PHL",
                "COUNTRY": "Philippines",
                "GID_1": "PHL.61_1",
                "NAME_1": "Pangasinan",
                "NL_NAME_1": "NA",
                "GID_2": "PHL.61.45_1",
                "NAME_2": "Umingan",
                "NL_NAME_2": "NA",
                "NAME_3": "Cadiz",
                "VARNAME_3": "NA",
                "NL_NAME_3": "NA",
                "TYPE_3": "Barangay",
                "ENGTYPE_3": "Village",
                "CC_3": "NA",
                "HASC_3": "NA",
                "DISTRICT": 6
            },
            "geometry": {
                "type": "MultiPolygon",
                "coordinates": [
                    [
                        [
                            [
                                120.7419,
                                15.8617
                            ],
                            [
                                120.7399,
                                15.8671
                            ],
                            [
                                120.7486,
                                15.8687
                            ],
                            [
                                120.761,
                                15.8739
                            ],
                            [
                                120.765,
                                15.8614
                            ],
                            [
                                120.745,
                                15.8539
                            ],
                            [
                                120.7419,
                                15.8617
                            ]
                        ]
                    ]
                ]
            }
        },
        {
            "type": "Feature",
            "properties": {
                "GID_3": "PHL.61.45.14_1",
                "GID_0": "PHL",
                "COUNTRY": "Philippines",
                "GID_1": "PHL.61_1",
                "NAME_1": "Pangasinan",
                "NL_NAME_1": "NA",
                "GID_2": "PHL.61.45_1",
                "NAME_2": "Umingan",
                "NL_NAME_2": "NA",
                "NAME_3": "Calitlitan",
                "VARNAME_3": "NA",
                "NL_NAME_3": "NA",
                "TYPE_3": "Barangay",
                "ENGTYPE_3": "Village",
                "CC_3": "NA",
                "HASC_3": "NA",
                "DISTRICT": 6
            },
            "geometry": {
                "type": "MultiPolygon",
                "coordinates": [
                    [
                        [
                            [
                                120.8553,
                                15.9651
                            ],
                            [
                                120.8788,
                                15.9754
                            ],
                            [
                                120.8821,
                                15.9579
                            ],
                            [
                                120.8662,
                                15.9538
                            ],
                            [
                                120.8651,
                                15.962
                            ],
                            [
                                120.8543,
                                15.9558
                            ],
                            [
                                120.8539,
                                15.9614
                            ],
                            [
                                120.8553,
                                15.9651
                            ]
                        ]
                    ]
                ]
            }
        },
        {
            "type": "Feature",
            "properties": {
                "GID_3": "PHL.61.45.15_1",
                "GID_0": "PHL",
                "COUNTRY": "Philippines",
                "GID_1": "PHL.61_1",
                "NAME_1": "Pangasinan",
                "NL_NAME_1": "NA",
                "GID_2": "PHL.61.45_1",
                "NAME_2": "Umingan",
                "NL_NAME_2": "NA",
                "NAME_3": "Capas",
                "VARNAME_3": "NA",
                "NL_NAME_3": "NA",
                "TYPE_3": "Barangay",
                "ENGTYPE_3": "Village",
                "CC_3": "NA",
                "HASC_3": "NA",
                "DISTRICT": 6
            },
            "geometry": {
                "type": "MultiPolygon",
                "coordinates": [
                    [
                        [
                            [
                                120.8347,
                                15.9147
                            ],
                            [
                                120.8311,
                                15.9122
                            ],
                            [
                                120.8292,
                                15.9072
                            ],
                            [
                                120.8245,
                                15.9089
                            ],
                            [
                                120.8184,
                                15.9074
                            ],
                            [
                                120.8151,
                                15.9086
                            ],
                            [
                                120.8158,
                                15.9101
                            ],
                            [
                                120.8238,
                                15.9132
                            ],
                            [
                                120.8274,
                                15.9165
                            ],
                            [
                                120.8288,
                                15.9204
                            ],
                            [
                                120.8332,
                                15.9203
                            ],
                            [
                                120.8347,
                                15.9147
                            ]
                        ]
                    ]
                ]
            }
        },
        {
            "type": "Feature",
            "properties": {
                "GID_3": "PHL.61.45.16_1",
                "GID_0": "PHL",
                "COUNTRY": "Philippines",
                "GID_1": "PHL.61_1",
                "NAME_1": "Pangasinan",
                "NL_NAME_1": "NA",
                "GID_2": "PHL.61.45_1",
                "NAME_2": "Umingan",
                "NL_NAME_2": "NA",
                "NAME_3": "CarayunganSur",
                "VARNAME_3": "NA",
                "NL_NAME_3": "NA",
                "TYPE_3": "Barangay",
                "ENGTYPE_3": "Village",
                "CC_3": "NA",
                "HASC_3": "NA",
                "DISTRICT": 6
            },
            "geometry": {
                "type": "MultiPolygon",
                "coordinates": [
                    [
                        [
                            [
                                120.8291,
                                15.8918
                            ],
                            [
                                120.8451,
                                15.899
                            ],
                            [
                                120.8467,
                                15.8937
                            ],
                            [
                                120.8524,
                                15.8902
                            ],
                            [
                                120.8539,
                                15.8876
                            ],
                            [
                                120.8536,
                                15.8816
                            ],
                            [
                                120.8387,
                                15.8825
                            ],
                            [
                                120.8351,
                                15.8844
                            ],
                            [
                                120.8291,
                                15.8918
                            ]
                        ]
                    ]
                ]
            }
        },
        {
            "type": "Feature",
            "properties": {
                "GID_3": "PHL.61.45.17_1",
                "GID_0": "PHL",
                "COUNTRY": "Philippines",
                "GID_1": "PHL.61_1",
                "NAME_1": "Pangasinan",
                "NL_NAME_1": "NA",
                "GID_2": "PHL.61.45_1",
                "NAME_2": "Umingan",
                "NL_NAME_2": "NA",
                "NAME_3": "Carosalesan",
                "VARNAME_3": "NA",
                "NL_NAME_3": "NA",
                "TYPE_3": "Barangay",
                "ENGTYPE_3": "Village",
                "CC_3": "NA",
                "HASC_3": "NA",
                "DISTRICT": 6
            },
            "geometry": {
                "type": "MultiPolygon",
                "coordinates": [
                    [
                        [
                            [
                                120.882,
                                15.8899
                            ],
                            [
                                120.8778,
                                15.888
                            ],
                            [
                                120.8776,
                                15.8857
                            ],
                            [
                                120.8746,
                                15.8835
                            ],
                            [
                                120.8673,
                                15.8815
                            ],
                            [
                                120.8647,
                                15.8834
                            ],
                            [
                                120.8586,
                                15.8802
                            ],
                            [
                                120.8536,
                                15.8816
                            ],
                            [
                                120.8539,
                                15.8876
                            ],
                            [
                                120.8524,
                                15.8902
                            ],
                            [
                                120.8477,
                                15.8931
                            ],
                            [
                                120.8538,
                                15.8918
                            ],
                            [
                                120.8697,
                                15.8961
                            ],
                            [
                                120.882,
                                15.8899
                            ]
                        ]
                    ]
                ]
            }
        },
        {
            "type": "Feature",
            "properties": {
                "GID_3": "PHL.61.45.18_1",
                "GID_0": "PHL",
                "COUNTRY": "Philippines",
                "GID_1": "PHL.61_1",
                "NAME_1": "Pangasinan",
                "NL_NAME_1": "NA",
                "GID_2": "PHL.61.45_1",
                "NAME_2": "Umingan",
                "NL_NAME_2": "NA",
                "NAME_3": "Casilan",
                "VARNAME_3": "NA",
                "NL_NAME_3": "NA",
                "TYPE_3": "Barangay",
                "ENGTYPE_3": "Village",
                "CC_3": "NA",
                "HASC_3": "NA",
                "DISTRICT": 6
            },
            "geometry": {
                "type": "MultiPolygon",
                "coordinates": [
                    [
                        [
                            [
                                120.7828,
                                15.8888
                            ],
                            [
                                120.7857,
                                15.885
                            ],
                            [
                                120.7835,
                                15.8795
                            ],
                            [
                                120.779,
                                15.8773
                            ],
                            [
                                120.7728,
                                15.8789
                            ],
                            [
                                120.7706,
                                15.8774
                            ],
                            [
                                120.7688,
                                15.8789
                            ],
                            [
                                120.7694,
                                15.8885
                            ],
                            [
                                120.7735,
                                15.8863
                            ],
                            [
                                120.7828,
                                15.8888
                            ]
                        ]
                    ]
                ]
            }
        },
        {
            "type": "Feature",
            "properties": {
                "GID_3": "PHL.61.45.19_1",
                "GID_0": "PHL",
                "COUNTRY": "Philippines",
                "GID_1": "PHL.61_1",
                "NAME_1": "Pangasinan",
                "NL_NAME_1": "NA",
                "GID_2": "PHL.61.45_1",
                "NAME_2": "Umingan",
                "NL_NAME_2": "NA",
                "NAME_3": "Caurdanetaan",
                "VARNAME_3": "NA",
                "NL_NAME_3": "NA",
                "TYPE_3": "Barangay",
                "ENGTYPE_3": "Village",
                "CC_3": "NA",
                "HASC_3": "NA",
                "DISTRICT": 6
            },
            "geometry": {
                "type": "MultiPolygon",
                "coordinates": [
                    [
                        [
                            [
                                120.8539,
                                15.9162
                            ],
                            [
                                120.846,
                                15.9213
                            ],
                            [
                                120.8413,
                                15.9208
                            ],
                            [
                                120.8405,
                                15.9288
                            ],
                            [
                                120.8445,
                                15.9292
                            ],
                            [
                                120.8478,
                                15.9348
                            ],
                            [
                                120.854,
                                15.9313
                            ],
                            [
                                120.8539,
                                15.9162
                            ]
                        ]
                    ]
                ]
            }
        },
        {
            "type": "Feature",
            "properties": {
                "GID_3": "PHL.61.45.20_1",
                "GID_0": "PHL",
                "COUNTRY": "Philippines",
                "GID_1": "PHL.61_1",
                "NAME_1": "Pangasinan",
                "NL_NAME_1": "NA",
                "GID_2": "PHL.61.45_1",
                "NAME_2": "Umingan",
                "NL_NAME_2": "NA",
                "NAME_3": "Concepcion",
                "VARNAME_3": "NA",
                "NL_NAME_3": "NA",
                "TYPE_3": "Barangay",
                "ENGTYPE_3": "Village",
                "CC_3": "NA",
                "HASC_3": "NA",
                "DISTRICT": 6
            },
            "geometry": {
                "type": "MultiPolygon",
                "coordinates": [
                    [
                        [
                            [
                                120.7672,
                                15.8408
                            ],
                            [
                                120.7622,
                                15.8456
                            ],
                            [
                                120.7657,
                                15.8603
                            ],
                            [
                                120.7637,
                                15.8648
                            ],
                            [
                                120.7737,
                                15.8628
                            ],
                            [
                                120.7747,
                                15.8664
                            ],
                            [
                                120.7768,
                                15.8677
                            ],
                            [
                                120.7781,
                                15.8648
                            ],
                            [
                                120.7806,
                                15.8641
                            ],
                            [
                                120.7672,
                                15.8408
                            ]
                        ]
                    ]
                ]
            }
        },
        {
            "type": "Feature",
            "properties": {
                "GID_3": "PHL.61.45.21_1",
                "GID_0": "PHL",
                "COUNTRY": "Philippines",
                "GID_1": "PHL.61_1",
                "NAME_1": "Pangasinan",
                "NL_NAME_1": "NA",
                "GID_2": "PHL.61.45_1",
                "NAME_2": "Umingan",
                "NL_NAME_2": "NA",
                "NAME_3": "Decreto",
                "VARNAME_3": "NA",
                "NL_NAME_3": "NA",
                "TYPE_3": "Barangay",
                "ENGTYPE_3": "Village",
                "CC_3": "NA",
                "HASC_3": "NA",
                "DISTRICT": 6
            },
            "geometry": {
                "type": "MultiPolygon",
                "coordinates": [
                    [
                        [
                            [
                                120.7208,
                                15.932
                            ],
                            [
                                120.7198,
                                15.9434
                            ],
                            [
                                120.7268,
                                15.944
                            ],
                            [
                                120.7275,
                                15.9326
                            ],
                            [
                                120.7314,
                                15.9207
                            ],
                            [
                                120.7222,
                                15.9168
                            ],
                            [
                                120.7208,
                                15.932
                            ]
                        ]
                    ]
                ]
            }
        },
        {
            "type": "Feature",
            "properties": {
                "GID_3": "PHL.61.45.22_1",
                "GID_0": "PHL",
                "COUNTRY": "Philippines",
                "GID_1": "PHL.61_1",
                "NAME_1": "Pangasinan",
                "NL_NAME_1": "NA",
                "GID_2": "PHL.61.45_1",
                "NAME_2": "Umingan",
                "NL_NAME_2": "NA",
                "NAME_3": "DelRosario",
                "VARNAME_3": "NA",
                "NL_NAME_3": "NA",
                "TYPE_3": "Barangay",
                "ENGTYPE_3": "Village",
                "CC_3": "NA",
                "HASC_3": "NA",
                "DISTRICT": 6
            },
            "geometry": {
                "type": "MultiPolygon",
                "coordinates": [
                    [
                        [
                            [
                                120.7892,
                                15.9269
                            ],
                            [
                                120.793,
                                15.9277
                            ],
                            [
                                120.7912,
                                15.9314
                            ],
                            [
                                120.801,
                                15.9296
                            ],
                            [
                                120.8023,
                                15.9123
                            ],
                            [
                                120.8098,
                                15.9086
                            ],
                            [
                                120.8098,
                                15.9046
                            ],
                            [
                                120.8083,
                                15.9054
                            ],
                            [
                                120.8074,
                                15.9038
                            ],
                            [
                                120.8061,
                                15.9063
                            ],
                            [
                                120.8039,
                                15.9057
                            ],
                            [
                                120.8016,
                                15.9077
                            ],
                            [
                                120.7994,
                                15.9061
                            ],
                            [
                                120.7986,
                                15.9087
                            ],
                            [
                                120.7965,
                                15.9076
                            ],
                            [
                                120.7937,
                                15.9108
                            ],
                            [
                                120.7893,
                                15.9116
                            ],
                            [
                                120.7892,
                                15.9269
                            ]
                        ]
                    ]
                ]
            }
        },
        {
            "type": "Feature",
            "properties": {
                "GID_3": "PHL.61.45.23_1",
                "GID_0": "PHL",
                "COUNTRY": "Philippines",
                "GID_1": "PHL.61_1",
                "NAME_1": "Pangasinan",
                "NL_NAME_1": "NA",
                "GID_2": "PHL.61.45_1",
                "NAME_2": "Umingan",
                "NL_NAME_2": "NA",
                "NAME_3": "Diaz",
                "VARNAME_3": "NA",
                "NL_NAME_3": "NA",
                "TYPE_3": "Barangay",
                "ENGTYPE_3": "Village",
                "CC_3": "NA",
                "HASC_3": "NA",
                "DISTRICT": 6
            },
            "geometry": {
                "type": "MultiPolygon",
                "coordinates": [
                    [
                        [
                            [
                                120.8195,
                                15.7931
                            ],
                            [
                                120.8085,
                                15.8069
                            ],
                            [
                                120.8037,
                                15.8105
                            ],
                            [
                                120.8089,
                                15.816
                            ],
                            [
                                120.8134,
                                15.8364
                            ],
                            [
                                120.8186,
                                15.841
                            ],
                            [
                                120.82,
                                15.8448
                            ],
                            [
                                120.8149,
                                15.8468
                            ],
                            [
                                120.8136,
                                15.851
                            ],
                            [
                                120.8177,
                                15.8585
                            ],
                            [
                                120.8162,
                                15.8601
                            ],
                            [
                                120.8171,
                                15.8702
                            ],
                            [
                                120.8193,
                                15.8728
                            ],
                            [
                                120.8227,
                                15.8721
                            ],
                            [
                                120.8261,
                                15.8672
                            ],
                            [
                                120.8329,
                                15.8673
                            ],
                            [
                                120.8402,
                                15.8588
                            ],
                            [
                                120.8418,
                                15.8517
                            ],
                            [
                                120.8445,
                                15.8501
                            ],
                            [
                                120.8441,
                                15.8447
                            ],
                            [
                                120.8392,
                                15.8424
                            ],
                            [
                                120.8365,
                                15.8358
                            ],
                            [
                                120.8361,
                                15.8232
                            ],
                            [
                                120.8386,
                                15.8137
                            ],
                            [
                                120.8316,
                                15.8069
                            ],
                            [
                                120.8234,
                                15.7932
                            ],
                            [
                                120.8195,
                                15.7931
                            ]
                        ]
                    ]
                ]
            }
        },
        {
            "type": "Feature",
            "properties": {
                "GID_3": "PHL.61.45.24_1",
                "GID_0": "PHL",
                "COUNTRY": "Philippines",
                "GID_1": "PHL.61_1",
                "NAME_1": "Pangasinan",
                "NL_NAME_1": "NA",
                "GID_2": "PHL.61.45_1",
                "NAME_2": "Umingan",
                "NL_NAME_2": "NA",
                "NAME_3": "Diket",
                "VARNAME_3": "NA",
                "NL_NAME_3": "NA",
                "TYPE_3": "Barangay",
                "ENGTYPE_3": "Village",
                "CC_3": "NA",
                "HASC_3": "NA",
                "DISTRICT": 6
            },
            "geometry": {
                "type": "MultiPolygon",
                "coordinates": [
                    [
                        [
                            [
                                120.9185,
                                15.9702
                            ],
                            [
                                120.9063,
                                15.9191
                            ],
                            [
                                120.9032,
                                15.9112
                            ],
                            [
                                120.9006,
                                15.9094
                            ],
                            [
                                120.8934,
                                15.9175
                            ],
                            [
                                120.8871,
                                15.9163
                            ],
                            [
                                120.8739,
                                15.9219
                            ],
                            [
                                120.8696,
                                15.9309
                            ],
                            [
                                120.8604,
                                15.9343
                            ],
                            [
                                120.8603,
                                15.9355
                            ],
                            [
                                120.868,
                                15.9393
                            ],
                            [
                                120.8662,
                                15.9538
                            ],
                            [
                                120.8821,
                                15.9579
                            ],
                            [
                                120.8788,
                                15.9754
                            ],
                            [
                                120.9166,
                                15.9926
                            ],
                            [
                                120.9223,
                                15.9789
                            ],
                            [
                                120.9185,
                                15.9702
                            ]
                        ]
                    ]
                ]
            }
        },
        {
            "type": "Feature",
            "properties": {
                "GID_3": "PHL.61.45.25_1",
                "GID_0": "PHL",
                "COUNTRY": "Philippines",
                "GID_1": "PHL.61_1",
                "NAME_1": "Pangasinan",
                "NL_NAME_1": "NA",
                "GID_2": "PHL.61.45_1",
                "NAME_2": "Umingan",
                "NL_NAME_2": "NA",
                "NAME_3": "DonJustoAbalos",
                "VARNAME_3": "Caroan",
                "NL_NAME_3": "NA",
                "TYPE_3": "Barangay",
                "ENGTYPE_3": "Village",
                "CC_3": "NA",
                "HASC_3": "NA",
                "DISTRICT": 6
            },
            "geometry": {
                "type": "MultiPolygon",
                "coordinates": [
                    [
                        [
                            [
                                120.8509,
                                15.9377
                            ],
                            [
                                120.8555,
                                15.9349
                            ],
                            [
                                120.8634,
                                15.9338
                            ],
                            [
                                120.8696,
                                15.9309
                            ],
                            [
                                120.8739,
                                15.9219
                            ],
                            [
                                120.8478,
                                15.9348
                            ],
                            [
                                120.8509,
                                15.9377
                            ]
                        ]
                    ]
                ]
            }
        },
        {
            "type": "Feature",
            "properties": {
                "GID_3": "PHL.61.45.26_1",
                "GID_0": "PHL",
                "COUNTRY": "Philippines",
                "GID_1": "PHL.61_1",
                "NAME_1": "Pangasinan",
                "NL_NAME_1": "NA",
                "GID_2": "PHL.61.45_1",
                "NAME_2": "Umingan",
                "NL_NAME_2": "NA",
                "NAME_3": "DonMontano",
                "VARNAME_3": "NA",
                "NL_NAME_3": "NA",
                "TYPE_3": "Barangay",
                "ENGTYPE_3": "Village",
                "CC_3": "NA",
                "HASC_3": "NA",
                "DISTRICT": 6
            },
            "geometry": {
                "type": "MultiPolygon",
                "coordinates": [
                    [
                        [
                            [
                                120.8638,
                                15.9125
                            ],
                            [
                                120.8539,
                                15.9162
                            ],
                            [
                                120.854,
                                15.9313
                            ],
                            [
                                120.8739,
                                15.9219
                            ],
                            [
                                120.875,
                                15.9128
                            ],
                            [
                                120.8638,
                                15.9125
                            ]
                        ]
                    ]
                ]
            }
        },
        {
            "type": "Feature",
            "properties": {
                "GID_3": "PHL.61.45.27_1",
                "GID_0": "PHL",
                "COUNTRY": "Philippines",
                "GID_1": "PHL.61_1",
                "NAME_1": "Pangasinan",
                "NL_NAME_1": "NA",
                "GID_2": "PHL.61.45_1",
                "NAME_2": "Umingan",
                "NL_NAME_2": "NA",
                "NAME_3": "Esperanza",
                "VARNAME_3": "NA",
                "NL_NAME_3": "NA",
                "TYPE_3": "Barangay",
                "ENGTYPE_3": "Village",
                "CC_3": "NA",
                "HASC_3": "NA",
                "DISTRICT": 6
            },
            "geometry": {
                "type": "MultiPolygon",
                "coordinates": [
                    [
                        [
                            [
                                120.7936,
                                15.9518
                            ],
                            [
                                120.8009,
                                15.9518
                            ],
                            [
                                120.8021,
                                15.9493
                            ],
                            [
                                120.801,
                                15.9455
                            ],
                            [
                                120.8038,
                                15.9412
                            ],
                            [
                                120.8068,
                                15.9287
                            ],
                            [
                                120.8042,
                                15.9271
                            ],
                            [
                                120.7982,
                                15.931
                            ],
                            [
                                120.7939,
                                15.9307
                            ],
                            [
                                120.7952,
                                15.945
                            ],
                            [
                                120.7936,
                                15.9518
                            ]
                        ]
                    ]
                ]
            }
        },
        {
            "type": "Feature",
            "properties": {
                "GID_3": "PHL.61.45.28_1",
                "GID_0": "PHL",
                "COUNTRY": "Philippines",
                "GID_1": "PHL.61_1",
                "NAME_1": "Pangasinan",
                "NL_NAME_1": "NA",
                "GID_2": "PHL.61.45_1",
                "NAME_2": "Umingan",
                "NL_NAME_2": "NA",
                "NAME_3": "Evangelista",
                "VARNAME_3": "NA",
                "NL_NAME_3": "NA",
                "TYPE_3": "Barangay",
                "ENGTYPE_3": "Village",
                "CC_3": "NA",
                "HASC_3": "NA",
                "DISTRICT": 6
            },
            "geometry": {
                "type": "MultiPolygon",
                "coordinates": [
                    [
                        [
                            [
                                120.8365,
                                15.9586
                            ],
                            [
                                120.8443,
                                15.9587
                            ],
                            [
                                120.8553,
                                15.9651
                            ],
                            [
                                120.8539,
                                15.9614
                            ],
                            [
                                120.8546,
                                15.9486
                            ],
                            [
                                120.8509,
                                15.9377
                            ],
                            [
                                120.8477,
                                15.9355
                            ],
                            [
                                120.8418,
                                15.9362
                            ],
                            [
                                120.8405,
                                15.9414
                            ],
                            [
                                120.8384,
                                15.9417
                            ],
                            [
                                120.8356,
                                15.9532
                            ],
                            [
                                120.8365,
                                15.9586
                            ]
                        ]
                    ]
                ]
            }
        },
        {
            "type": "Feature",
            "properties": {
                "GID_3": "PHL.61.45.29_1",
                "GID_0": "PHL",
                "COUNTRY": "Philippines",
                "GID_1": "PHL.61_1",
                "NAME_1": "Pangasinan",
                "NL_NAME_1": "NA",
                "GID_2": "PHL.61.45_1",
                "NAME_2": "Umingan",
                "NL_NAME_2": "NA",
                "NAME_3": "Flores",
                "VARNAME_3": "NA",
                "NL_NAME_3": "NA",
                "TYPE_3": "Barangay",
                "ENGTYPE_3": "Village",
                "CC_3": "NA",
                "HASC_3": "NA",
                "DISTRICT": 6
            },
            "geometry": {
                "type": "MultiPolygon",
                "coordinates": [
                    [
                        [
                            [
                                120.7759,
                                15.9487
                            ],
                            [
                                120.7853,
                                15.9504
                            ],
                            [
                                120.7857,
                                15.9439
                            ],
                            [
                                120.7816,
                                15.9307
                            ],
                            [
                                120.7829,
                                15.9286
                            ],
                            [
                                120.7809,
                                15.9263
                            ],
                            [
                                120.7688,
                                15.9204
                            ],
                            [
                                120.7667,
                                15.9247
                            ],
                            [
                                120.7759,
                                15.9487
                            ]
                        ]
                    ]
                ]
            }
        },
        {
            "type": "Feature",
            "properties": {
                "GID_3": "PHL.61.45.30_1",
                "GID_0": "PHL",
                "COUNTRY": "Philippines",
                "GID_1": "PHL.61_1",
                "NAME_1": "Pangasinan",
                "NL_NAME_1": "NA",
                "GID_2": "PHL.61.45_1",
                "NAME_2": "Umingan",
                "NL_NAME_2": "NA",
                "NAME_3": "Fulgosino",
                "VARNAME_3": "NA",
                "NL_NAME_3": "NA",
                "TYPE_3": "Barangay",
                "ENGTYPE_3": "Village",
                "CC_3": "NA",
                "HASC_3": "NA",
                "DISTRICT": 6
            },
            "geometry": {
                "type": "MultiPolygon",
                "coordinates": [
                    [
                        [
                            [
                                120.7856,
                                15.8846
                            ],
                            [
                                120.7852,
                                15.887
                            ],
                            [
                                120.7828,
                                15.8888
                            ],
                            [
                                120.7829,
                                15.8995
                            ],
                            [
                                120.7813,
                                15.9062
                            ],
                            [
                                120.7824,
                                15.9057
                            ],
                            [
                                120.7893,
                                15.9116
                            ],
                            [
                                120.7937,
                                15.9108
                            ],
                            [
                                120.7965,
                                15.9076
                            ],
                            [
                                120.7986,
                                15.9087
                            ],
                            [
                                120.7994,
                                15.9061
                            ],
                            [
                                120.8016,
                                15.9077
                            ],
                            [
                                120.8039,
                                15.9057
                            ],
                            [
                                120.8061,
                                15.9063
                            ],
                            [
                                120.8074,
                                15.9038
                            ],
                            [
                                120.8083,
                                15.9054
                            ],
                            [
                                120.8098,
                                15.9046
                            ],
                            [
                                120.8117,
                                15.8991
                            ],
                            [
                                120.8107,
                                15.8918
                            ],
                            [
                                120.7925,
                                15.8892
                            ],
                            [
                                120.7856,
                                15.8846
                            ]
                        ]
                    ]
                ]
            }
        },
        {
            "type": "Feature",
            "properties": {
                "GID_3": "PHL.61.45.31_1",
                "GID_0": "PHL",
                "COUNTRY": "Philippines",
                "GID_1": "PHL.61_1",
                "NAME_1": "Pangasinan",
                "NL_NAME_1": "NA",
                "GID_2": "PHL.61.45_1",
                "NAME_2": "Umingan",
                "NL_NAME_2": "NA",
                "NAME_3": "Gonzales",
                "VARNAME_3": "NA",
                "NL_NAME_3": "NA",
                "TYPE_3": "Barangay",
                "ENGTYPE_3": "Village",
                "CC_3": "NA",
                "HASC_3": "NA",
                "DISTRICT": 6
            },
            "geometry": {
                "type": "MultiPolygon",
                "coordinates": [
                    [
                        [
                            [
                                120.7397,
                                15.928
                            ],
                            [
                                120.7434,
                                15.9253
                            ],
                            [
                                120.7459,
                                15.9208
                            ],
                            [
                                120.7533,
                                15.9272
                            ],
                            [
                                120.7533,
                                15.9243
                            ],
                            [
                                120.7564,
                                15.9267
                            ],
                            [
                                120.7607,
                                15.9252
                            ],
                            [
                                120.767,
                                15.9258
                            ],
                            [
                                120.7701,
                                15.9156
                            ],
                            [
                                120.7703,
                                15.9033
                            ],
                            [
                                120.7628,
                                15.9014
                            ],
                            [
                                120.7504,
                                15.9047
                            ],
                            [
                                120.7474,
                                15.907
                            ],
                            [
                                120.7402,
                                15.9201
                            ],
                            [
                                120.7342,
                                15.9217
                            ],
                            [
                                120.7397,
                                15.928
                            ]
                        ]
                    ]
                ]
            }
        },
        {
            "type": "Feature",
            "properties": {
                "GID_3": "PHL.61.45.32_1",
                "GID_0": "PHL",
                "COUNTRY": "Philippines",
                "GID_1": "PHL.61_1",
                "NAME_1": "Pangasinan",
                "NL_NAME_1": "NA",
                "GID_2": "PHL.61.45_1",
                "NAME_2": "Umingan",
                "NL_NAME_2": "NA",
                "NAME_3": "LaPaz",
                "VARNAME_3": "NA",
                "NL_NAME_3": "NA",
                "TYPE_3": "Barangay",
                "ENGTYPE_3": "Village",
                "CC_3": "NA",
                "HASC_3": "NA",
                "DISTRICT": 6
            },
            "geometry": {
                "type": "MultiPolygon",
                "coordinates": [
                    [
                        [
                            [
                                120.736,
                                15.913
                            ],
                            [
                                120.7343,
                                15.9131
                            ],
                            [
                                120.7314,
                                15.9207
                            ],
                            [
                                120.732,
                                15.9228
                            ],
                            [
                                120.7384,
                                15.9213
                            ],
                            [
                                120.7419,
                                15.9179
                            ],
                            [
                                120.7423,
                                15.9163
                            ],
                            [
                                120.736,
                                15.913
                            ]
                        ]
                    ]
                ]
            }
        },
        {
            "type": "Feature",
            "properties": {
                "GID_3": "PHL.61.45.33_1",
                "GID_0": "PHL",
                "COUNTRY": "Philippines",
                "GID_1": "PHL.61_1",
                "NAME_1": "Pangasinan",
                "NL_NAME_1": "NA",
                "GID_2": "PHL.61.45_1",
                "NAME_2": "Umingan",
                "NL_NAME_2": "NA",
                "NAME_3": "Labuan",
                "VARNAME_3": "NA",
                "NL_NAME_3": "NA",
                "TYPE_3": "Barangay",
                "ENGTYPE_3": "Village",
                "CC_3": "NA",
                "HASC_3": "NA",
                "DISTRICT": 6
            },
            "geometry": {
                "type": "MultiPolygon",
                "coordinates": [
                    [
                        [
                            [
                                120.7268,
                                15.944
                            ],
                            [
                                120.7479,
                                15.9472
                            ],
                            [
                                120.7472,
                                15.9359
                            ],
                            [
                                120.7289,
                                15.9291
                            ],
                            [
                                120.7268,
                                15.944
                            ]
                        ]
                    ]
                ]
            }
        },
        {
            "type": "Feature",
            "properties": {
                "GID_3": "PHL.61.45.34_1",
                "GID_0": "PHL",
                "COUNTRY": "Philippines",
                "GID_1": "PHL.61_1",
                "NAME_1": "Pangasinan",
                "NL_NAME_1": "NA",
                "GID_2": "PHL.61.45_1",
                "NAME_2": "Umingan",
                "NL_NAME_2": "NA",
                "NAME_3": "Lauren",
                "VARNAME_3": "NA",
                "NL_NAME_3": "NA",
                "TYPE_3": "Barangay",
                "ENGTYPE_3": "Village",
                "CC_3": "NA",
                "HASC_3": "NA",
                "DISTRICT": 6
            },
            "geometry": {
                "type": "MultiPolygon",
                "coordinates": [
                    [
                        [
                            [
                                120.8202,
                                15.943
                            ],
                            [
                                120.83,
                                15.9365
                            ],
                            [
                                120.8361,
                                15.9409
                            ],
                            [
                                120.8403,
                                15.9416
                            ],
                            [
                                120.8416,
                                15.935
                            ],
                            [
                                120.8377,
                                15.9333
                            ],
                            [
                                120.8213,
                                15.9346
                            ],
                            [
                                120.8202,
                                15.943
                            ]
                        ]
                    ]
                ]
            }
        },
        {
            "type": "Feature",
            "properties": {
                "GID_3": "PHL.61.45.35_1",
                "GID_0": "PHL",
                "COUNTRY": "Philippines",
                "GID_1": "PHL.61_1",
                "NAME_1": "Pangasinan",
                "NL_NAME_1": "NA",
                "GID_2": "PHL.61.45_1",
                "NAME_2": "Umingan",
                "NL_NAME_2": "NA",
                "NAME_3": "Lubong",
                "VARNAME_3": "NA",
                "NL_NAME_3": "NA",
                "TYPE_3": "Barangay",
                "ENGTYPE_3": "Village",
                "CC_3": "NA",
                "HASC_3": "NA",
                "DISTRICT": 6
            },
            "geometry": {
                "type": "MultiPolygon",
                "coordinates": [
                    [
                        [
                            [
                                120.8068,
                                15.9285
                            ],
                            [
                                120.8188,
                                15.9301
                            ],
                            [
                                120.8156,
                                15.9264
                            ],
                            [
                                120.8175,
                                15.9107
                            ],
                            [
                                120.8098,
                                15.9086
                            ],
                            [
                                120.8068,
                                15.9111
                            ],
                            [
                                120.8029,
                                15.911
                            ],
                            [
                                120.8004,
                                15.9295
                            ],
                            [
                                120.8037,
                                15.9271
                            ],
                            [
                                120.8068,
                                15.9285
                            ]
                        ]
                    ]
                ]
            }
        },
        {
            "type": "Feature",
            "properties": {
                "GID_3": "PHL.61.45.36_1",
                "GID_0": "PHL",
                "COUNTRY": "Philippines",
                "GID_1": "PHL.61_1",
                "NAME_1": "Pangasinan",
                "NL_NAME_1": "NA",
                "GID_2": "PHL.61.45_1",
                "NAME_2": "Umingan",
                "NL_NAME_2": "NA",
                "NAME_3": "LunaEste",
                "VARNAME_3": "NA",
                "NL_NAME_3": "NA",
                "TYPE_3": "Barangay",
                "ENGTYPE_3": "Village",
                "CC_3": "NA",
                "HASC_3": "NA",
                "DISTRICT": 6
            },
            "geometry": {
                "type": "MultiPolygon",
                "coordinates": [
                    [
                        [
                            [
                                120.8037,
                                15.8105
                            ],
                            [
                                120.7917,
                                15.8231
                            ],
                            [
                                120.7944,
                                15.8395
                            ],
                            [
                                120.7977,
                                15.8464
                            ],
                            [
                                120.7914,
                                15.857
                            ],
                            [
                                120.7972,
                                15.8578
                            ],
                            [
                                120.7947,
                                15.8681
                            ],
                            [
                                120.8176,
                                15.8718
                            ],
                            [
                                120.8162,
                                15.8601
                            ],
                            [
                                120.8177,
                                15.8585
                            ],
                            [
                                120.8136,
                                15.851
                            ],
                            [
                                120.8149,
                                15.8468
                            ],
                            [
                                120.82,
                                15.8448
                            ],
                            [
                                120.8186,
                                15.841
                            ],
                            [
                                120.8134,
                                15.8364
                            ],
                            [
                                120.8089,
                                15.816
                            ],
                            [
                                120.8037,
                                15.8105
                            ]
                        ]
                    ]
                ]
            }
        },
        {
            "type": "Feature",
            "properties": {
                "GID_3": "PHL.61.45.37_1",
                "GID_0": "PHL",
                "COUNTRY": "Philippines",
                "GID_1": "PHL.61_1",
                "NAME_1": "Pangasinan",
                "NL_NAME_1": "NA",
                "GID_2": "PHL.61.45_1",
                "NAME_2": "Umingan",
                "NL_NAME_2": "NA",
                "NAME_3": "LunaWeste",
                "VARNAME_3": "NA",
                "NL_NAME_3": "NA",
                "TYPE_3": "Barangay",
                "ENGTYPE_3": "Village",
                "CC_3": "NA",
                "HASC_3": "NA",
                "DISTRICT": 6
            },
            "geometry": {
                "type": "MultiPolygon",
                "coordinates": [
                    [
                        [
                            [
                                120.7795,
                                15.8624
                            ],
                            [
                                120.7806,
                                15.8641
                            ],
                            [
                                120.7781,
                                15.8648
                            ],
                            [
                                120.7768,
                                15.8677
                            ],
                            [
                                120.782,
                                15.8692
                            ],
                            [
                                120.7862,
                                15.8729
                            ],
                            [
                                120.7951,
                                15.8677
                            ],
                            [
                                120.7977,
                                15.8594
                            ],
                            [
                                120.7972,
                                15.8578
                            ],
                            [
                                120.7914,
                                15.857
                            ],
                            [
                                120.7851,
                                15.8612
                            ],
                            [
                                120.7842,
                                15.8638
                            ],
                            [
                                120.7815,
                                15.8616
                            ],
                            [
                                120.7795,
                                15.8624
                            ]
                        ]
                    ]
                ]
            }
        },
        {
            "type": "Feature",
            "properties": {
                "GID_3": "PHL.61.45.38_1",
                "GID_0": "PHL",
                "COUNTRY": "Philippines",
                "GID_1": "PHL.61_1",
                "NAME_1": "Pangasinan",
                "NL_NAME_1": "NA",
                "GID_2": "PHL.61.45_1",
                "NAME_2": "Umingan",
                "NL_NAME_2": "NA",
                "NAME_3": "Mantacdang",
                "VARNAME_3": "NA",
                "NL_NAME_3": "NA",
                "TYPE_3": "Barangay",
                "ENGTYPE_3": "Village",
                "CC_3": "NA",
                "HASC_3": "NA",
                "DISTRICT": 6
            },
            "geometry": {
                "type": "MultiPolygon",
                "coordinates": [
                    [
                        [
                            [
                                120.7552,
                                15.9468
                            ],
                            [
                                120.7591,
                                15.9463
                            ],
                            [
                                120.7759,
                                15.9487
                            ],
                            [
                                120.7732,
                                15.9437
                            ],
                            [
                                120.765,
                                15.9418
                            ],
                            [
                                120.7607,
                                15.9386
                            ],
                            [
                                120.7552,
                                15.9468
                            ]
                        ]
                    ]
                ]
            }
        },
        {
            "type": "Feature",
            "properties": {
                "GID_3": "PHL.61.45.39_1",
                "GID_0": "PHL",
                "COUNTRY": "Philippines",
                "GID_1": "PHL.61_1",
                "NAME_1": "Pangasinan",
                "NL_NAME_1": "NA",
                "GID_2": "PHL.61.45_1",
                "NAME_2": "Umingan",
                "NL_NAME_2": "NA",
                "NAME_3": "Maseil-Seil",
                "VARNAME_3": "NA",
                "NL_NAME_3": "NA",
                "TYPE_3": "Barangay",
                "ENGTYPE_3": "Village",
                "CC_3": "NA",
                "HASC_3": "NA",
                "DISTRICT": 6
            },
            "geometry": {
                "type": "MultiPolygon",
                "coordinates": [
                    [
                        [
                            [
                                120.8909,
                                15.9163
                            ],
                            [
                                120.8879,
                                15.914
                            ],
                            [
                                120.887,
                                15.9073
                            ],
                            [
                                120.8822,
                                15.906
                            ],
                            [
                                120.8731,
                                15.8975
                            ],
                            [
                                120.8672,
                                15.8949
                            ],
                            [
                                120.8619,
                                15.9117
                            ],
                            [
                                120.875,
                                15.9128
                            ],
                            [
                                120.8742,
                                15.9221
                            ],
                            [
                                120.8828,
                                15.9174
                            ],
                            [
                                120.8909,
                                15.9163
                            ]
                        ]
                    ]
                ]
            }
        },
        {
            "type": "Feature",
            "properties": {
                "GID_3": "PHL.61.45.40_1",
                "GID_0": "PHL",
                "COUNTRY": "Philippines",
                "GID_1": "PHL.61_1",
                "NAME_1": "Pangasinan",
                "NL_NAME_1": "NA",
                "GID_2": "PHL.61.45_1",
                "NAME_2": "Umingan",
                "NL_NAME_2": "NA",
                "NAME_3": "Nampalcan",
                "VARNAME_3": "NA",
                "NL_NAME_3": "NA",
                "TYPE_3": "Barangay",
                "ENGTYPE_3": "Village",
                "CC_3": "NA",
                "HASC_3": "NA",
                "DISTRICT": 6
            },
            "geometry": {
                "type": "MultiPolygon",
                "coordinates": [
                    [
                        [
                            [
                                120.8292,
                                15.9072
                            ],
                            [
                                120.8283,
                                15.9042
                            ],
                            [
                                120.8255,
                                15.9023
                            ],
                            [
                                120.8269,
                                15.8993
                            ],
                            [
                                120.8266,
                                15.8932
                            ],
                            [
                                120.8231,
                                15.8922
                            ],
                            [
                                120.8217,
                                15.8947
                            ],
                            [
                                120.8196,
                                15.8918
                            ],
                            [
                                120.8107,
                                15.8918
                            ],
                            [
                                120.8117,
                                15.8991
                            ],
                            [
                                120.8098,
                                15.9086
                            ],
                            [
                                120.8158,
                                15.9101
                            ],
                            [
                                120.8151,
                                15.9086
                            ],
                            [
                                120.8164,
                                15.9078
                            ],
                            [
                                120.8221,
                                15.9076
                            ],
                            [
                                120.8235,
                                15.909
                            ],
                            [
                                120.8292,
                                15.9072
                            ]
                        ]
                    ]
                ]
            }
        },
        {
            "type": "Feature",
            "properties": {
                "GID_3": "PHL.61.45.41_1",
                "GID_0": "PHL",
                "COUNTRY": "Philippines",
                "GID_1": "PHL.61_1",
                "NAME_1": "Pangasinan",
                "NL_NAME_1": "NA",
                "GID_2": "PHL.61.45_1",
                "NAME_2": "Umingan",
                "NL_NAME_2": "NA",
                "NAME_3": "Nancalabasaan",
                "VARNAME_3": "NA",
                "NL_NAME_3": "NA",
                "TYPE_3": "Barangay",
                "ENGTYPE_3": "Village",
                "CC_3": "NA",
                "HASC_3": "NA",
                "DISTRICT": 6
            },
            "geometry": {
                "type": "MultiPolygon",
                "coordinates": [
                    [
                        [
                            [
                                120.8182,
                                15.9299
                            ],
                            [
                                120.8213,
                                15.9346
                            ],
                            [
                                120.8377,
                                15.9333
                            ],
                            [
                                120.8446,
                                15.9365
                            ],
                            [
                                120.8478,
                                15.9348
                            ],
                            [
                                120.8445,
                                15.9292
                            ],
                            [
                                120.8247,
                                15.9267
                            ],
                            [
                                120.8198,
                                15.9292
                            ],
                            [
                                120.817,
                                15.9289
                            ],
                            [
                                120.8182,
                                15.9299
                            ]
                        ]
                    ]
                ]
            }
        },
        {
            "type": "Feature",
            "properties": {
                "GID_3": "PHL.61.45.42_1",
                "GID_0": "PHL",
                "COUNTRY": "Philippines",
                "GID_1": "PHL.61_1",
                "NAME_1": "Pangasinan",
                "NL_NAME_1": "NA",
                "GID_2": "PHL.61.45_1",
                "NAME_2": "Umingan",
                "NL_NAME_2": "NA",
                "NAME_3": "Pangangaan",
                "VARNAME_3": "NA",
                "NL_NAME_3": "NA",
                "TYPE_3": "Barangay",
                "ENGTYPE_3": "Village",
                "CC_3": "NA",
                "HASC_3": "NA",
                "DISTRICT": 6
            },
            "geometry": {
                "type": "MultiPolygon",
                "coordinates": [
                    [
                        [
                            [
                                120.8266,
                                15.8932
                            ],
                            [
                                120.8352,
                                15.8852
                            ],
                            [
                                120.8362,
                                15.8804
                            ],
                            [
                                120.8326,
                                15.8706
                            ],
                            [
                                120.8329,
                                15.8673
                            ],
                            [
                                120.8261,
                                15.8672
                            ],
                            [
                                120.8227,
                                15.8721
                            ],
                            [
                                120.8193,
                                15.8728
                            ],
                            [
                                120.7947,
                                15.8681
                            ],
                            [
                                120.7888,
                                15.8709
                            ],
                            [
                                120.7836,
                                15.8759
                            ],
                            [
                                120.7856,
                                15.8846
                            ],
                            [
                                120.7925,
                                15.8892
                            ],
                            [
                                120.8196,
                                15.8918
                            ],
                            [
                                120.8217,
                                15.8947
                            ],
                            [
                                120.8231,
                                15.8922
                            ],
                            [
                                120.8266,
                                15.8932
                            ]
                        ]
                    ]
                ]
            }
        },
        {
            "type": "Feature",
            "properties": {
                "GID_3": "PHL.61.45.43_1",
                "GID_0": "PHL",
                "COUNTRY": "Philippines",
                "GID_1": "PHL.61_1",
                "NAME_1": "Pangasinan",
                "NL_NAME_1": "NA",
                "GID_2": "PHL.61.45_1",
                "NAME_2": "Umingan",
                "NL_NAME_2": "NA",
                "NAME_3": "Papallasen",
                "VARNAME_3": "NA",
                "NL_NAME_3": "NA",
                "TYPE_3": "Barangay",
                "ENGTYPE_3": "Village",
                "CC_3": "NA",
                "HASC_3": "NA",
                "DISTRICT": 6
            },
            "geometry": {
                "type": "MultiPolygon",
                "coordinates": [
                    [
                        [
                            [
                                120.7481,
                                15.9342
                            ],
                            [
                                120.7342,
                                15.922
                            ],
                            [
                                120.732,
                                15.9228
                            ],
                            [
                                120.7314,
                                15.9207
                            ],
                            [
                                120.7289,
                                15.9291
                            ],
                            [
                                120.7472,
                                15.9359
                            ],
                            [
                                120.7481,
                                15.9342
                            ]
                        ]
                    ]
                ]
            }
        },
        {
            "type": "Feature",
            "properties": {
                "GID_3": "PHL.61.45.44_1",
                "GID_0": "PHL",
                "COUNTRY": "Philippines",
                "GID_1": "PHL.61_1",
                "NAME_1": "Pangasinan",
                "NL_NAME_1": "NA",
                "GID_2": "PHL.61.45_1",
                "NAME_2": "Umingan",
                "NL_NAME_2": "NA",
                "NAME_3": "Pemienta",
                "VARNAME_3": "NA",
                "NL_NAME_3": "NA",
                "TYPE_3": "Barangay",
                "ENGTYPE_3": "Village",
                "CC_3": "NA",
                "HASC_3": "NA",
                "DISTRICT": 6
            },
            "geometry": {
                "type": "MultiPolygon",
                "coordinates": [
                    [
                        [
                            [
                                120.8352,
                                15.9213
                            ],
                            [
                                120.8311,
                                15.9197
                            ],
                            [
                                120.8288,
                                15.9204
                            ],
                            [
                                120.8274,
                                15.9165
                            ],
                            [
                                120.8238,
                                15.9132
                            ],
                            [
                                120.8175,
                                15.9107
                            ],
                            [
                                120.8162,
                                15.9284
                            ],
                            [
                                120.8198,
                                15.9292
                            ],
                            [
                                120.8247,
                                15.9267
                            ],
                            [
                                120.8314,
                                15.9276
                            ],
                            [
                                120.8352,
                                15.9213
                            ]
                        ]
                    ]
                ]
            }
        },
        {
            "type": "Feature",
            "properties": {
                "GID_3": "PHL.61.45.45_1",
                "GID_0": "PHL",
                "COUNTRY": "Philippines",
                "GID_1": "PHL.61_1",
                "NAME_1": "Pangasinan",
                "NL_NAME_1": "NA",
                "GID_2": "PHL.61.45_1",
                "NAME_2": "Umingan",
                "NL_NAME_2": "NA",
                "NAME_3": "PoblacionEast",
                "VARNAME_3": "NA",
                "NL_NAME_3": "NA",
                "TYPE_3": "Barangay",
                "ENGTYPE_3": "Village",
                "CC_3": "NA",
                "HASC_3": "NA",
                "DISTRICT": 6
            },
            "geometry": {
                "type": "MultiPolygon",
                "coordinates": [
                    [
                        [
                            [
                                120.8413,
                                15.9208
                            ],
                            [
                                120.8352,
                                15.9213
                            ],
                            [
                                120.8385,
                                15.9283
                            ],
                            [
                                120.8405,
                                15.9288
                            ],
                            [
                                120.8413,
                                15.9208
                            ]
                        ]
                    ]
                ]
            }
        },
        {
            "type": "Feature",
            "properties": {
                "GID_3": "PHL.61.45.46_1",
                "GID_0": "PHL",
                "COUNTRY": "Philippines",
                "GID_1": "PHL.61_1",
                "NAME_1": "Pangasinan",
                "NL_NAME_1": "NA",
                "GID_2": "PHL.61.45_1",
                "NAME_2": "Umingan",
                "NL_NAME_2": "NA",
                "NAME_3": "PoblacionWest",
                "VARNAME_3": "NA",
                "NL_NAME_3": "NA",
                "TYPE_3": "Barangay",
                "ENGTYPE_3": "Village",
                "CC_3": "NA",
                "HASC_3": "NA",
                "DISTRICT": 6
            },
            "geometry": {
                "type": "MultiPolygon",
                "coordinates": [
                    [
                        [
                            [
                                120.8314,
                                15.9276
                            ],
                            [
                                120.8385,
                                15.9283
                            ],
                            [
                                120.8352,
                                15.9213
                            ],
                            [
                                120.8338,
                                15.9243
                            ],
                            [
                                120.8314,
                                15.9276
                            ]
                        ]
                    ]
                ]
            }
        },
        {
            "type": "Feature",
            "properties": {
                "GID_3": "PHL.61.45.47_1",
                "GID_0": "PHL",
                "COUNTRY": "Philippines",
                "GID_1": "PHL.61_1",
                "NAME_1": "Pangasinan",
                "NL_NAME_1": "NA",
                "GID_2": "PHL.61.45_1",
                "NAME_2": "Umingan",
                "NL_NAME_2": "NA",
                "NAME_3": "Prado",
                "VARNAME_3": "NA",
                "NL_NAME_3": "NA",
                "TYPE_3": "Barangay",
                "ENGTYPE_3": "Village",
                "CC_3": "NA",
                "HASC_3": "NA",
                "DISTRICT": 6
            },
            "geometry": {
                "type": "MultiPolygon",
                "coordinates": [
                    [
                        [
                            [
                                120.7828,
                                15.8888
                            ],
                            [
                                120.7735,
                                15.8863
                            ],
                            [
                                120.7651,
                                15.8907
                            ],
                            [
                                120.755,
                                15.8913
                            ],
                            [
                                120.7474,
                                15.907
                            ],
                            [
                                120.752,
                                15.9041
                            ],
                            [
                                120.7653,
                                15.9013
                            ],
                            [
                                120.7711,
                                15.9047
                            ],
                            [
                                120.7738,
                                15.903
                            ],
                            [
                                120.7767,
                                15.9058
                            ],
                            [
                                120.7813,
                                15.9062
                            ],
                            [
                                120.7829,
                                15.8995
                            ],
                            [
                                120.7828,
                                15.8888
                            ]
                        ]
                    ]
                ]
            }
        },
        {
            "type": "Feature",
            "properties": {
                "GID_3": "PHL.61.45.48_1",
                "GID_0": "PHL",
                "COUNTRY": "Philippines",
                "GID_1": "PHL.61_1",
                "NAME_1": "Pangasinan",
                "NL_NAME_1": "NA",
                "GID_2": "PHL.61.45_1",
                "NAME_2": "Umingan",
                "NL_NAME_2": "NA",
                "NAME_3": "Resurreccion",
                "VARNAME_3": "NA",
                "NL_NAME_3": "NA",
                "TYPE_3": "Barangay",
                "ENGTYPE_3": "Village",
                "CC_3": "NA",
                "HASC_3": "NA",
                "DISTRICT": 6
            },
            "geometry": {
                "type": "MultiPolygon",
                "coordinates": [
                    [
                        [
                            [
                                120.735,
                                15.882
                            ],
                            [
                                120.7267,
                                15.9021
                            ],
                            [
                                120.7284,
                                15.9027
                            ],
                            [
                                120.7383,
                                15.8996
                            ],
                            [
                                120.7476,
                                15.8829
                            ],
                            [
                                120.7438,
                                15.8794
                            ],
                            [
                                120.7389,
                                15.8824
                            ],
                            [
                                120.735,
                                15.882
                            ]
                        ]
                    ]
                ]
            }
        },
        {
            "type": "Feature",
            "properties": {
                "GID_3": "PHL.61.45.49_1",
                "GID_0": "PHL",
                "COUNTRY": "Philippines",
                "GID_1": "PHL.61_1",
                "NAME_1": "Pangasinan",
                "NL_NAME_1": "NA",
                "GID_2": "PHL.61.45_1",
                "NAME_2": "Umingan",
                "NL_NAME_2": "NA",
                "NAME_3": "Ricos",
                "VARNAME_3": "NA",
                "NL_NAME_3": "NA",
                "TYPE_3": "Barangay",
                "ENGTYPE_3": "Village",
                "CC_3": "NA",
                "HASC_3": "NA",
                "DISTRICT": 6
            },
            "geometry": {
                "type": "MultiPolygon",
                "coordinates": [
                    [
                        [
                            [
                                120.8606,
                                15.8726
                            ],
                            [
                                120.8524,
                                15.8662
                            ],
                            [
                                120.8454,
                                15.8668
                            ],
                            [
                                120.8416,
                                15.8652
                            ],
                            [
                                120.8406,
                                15.8671
                            ],
                            [
                                120.8329,
                                15.8673
                            ],
                            [
                                120.8326,
                                15.8706
                            ],
                            [
                                120.8362,
                                15.8804
                            ],
                            [
                                120.8349,
                                15.8843
                            ],
                            [
                                120.8439,
                                15.8814
                            ],
                            [
                                120.8471,
                                15.8826
                            ],
                            [
                                120.8573,
                                15.8807
                            ],
                            [
                                120.8606,
                                15.8726
                            ]
                        ]
                    ]
                ]
            }
        },
        {
            "type": "Feature",
            "properties": {
                "GID_3": "PHL.61.45.50_1",
                "GID_0": "PHL",
                "COUNTRY": "Philippines",
                "GID_1": "PHL.61_1",
                "NAME_1": "Pangasinan",
                "NL_NAME_1": "NA",
                "GID_2": "PHL.61.45_1",
                "NAME_2": "Umingan",
                "NL_NAME_2": "NA",
                "NAME_3": "SanAndres",
                "VARNAME_3": "NA",
                "NL_NAME_3": "NA",
                "TYPE_3": "Barangay",
                "ENGTYPE_3": "Village",
                "CC_3": "NA",
                "HASC_3": "NA",
                "DISTRICT": 6
            },
            "geometry": {
                "type": "MultiPolygon",
                "coordinates": [
                    [
                        [
                            [
                                120.7506,
                                15.8897
                            ],
                            [
                                120.7419,
                                15.9008
                            ],
                            [
                                120.7412,
                                15.9046
                            ],
                            [
                                120.736,
                                15.913
                            ],
                            [
                                120.7408,
                                15.9158
                            ],
                            [
                                120.7423,
                                15.9163
                            ],
                            [
                                120.7437,
                                15.9146
                            ],
                            [
                                120.7548,
                                15.8928
                            ],
                            [
                                120.7546,
                                15.8907
                            ],
                            [
                                120.7506,
                                15.8897
                            ]
                        ]
                    ]
                ]
            }
        },
        {
            "type": "Feature",
            "properties": {
                "GID_3": "PHL.61.45.51_1",
                "GID_0": "PHL",
                "COUNTRY": "Philippines",
                "GID_1": "PHL.61_1",
                "NAME_1": "Pangasinan",
                "NL_NAME_1": "NA",
                "GID_2": "PHL.61.45_1",
                "NAME_2": "Umingan",
                "NL_NAME_2": "NA",
                "NAME_3": "SanJuan",
                "VARNAME_3": "NA",
                "NL_NAME_3": "NA",
                "TYPE_3": "Barangay",
                "ENGTYPE_3": "Village",
                "CC_3": "NA",
                "HASC_3": "NA",
                "DISTRICT": 6
            },
            "geometry": {
                "type": "MultiPolygon",
                "coordinates": [
                    [
                        [
                            [
                                120.7917,
                                15.8231
                            ],
                            [
                                120.7751,
                                15.8333
                            ],
                            [
                                120.7672,
                                15.8408
                            ],
                            [
                                120.7795,
                                15.8624
                            ],
                            [
                                120.7815,
                                15.8616
                            ],
                            [
                                120.7836,
                                15.864
                            ],
                            [
                                120.7851,
                                15.8612
                            ],
                            [
                                120.7897,
                                15.8593
                            ],
                            [
                                120.7977,
                                15.8464
                            ],
                            [
                                120.7944,
                                15.8395
                            ],
                            [
                                120.7917,
                                15.8231
                            ]
                        ]
                    ]
                ]
            }
        },
        {
            "type": "Feature",
            "properties": {
                "GID_3": "PHL.61.45.52_1",
                "GID_0": "PHL",
                "COUNTRY": "Philippines",
                "GID_1": "PHL.61_1",
                "NAME_1": "Pangasinan",
                "NL_NAME_1": "NA",
                "GID_2": "PHL.61.45_1",
                "NAME_2": "Umingan",
                "NL_NAME_2": "NA",
                "NAME_3": "SanLeon",
                "VARNAME_3": "NA",
                "NL_NAME_3": "NA",
                "TYPE_3": "Barangay",
                "ENGTYPE_3": "Village",
                "CC_3": "NA",
                "HASC_3": "NA",
                "DISTRICT": 6
            },
            "geometry": {
                "type": "MultiPolygon",
                "coordinates": [
                    [
                        [
                            [
                                120.7267,
                                15.9021
                            ],
                            [
                                120.7222,
                                15.9168
                            ],
                            [
                                120.7314,
                                15.9207
                            ],
                            [
                                120.7343,
                                15.9131
                            ],
                            [
                                120.7339,
                                15.9056
                            ],
                            [
                                120.7367,
                                15.9007
                            ],
                            [
                                120.7267,
                                15.9021
                            ]
                        ]
                    ]
                ]
            }
        },
        {
            "type": "Feature",
            "properties": {
                "GID_3": "PHL.61.45.53_1",
                "GID_0": "PHL",
                "COUNTRY": "Philippines",
                "GID_1": "PHL.61_1",
                "NAME_1": "Pangasinan",
                "NL_NAME_1": "NA",
                "GID_2": "PHL.61.45_1",
                "NAME_2": "Umingan",
                "NL_NAME_2": "NA",
                "NAME_3": "SanPablo",
                "VARNAME_3": "NA",
                "NL_NAME_3": "NA",
                "TYPE_3": "Barangay",
                "ENGTYPE_3": "Village",
                "CC_3": "NA",
                "HASC_3": "NA",
                "DISTRICT": 6
            },
            "geometry": {
                "type": "MultiPolygon",
                "coordinates": [
                    [
                        [
                            [
                                120.7545,
                                15.85
                            ],
                            [
                                120.7476,
                                15.8506
                            ],
                            [
                                120.7436,
                                15.8526
                            ],
                            [
                                120.7581,
                                15.8597
                            ],
                            [
                                120.7627,
                                15.8613
                            ],
                            [
                                120.7657,
                                15.8603
                            ],
                            [
                                120.7622,
                                15.8456
                            ],
                            [
                                120.7575,
                                15.8496
                            ],
                            [
                                120.7545,
                                15.85
                            ]
                        ]
                    ]
                ]
            }
        },
        {
            "type": "Feature",
            "properties": {
                "GID_3": "PHL.61.45.54_1",
                "GID_0": "PHL",
                "COUNTRY": "Philippines",
                "GID_1": "PHL.61_1",
                "NAME_1": "Pangasinan",
                "NL_NAME_1": "NA",
                "GID_2": "PHL.61.45_1",
                "NAME_2": "Umingan",
                "NL_NAME_2": "NA",
                "NAME_3": "SanVicente",
                "VARNAME_3": "NA",
                "NL_NAME_3": "NA",
                "TYPE_3": "Barangay",
                "ENGTYPE_3": "Village",
                "CC_3": "NA",
                "HASC_3": "NA",
                "DISTRICT": 6
            },
            "geometry": {
                "type": "MultiPolygon",
                "coordinates": [
                    [
                        [
                            [
                                120.7637,
                                15.8648
                            ],
                            [
                                120.755,
                                15.8913
                            ],
                            [
                                120.7566,
                                15.8918
                            ],
                            [
                                120.7651,
                                15.8907
                            ],
                            [
                                120.7694,
                                15.8885
                            ],
                            [
                                120.7688,
                                15.8789
                            ],
                            [
                                120.7706,
                                15.8774
                            ],
                            [
                                120.7728,
                                15.8789
                            ],
                            [
                                120.779,
                                15.8773
                            ],
                            [
                                120.7835,
                                15.8795
                            ],
                            [
                                120.7836,
                                15.8759
                            ],
                            [
                                120.7862,
                                15.8729
                            ],
                            [
                                120.782,
                                15.8692
                            ],
                            [
                                120.7747,
                                15.8664
                            ],
                            [
                                120.7737,
                                15.8628
                            ],
                            [
                                120.7637,
                                15.8648
                            ]
                        ]
                    ]
                ]
            }
        },
        {
            "type": "Feature",
            "properties": {
                "GID_3": "PHL.61.45.55_1",
                "GID_0": "PHL",
                "COUNTRY": "Philippines",
                "GID_1": "PHL.61_1",
                "NAME_1": "Pangasinan",
                "NL_NAME_1": "NA",
                "GID_2": "PHL.61.45_1",
                "NAME_2": "Umingan",
                "NL_NAME_2": "NA",
                "NAME_3": "SantaMaria",
                "VARNAME_3": "NA",
                "NL_NAME_3": "NA",
                "TYPE_3": "Barangay",
                "ENGTYPE_3": "Village",
                "CC_3": "NA",
                "HASC_3": "NA",
                "DISTRICT": 6
            },
            "geometry": {
                "type": "MultiPolygon",
                "coordinates": [
                    [
                        [
                            [
                                120.7826,
                                15.9281
                            ],
                            [
                                120.7892,
                                15.9269
                            ],
                            [
                                120.7893,
                                15.9116
                            ],
                            [
                                120.7824,
                                15.9057
                            ],
                            [
                                120.7767,
                                15.9058
                            ],
                            [
                                120.7738,
                                15.903
                            ],
                            [
                                120.7711,
                                15.9047
                            ],
                            [
                                120.7688,
                                15.9204
                            ],
                            [
                                120.7826,
                                15.9281
                            ]
                        ]
                    ]
                ]
            }
        },
        {
            "type": "Feature",
            "properties": {
                "GID_3": "PHL.61.45.56_1",
                "GID_0": "PHL",
                "COUNTRY": "Philippines",
                "GID_1": "PHL.61_1",
                "NAME_1": "Pangasinan",
                "NL_NAME_1": "NA",
                "GID_2": "PHL.61.45_1",
                "NAME_2": "Umingan",
                "NL_NAME_2": "NA",
                "NAME_3": "SantaRosa",
                "VARNAME_3": "NA",
                "NL_NAME_3": "NA",
                "TYPE_3": "Barangay",
                "ENGTYPE_3": "Village",
                "CC_3": "NA",
                "HASC_3": "NA",
                "DISTRICT": 6
            },
            "geometry": {
                "type": "MultiPolygon",
                "coordinates": [
                    [
                        [
                            [
                                120.7399,
                                15.8671
                            ],
                            [
                                120.735,
                                15.882
                            ],
                            [
                                120.7389,
                                15.8824
                            ],
                            [
                                120.7438,
                                15.8794
                            ],
                            [
                                120.7476,
                                15.8829
                            ],
                            [
                                120.7452,
                                15.8888
                            ],
                            [
                                120.755,
                                15.8913
                            ],
                            [
                                120.761,
                                15.8739
                            ],
                            [
                                120.7486,
                                15.8687
                            ],
                            [
                                120.7399,
                                15.8671
                            ]
                        ]
                    ]
                ]
            }
        },
        {
            "type": "Feature",
            "properties": {
                "GID_3": "PHL.61.45.57_1",
                "GID_0": "PHL",
                "COUNTRY": "Philippines",
                "GID_1": "PHL.61_1",
                "NAME_1": "Pangasinan",
                "NL_NAME_1": "NA",
                "GID_2": "PHL.61.45_1",
                "NAME_2": "Umingan",
                "NL_NAME_2": "NA",
                "NAME_3": "Sinabaan",
                "VARNAME_3": "NA",
                "NL_NAME_3": "NA",
                "TYPE_3": "Barangay",
                "ENGTYPE_3": "Village",
                "CC_3": "NA",
                "HASC_3": "NA",
                "DISTRICT": 6
            },
            "geometry": {
                "type": "MultiPolygon",
                "coordinates": [
                    [
                        [
                            [
                                120.7533,
                                15.9272
                            ],
                            [
                                120.7481,
                                15.9342
                            ],
                            [
                                120.7748,
                                15.9451
                            ],
                            [
                                120.767,
                                15.9258
                            ],
                            [
                                120.7607,
                                15.9252
                            ],
                            [
                                120.7564,
                                15.9267
                            ],
                            [
                                120.7533,
                                15.9243
                            ],
                            [
                                120.7533,
                                15.9272
                            ]
                        ]
                    ]
                ]
            }
        },
        {
            "type": "Feature",
            "properties": {
                "GID_3": "PHL.61.45.58_1",
                "GID_0": "PHL",
                "COUNTRY": "Philippines",
                "GID_1": "PHL.61_1",
                "NAME_1": "Pangasinan",
                "NL_NAME_1": "NA",
                "GID_2": "PHL.61.45_1",
                "NAME_2": "Umingan",
                "NL_NAME_2": "NA",
                "NAME_3": "TanggalSawang",
                "VARNAME_3": "NA",
                "NL_NAME_3": "NA",
                "TYPE_3": "Barangay",
                "ENGTYPE_3": "Village",
                "CC_3": "NA",
                "HASC_3": "NA",
                "DISTRICT": 6
            },
            "geometry": {
                "type": "MultiPolygon",
                "coordinates": [
                    [
                        [
                            [
                                120.7479,
                                15.9472
                            ],
                            [
                                120.7552,
                                15.9468
                            ],
                            [
                                120.7607,
                                15.9386
                            ],
                            [
                                120.7481,
                                15.9342
                            ],
                            [
                                120.7479,
                                15.9472
                            ]
                        ]
                    ]
                ]
            }
        },
        {
            "type": "Feature",
            "properties": {
                "GID_3": "PHL.61.47.1_1",
                "GID_0": "PHL",
                "COUNTRY": "Philippines",
                "GID_1": "PHL.61_1",
                "NAME_1": "Pangasinan",
                "NL_NAME_1": "NA",
                "GID_2": "PHL.61.47_1",
                "NAME_2": "UrdanetaCity",
                "NL_NAME_2": "NA",
                "NAME_3": "Anonas",
                "VARNAME_3": "NA",
                "NL_NAME_3": "NA",
                "TYPE_3": "Barangay",
                "ENGTYPE_3": "Village",
                "CC_3": "NA",
                "HASC_3": "NA",
                "DISTRICT": 5
            },
            "geometry": {
                "type": "MultiPolygon",
                "coordinates": [
                    [
                        [
                            [
                                120.5763,
                                16.0117
                            ],
                            [
                                120.5866,
                                15.9999
                            ],
                            [
                                120.5874,
                                15.9927
                            ],
                            [
                                120.5832,
                                15.9909
                            ],
                            [
                                120.5672,
                                15.9958
                            ],
                            [
                                120.5682,
                                16.0065
                            ],
                            [
                                120.5763,
                                16.0117
                            ]
                        ]
                    ]
                ]
            }
        },
        {
            "type": "Feature",
            "properties": {
                "GID_3": "PHL.61.47.2_1",
                "GID_0": "PHL",
                "COUNTRY": "Philippines",
                "GID_1": "PHL.61_1",
                "NAME_1": "Pangasinan",
                "NL_NAME_1": "NA",
                "GID_2": "PHL.61.47_1",
                "NAME_2": "UrdanetaCity",
                "NL_NAME_2": "NA",
                "NAME_3": "BactadEast",
                "VARNAME_3": "NA",
                "NL_NAME_3": "NA",
                "TYPE_3": "Barangay",
                "ENGTYPE_3": "Village",
                "CC_3": "NA",
                "HASC_3": "NA",
                "DISTRICT": 5
            },
            "geometry": {
                "type": "MultiPolygon",
                "coordinates": [
                    [
                        [
                            [
                                120.6302,
                                15.9851
                            ],
                            [
                                120.6301,
                                15.9789
                            ],
                            [
                                120.621,
                                15.9796
                            ],
                            [
                                120.6193,
                                15.9901
                            ],
                            [
                                120.6301,
                                15.9933
                            ],
                            [
                                120.6302,
                                15.9851
                            ]
                        ]
                    ]
                ]
            }
        },
        {
            "type": "Feature",
            "properties": {
                "GID_3": "PHL.61.47.3_1",
                "GID_0": "PHL",
                "COUNTRY": "Philippines",
                "GID_1": "PHL.61_1",
                "NAME_1": "Pangasinan",
                "NL_NAME_1": "NA",
                "GID_2": "PHL.61.47_1",
                "NAME_2": "UrdanetaCity",
                "NL_NAME_2": "NA",
                "NAME_3": "Bayaoas",
                "VARNAME_3": "NA",
                "NL_NAME_3": "NA",
                "TYPE_3": "Barangay",
                "ENGTYPE_3": "Village",
                "CC_3": "NA",
                "HASC_3": "NA",
                "DISTRICT": 5
            },
            "geometry": {
                "type": "MultiPolygon",
                "coordinates": [
                    [
                        [
                            [
                                120.582,
                                15.9708
                            ],
                            [
                                120.5763,
                                15.9703
                            ],
                            [
                                120.5714,
                                15.9854
                            ],
                            [
                                120.5786,
                                15.9887
                            ],
                            [
                                120.5823,
                                15.9824
                            ],
                            [
                                120.5835,
                                15.9738
                            ],
                            [
                                120.582,
                                15.9708
                            ]
                        ]
                    ]
                ]
            }
        },
        {
            "type": "Feature",
            "properties": {
                "GID_3": "PHL.61.47.4_1",
                "GID_0": "PHL",
                "COUNTRY": "Philippines",
                "GID_1": "PHL.61_1",
                "NAME_1": "Pangasinan",
                "NL_NAME_1": "NA",
                "GID_2": "PHL.61.47_1",
                "NAME_2": "UrdanetaCity",
                "NL_NAME_2": "NA",
                "NAME_3": "Bolaoen",
                "VARNAME_3": "NA",
                "NL_NAME_3": "NA",
                "TYPE_3": "Barangay",
                "ENGTYPE_3": "Village",
                "CC_3": "NA",
                "HASC_3": "NA",
                "DISTRICT": 5
            },
            "geometry": {
                "type": "MultiPolygon",
                "coordinates": [
                    [
                        [
                            [
                                120.6305,
                                16.0054
                            ],
                            [
                                120.6306,
                                15.9972
                            ],
                            [
                                120.6039,
                                15.99
                            ],
                            [
                                120.5923,
                                15.99
                            ],
                            [
                                120.5914,
                                15.9943
                            ],
                            [
                                120.6305,
                                16.0054
                            ]
                        ]
                    ]
                ]
            }
        },
        {
            "type": "Feature",
            "properties": {
                "GID_3": "PHL.61.47.5_1",
                "GID_0": "PHL",
                "COUNTRY": "Philippines",
                "GID_1": "PHL.61_1",
                "NAME_1": "Pangasinan",
                "NL_NAME_1": "NA",
                "GID_2": "PHL.61.47_1",
                "NAME_2": "UrdanetaCity",
                "NL_NAME_2": "NA",
                "NAME_3": "Cabaruan",
                "VARNAME_3": "NA",
                "NL_NAME_3": "NA",
                "TYPE_3": "Barangay",
                "ENGTYPE_3": "Village",
                "CC_3": "NA",
                "HASC_3": "NA",
                "DISTRICT": 5
            },
            "geometry": {
                "type": "MultiPolygon",
                "coordinates": [
                    [
                        [
                            [
                                120.5208,
                                15.9563
                            ],
                            [
                                120.5367,
                                15.9547
                            ],
                            [
                                120.5223,
                                15.9333
                            ],
                            [
                                120.5135,
                                15.9288
                            ],
                            [
                                120.51,
                                15.9562
                            ],
                            [
                                120.5208,
                                15.9563
                            ]
                        ]
                    ]
                ]
            }
        },
        {
            "type": "Feature",
            "properties": {
                "GID_3": "PHL.61.47.6_1",
                "GID_0": "PHL",
                "COUNTRY": "Philippines",
                "GID_1": "PHL.61_1",
                "NAME_1": "Pangasinan",
                "NL_NAME_1": "NA",
                "GID_2": "PHL.61.47_1",
                "NAME_2": "UrdanetaCity",
                "NL_NAME_2": "NA",
                "NAME_3": "Cabuloan",
                "VARNAME_3": "NA",
                "NL_NAME_3": "NA",
                "TYPE_3": "Barangay",
                "ENGTYPE_3": "Village",
                "CC_3": "NA",
                "HASC_3": "NA",
                "DISTRICT": 5
            },
            "geometry": {
                "type": "MultiPolygon",
                "coordinates": [
                    [
                        [
                            [
                                120.5958,
                                15.9676
                            ],
                            [
                                120.5928,
                                15.9871
                            ],
                            [
                                120.6051,
                                15.9861
                            ],
                            [
                                120.609,
                                15.9694
                            ],
                            [
                                120.5958,
                                15.9676
                            ]
                        ]
                    ]
                ]
            }
        },
        {
            "type": "Feature",
            "properties": {
                "GID_3": "PHL.61.47.7_1",
                "GID_0": "PHL",
                "COUNTRY": "Philippines",
                "GID_1": "PHL.61_1",
                "NAME_1": "Pangasinan",
                "NL_NAME_1": "NA",
                "GID_2": "PHL.61.47_1",
                "NAME_2": "UrdanetaCity",
                "NL_NAME_2": "NA",
                "NAME_3": "Camanang",
                "VARNAME_3": "NA",
                "NL_NAME_3": "NA",
                "TYPE_3": "Barangay",
                "ENGTYPE_3": "Village",
                "CC_3": "NA",
                "HASC_3": "NA",
                "DISTRICT": 5
            },
            "geometry": {
                "type": "MultiPolygon",
                "coordinates": [
                    [
                        [
                            [
                                120.5763,
                                15.9703
                            ],
                            [
                                120.5947,
                                15.972
                            ],
                            [
                                120.5969,
                                15.9524
                            ],
                            [
                                120.5876,
                                15.9503
                            ],
                            [
                                120.5863,
                                15.9542
                            ],
                            [
                                120.578,
                                15.9647
                            ],
                            [
                                120.5763,
                                15.9703
                            ]
                        ]
                    ]
                ]
            }
        },
        {
            "type": "Feature",
            "properties": {
                "GID_3": "PHL.61.47.8_1",
                "GID_0": "PHL",
                "COUNTRY": "Philippines",
                "GID_1": "PHL.61_1",
                "NAME_1": "Pangasinan",
                "NL_NAME_1": "NA",
                "GID_2": "PHL.61.47_1",
                "NAME_2": "UrdanetaCity",
                "NL_NAME_2": "NA",
                "NAME_3": "Camantiles",
                "VARNAME_3": "NA",
                "NL_NAME_3": "NA",
                "TYPE_3": "Barangay",
                "ENGTYPE_3": "Village",
                "CC_3": "NA",
                "HASC_3": "NA",
                "DISTRICT": 5
            },
            "geometry": {
                "type": "MultiPolygon",
                "coordinates": [
                    [
                        [
                            [
                                120.5374,
                                16.0109
                            ],
                            [
                                120.5385,
                                16.009
                            ],
                            [
                                120.5511,
                                16.0056
                            ],
                            [
                                120.5481,
                                16.0042
                            ],
                            [
                                120.5478,
                                16.0024
                            ],
                            [
                                120.5504,
                                16.0012
                            ],
                            [
                                120.5535,
                                16.0023
                            ],
                            [
                                120.5533,
                                15.9984
                            ],
                            [
                                120.5651,
                                15.9986
                            ],
                            [
                                120.5655,
                                15.9961
                            ],
                            [
                                120.5672,
                                15.9958
                            ],
                            [
                                120.5659,
                                15.99
                            ],
                            [
                                120.5607,
                                15.987
                            ],
                            [
                                120.5374,
                                15.9913
                            ],
                            [
                                120.5326,
                                15.988
                            ],
                            [
                                120.5328,
                                15.992
                            ],
                            [
                                120.5295,
                                15.9934
                            ],
                            [
                                120.5226,
                                15.9907
                            ],
                            [
                                120.521,
                                16.0084
                            ],
                            [
                                120.5292,
                                16.0076
                            ],
                            [
                                120.5374,
                                16.0109
                            ]
                        ]
                    ]
                ]
            }
        },
        {
            "type": "Feature",
            "properties": {
                "GID_3": "PHL.61.47.9_1",
                "GID_0": "PHL",
                "COUNTRY": "Philippines",
                "GID_1": "PHL.61_1",
                "NAME_1": "Pangasinan",
                "NL_NAME_1": "NA",
                "GID_2": "PHL.61.47_1",
                "NAME_2": "UrdanetaCity",
                "NL_NAME_2": "NA",
                "NAME_3": "Casantaan",
                "VARNAME_3": "NA",
                "NL_NAME_3": "NA",
                "TYPE_3": "Barangay",
                "ENGTYPE_3": "Village",
                "CC_3": "NA",
                "HASC_3": "NA",
                "DISTRICT": 5
            },
            "geometry": {
                "type": "MultiPolygon",
                "coordinates": [
                    [
                        [
                            [
                                120.6306,
                                15.9972
                            ],
                            [
                                120.6301,
                                15.9933
                            ],
                            [
                                120.6051,
                                15.9861
                            ],
                            [
                                120.5928,
                                15.9871
                            ],
                            [
                                120.5923,
                                15.99
                            ],
                            [
                                120.6039,
                                15.99
                            ],
                            [
                                120.6306,
                                15.9972
                            ]
                        ]
                    ]
                ]
            }
        },
        {
            "type": "Feature",
            "properties": {
                "GID_3": "PHL.61.47.10_1",
                "GID_0": "PHL",
                "COUNTRY": "Philippines",
                "GID_1": "PHL.61_1",
                "NAME_1": "Pangasinan",
                "NL_NAME_1": "NA",
                "GID_2": "PHL.61.47_1",
                "NAME_2": "UrdanetaCity",
                "NL_NAME_2": "NA",
                "NAME_3": "Catablan",
                "VARNAME_3": "NA",
                "NL_NAME_3": "NA",
                "TYPE_3": "Barangay",
                "ENGTYPE_3": "Village",
                "CC_3": "NA",
                "HASC_3": "NA",
                "DISTRICT": 5
            },
            "geometry": {
                "type": "MultiPolygon",
                "coordinates": [
                    [
                        [
                            [
                                120.4984,
                                15.9656
                            ],
                            [
                                120.4927,
                                15.9799
                            ],
                            [
                                120.4853,
                                15.9901
                            ],
                            [
                                120.4745,
                                15.9975
                            ],
                            [
                                120.4766,
                                15.9983
                            ],
                            [
                                120.4853,
                                15.9952
                            ],
                            [
                                120.4958,
                                16.0051
                            ],
                            [
                                120.5007,
                                15.9817
                            ],
                            [
                                120.5075,
                                15.968
                            ],
                            [
                                120.5063,
                                15.9621
                            ],
                            [
                                120.4986,
                                15.957
                            ],
                            [
                                120.4984,
                                15.9656
                            ]
                        ]
                    ]
                ]
            }
        },
        {
            "type": "Feature",
            "properties": {
                "GID_3": "PHL.61.47.11_1",
                "GID_0": "PHL",
                "COUNTRY": "Philippines",
                "GID_1": "PHL.61_1",
                "NAME_1": "Pangasinan",
                "NL_NAME_1": "NA",
                "GID_2": "PHL.61.47_1",
                "NAME_2": "UrdanetaCity",
                "NL_NAME_2": "NA",
                "NAME_3": "Cayambanan",
                "VARNAME_3": "NA",
                "NL_NAME_3": "NA",
                "TYPE_3": "Barangay",
                "ENGTYPE_3": "Village",
                "CC_3": "NA",
                "HASC_3": "NA",
                "DISTRICT": 5
            },
            "geometry": {
                "type": "MultiPolygon",
                "coordinates": [
                    [
                        [
                            [
                                120.5774,
                                16.0153
                            ],
                            [
                                120.5887,
                                16.0142
                            ],
                            [
                                120.5888,
                                16.01
                            ],
                            [
                                120.5991,
                                16.0043
                            ],
                            [
                                120.6007,
                                15.9972
                            ],
                            [
                                120.5874,
                                15.9927
                            ],
                            [
                                120.5866,
                                15.9999
                            ],
                            [
                                120.5763,
                                16.0117
                            ],
                            [
                                120.5774,
                                16.0153
                            ]
                        ]
                    ]
                ]
            }
        },
        {
            "type": "Feature",
            "properties": {
                "GID_3": "PHL.61.47.12_1",
                "GID_0": "PHL",
                "COUNTRY": "Philippines",
                "GID_1": "PHL.61_1",
                "NAME_1": "Pangasinan",
                "NL_NAME_1": "NA",
                "GID_2": "PHL.61.47_1",
                "NAME_2": "UrdanetaCity",
                "NL_NAME_2": "NA",
                "NAME_3": "Consolacion",
                "VARNAME_3": "NA",
                "NL_NAME_3": "NA",
                "TYPE_3": "Barangay",
                "ENGTYPE_3": "Village",
                "CC_3": "NA",
                "HASC_3": "NA",
                "DISTRICT": 5
            },
            "geometry": {
                "type": "MultiPolygon",
                "coordinates": [
                    [
                        [
                            [
                                120.6303,
                                15.9619
                            ],
                            [
                                120.6298,
                                15.9548
                            ],
                            [
                                120.5969,
                                15.9524
                            ],
                            [
                                120.5963,
                                15.9636
                            ],
                            [
                                120.6181,
                                15.9657
                            ],
                            [
                                120.6303,
                                15.9619
                            ]
                        ]
                    ]
                ]
            }
        },
        {
            "type": "Feature",
            "properties": {
                "GID_3": "PHL.61.47.13_1",
                "GID_0": "PHL",
                "COUNTRY": "Philippines",
                "GID_1": "PHL.61_1",
                "NAME_1": "Pangasinan",
                "NL_NAME_1": "NA",
                "GID_2": "PHL.61.47_1",
                "NAME_2": "UrdanetaCity",
                "NL_NAME_2": "NA",
                "NAME_3": "DilanPaurido",
                "VARNAME_3": "NA",
                "NL_NAME_3": "NA",
                "TYPE_3": "Barangay",
                "ENGTYPE_3": "Village",
                "CC_3": "NA",
                "HASC_3": "NA",
                "DISTRICT": 5
            },
            "geometry": {
                "type": "MultiPolygon",
                "coordinates": [
                    [
                        [
                            [
                                120.5832,
                                15.9909
                            ],
                            [
                                120.5914,
                                15.9943
                            ],
                            [
                                120.5947,
                                15.972
                            ],
                            [
                                120.582,
                                15.9708
                            ],
                            [
                                120.5835,
                                15.9738
                            ],
                            [
                                120.5823,
                                15.9824
                            ],
                            [
                                120.5786,
                                15.9887
                            ],
                            [
                                120.5832,
                                15.9909
                            ]
                        ]
                    ]
                ]
            }
        },
        {
            "type": "Feature",
            "properties": {
                "GID_3": "PHL.61.47.14_1",
                "GID_0": "PHL",
                "COUNTRY": "Philippines",
                "GID_1": "PHL.61_1",
                "NAME_1": "Pangasinan",
                "NL_NAME_1": "NA",
                "GID_2": "PHL.61.47_1",
                "NAME_2": "UrdanetaCity",
                "NL_NAME_2": "NA",
                "NAME_3": "Dr.PedroT.Orata",
                "VARNAME_3": "BactadProper",
                "NL_NAME_3": "NA",
                "TYPE_3": "Barangay",
                "ENGTYPE_3": "Village",
                "CC_3": "NA",
                "HASC_3": "NA",
                "DISTRICT": 5
            },
            "geometry": {
                "type": "MultiPolygon",
                "coordinates": [
                    [
                        [
                            [
                                120.6193,
                                15.9901
                            ],
                            [
                                120.621,
                                15.9796
                            ],
                            [
                                120.6149,
                                15.9739
                            ],
                            [
                                120.6082,
                                15.973
                            ],
                            [
                                120.6051,
                                15.9861
                            ],
                            [
                                120.6193,
                                15.9901
                            ]
                        ]
                    ]
                ]
            }
        },
        {
            "type": "Feature",
            "properties": {
                "GID_3": "PHL.61.47.15_1",
                "GID_0": "PHL",
                "COUNTRY": "Philippines",
                "GID_1": "PHL.61_1",
                "NAME_1": "Pangasinan",
                "NL_NAME_1": "NA",
                "GID_2": "PHL.61.47_1",
                "NAME_2": "UrdanetaCity",
                "NL_NAME_2": "NA",
                "NAME_3": "LabitProper",
                "VARNAME_3": "NA",
                "NL_NAME_3": "NA",
                "TYPE_3": "Barangay",
                "ENGTYPE_3": "Village",
                "CC_3": "NA",
                "HASC_3": "NA",
                "DISTRICT": 5
            },
            "geometry": {
                "type": "MultiPolygon",
                "coordinates": [
                    [
                        [
                            [
                                120.5367,
                                15.9547
                            ],
                            [
                                120.5208,
                                15.9563
                            ],
                            [
                                120.5194,
                                15.9705
                            ],
                            [
                                120.5424,
                                15.9701
                            ],
                            [
                                120.544,
                                15.9655
                            ],
                            [
                                120.5367,
                                15.9547
                            ]
                        ]
                    ]
                ]
            }
        },
        {
            "type": "Feature",
            "properties": {
                "GID_3": "PHL.61.47.16_1",
                "GID_0": "PHL",
                "COUNTRY": "Philippines",
                "GID_1": "PHL.61_1",
                "NAME_1": "Pangasinan",
                "NL_NAME_1": "NA",
                "GID_2": "PHL.61.47_1",
                "NAME_2": "UrdanetaCity",
                "NL_NAME_2": "NA",
                "NAME_3": "LabitWest",
                "VARNAME_3": "NA",
                "NL_NAME_3": "NA",
                "TYPE_3": "Barangay",
                "ENGTYPE_3": "Village",
                "CC_3": "NA",
                "HASC_3": "NA",
                "DISTRICT": 5
            },
            "geometry": {
                "type": "MultiPolygon",
                "coordinates": [
                    [
                        [
                            [
                                120.4987,
                                15.9556
                            ],
                            [
                                120.4986,
                                15.957
                            ],
                            [
                                120.5063,
                                15.9621
                            ],
                            [
                                120.5075,
                                15.968
                            ],
                            [
                                120.5194,
                                15.9705
                            ],
                            [
                                120.5208,
                                15.9563
                            ],
                            [
                                120.4987,
                                15.9556
                            ]
                        ]
                    ]
                ]
            }
        },
        {
            "type": "Feature",
            "properties": {
                "GID_3": "PHL.61.47.17_1",
                "GID_0": "PHL",
                "COUNTRY": "Philippines",
                "GID_1": "PHL.61_1",
                "NAME_1": "Pangasinan",
                "NL_NAME_1": "NA",
                "GID_2": "PHL.61.47_1",
                "NAME_2": "UrdanetaCity",
                "NL_NAME_2": "NA",
                "NAME_3": "Mabanogbog",
                "VARNAME_3": "NA",
                "NL_NAME_3": "NA",
                "TYPE_3": "Barangay",
                "ENGTYPE_3": "Village",
                "CC_3": "NA",
                "HASC_3": "NA",
                "DISTRICT": 5
            },
            "geometry": {
                "type": "MultiPolygon",
                "coordinates": [
                    [
                        [
                            [
                                120.5408,
                                15.9901
                            ],
                            [
                                120.5607,
                                15.987
                            ],
                            [
                                120.5612,
                                15.9844
                            ],
                            [
                                120.5583,
                                15.9823
                            ],
                            [
                                120.5487,
                                15.9811
                            ],
                            [
                                120.5413,
                                15.984
                            ],
                            [
                                120.5408,
                                15.9901
                            ]
                        ]
                    ]
                ]
            }
        },
        {
            "type": "Feature",
            "properties": {
                "GID_3": "PHL.61.47.18_1",
                "GID_0": "PHL",
                "COUNTRY": "Philippines",
                "GID_1": "PHL.61_1",
                "NAME_1": "Pangasinan",
                "NL_NAME_1": "NA",
                "GID_2": "PHL.61.47_1",
                "NAME_2": "UrdanetaCity",
                "NL_NAME_2": "NA",
                "NAME_3": "Macalong",
                "VARNAME_3": "NA",
                "NL_NAME_3": "NA",
                "TYPE_3": "Barangay",
                "ENGTYPE_3": "Village",
                "CC_3": "NA",
                "HASC_3": "NA",
                "DISTRICT": 5
            },
            "geometry": {
                "type": "MultiPolygon",
                "coordinates": [
                    [
                        [
                            [
                                120.6313,
                                15.9708
                            ],
                            [
                                120.6303,
                                15.9619
                            ],
                            [
                                120.6181,
                                15.9657
                            ],
                            [
                                120.5963,
                                15.9636
                            ],
                            [
                                120.5958,
                                15.9676
                            ],
                            [
                                120.6313,
                                15.9708
                            ]
                        ]
                    ]
                ]
            }
        },
        {
            "type": "Feature",
            "properties": {
                "GID_3": "PHL.61.47.19_1",
                "GID_0": "PHL",
                "COUNTRY": "Philippines",
                "GID_1": "PHL.61_1",
                "NAME_1": "Pangasinan",
                "NL_NAME_1": "NA",
                "GID_2": "PHL.61.47_1",
                "NAME_2": "UrdanetaCity",
                "NL_NAME_2": "NA",
                "NAME_3": "Nancalobasaan",
                "VARNAME_3": "NA",
                "NL_NAME_3": "NA",
                "TYPE_3": "Barangay",
                "ENGTYPE_3": "Village",
                "CC_3": "NA",
                "HASC_3": "NA",
                "DISTRICT": 5
            },
            "geometry": {
                "type": "MultiPolygon",
                "coordinates": [
                    [
                        [
                            [
                                120.5949,
                                16.0149
                            ],
                            [
                                120.626,
                                16.0125
                            ],
                            [
                                120.6303,
                                16.0084
                            ],
                            [
                                120.6305,
                                16.0054
                            ],
                            [
                                120.6007,
                                15.9972
                            ],
                            [
                                120.5991,
                                16.0043
                            ],
                            [
                                120.5888,
                                16.01
                            ],
                            [
                                120.5887,
                                16.0142
                            ],
                            [
                                120.593,
                                16.0135
                            ],
                            [
                                120.5949,
                                16.0149
                            ]
                        ]
                    ]
                ]
            }
        },
        {
            "type": "Feature",
            "properties": {
                "GID_3": "PHL.61.47.20_1",
                "GID_0": "PHL",
                "COUNTRY": "Philippines",
                "GID_1": "PHL.61_1",
                "NAME_1": "Pangasinan",
                "NL_NAME_1": "NA",
                "GID_2": "PHL.61.47_1",
                "NAME_2": "UrdanetaCity",
                "NL_NAME_2": "NA",
                "NAME_3": "NancamaliranEast",
                "VARNAME_3": "NA",
                "NL_NAME_3": "NA",
                "TYPE_3": "Barangay",
                "ENGTYPE_3": "Village",
                "CC_3": "NA",
                "HASC_3": "NA",
                "DISTRICT": 5
            },
            "geometry": {
                "type": "MultiPolygon",
                "coordinates": [
                    [
                        [
                            [
                                120.5558,
                                15.9829
                            ],
                            [
                                120.5583,
                                15.9823
                            ],
                            [
                                120.5609,
                                15.984
                            ],
                            [
                                120.5614,
                                15.9683
                            ],
                            [
                                120.5559,
                                15.9726
                            ],
                            [
                                120.5558,
                                15.9829
                            ]
                        ]
                    ]
                ]
            }
        },
        {
            "type": "Feature",
            "properties": {
                "GID_3": "PHL.61.47.21_1",
                "GID_0": "PHL",
                "COUNTRY": "Philippines",
                "GID_1": "PHL.61_1",
                "NAME_1": "Pangasinan",
                "NL_NAME_1": "NA",
                "GID_2": "PHL.61.47_1",
                "NAME_2": "UrdanetaCity",
                "NL_NAME_2": "NA",
                "NAME_3": "NancamaliranWest",
                "VARNAME_3": "NA",
                "NL_NAME_3": "NA",
                "TYPE_3": "Barangay",
                "ENGTYPE_3": "Village",
                "CC_3": "NA",
                "HASC_3": "NA",
                "DISTRICT": 5
            },
            "geometry": {
                "type": "MultiPolygon",
                "coordinates": [
                    [
                        [
                            [
                                120.5424,
                                15.9701
                            ],
                            [
                                120.5413,
                                15.984
                            ],
                            [
                                120.5487,
                                15.9811
                            ],
                            [
                                120.5558,
                                15.9829
                            ],
                            [
                                120.5559,
                                15.9726
                            ],
                            [
                                120.5486,
                                15.9699
                            ],
                            [
                                120.5424,
                                15.9701
                            ]
                        ]
                    ]
                ]
            }
        },
        {
            "type": "Feature",
            "properties": {
                "GID_3": "PHL.61.47.22_1",
                "GID_0": "PHL",
                "COUNTRY": "Philippines",
                "GID_1": "PHL.61_1",
                "NAME_1": "Pangasinan",
                "NL_NAME_1": "NA",
                "GID_2": "PHL.61.47_1",
                "NAME_2": "UrdanetaCity",
                "NL_NAME_2": "NA",
                "NAME_3": "Nancayasan",
                "VARNAME_3": "NA",
                "NL_NAME_3": "NA",
                "TYPE_3": "Barangay",
                "ENGTYPE_3": "Village",
                "CC_3": "NA",
                "HASC_3": "NA",
                "DISTRICT": 5
            },
            "geometry": {
                "type": "MultiPolygon",
                "coordinates": [
                    [
                        [
                            [
                                120.5763,
                                15.9703
                            ],
                            [
                                120.578,
                                15.9647
                            ],
                            [
                                120.5863,
                                15.9542
                            ],
                            [
                                120.5876,
                                15.9503
                            ],
                            [
                                120.5624,
                                15.9462
                            ],
                            [
                                120.5662,
                                15.9609
                            ],
                            [
                                120.5659,
                                15.9653
                            ],
                            [
                                120.5614,
                                15.9683
                            ],
                            [
                                120.5763,
                                15.9703
                            ]
                        ]
                    ]
                ]
            }
        },
        {
            "type": "Feature",
            "properties": {
                "GID_3": "PHL.61.47.23_1",
                "GID_0": "PHL",
                "COUNTRY": "Philippines",
                "GID_1": "PHL.61_1",
                "NAME_1": "Pangasinan",
                "NL_NAME_1": "NA",
                "GID_2": "PHL.61.47_1",
                "NAME_2": "UrdanetaCity",
                "NL_NAME_2": "NA",
                "NAME_3": "Oltama",
                "VARNAME_3": "NA",
                "NL_NAME_3": "NA",
                "TYPE_3": "Barangay",
                "ENGTYPE_3": "Village",
                "CC_3": "NA",
                "HASC_3": "NA",
                "DISTRICT": 5
            },
            "geometry": {
                "type": "MultiPolygon",
                "coordinates": [
                    [
                        [
                            [
                                120.5079,
                                15.9253
                            ],
                            [
                                120.5002,
                                15.9417
                            ],
                            [
                                120.4987,
                                15.9556
                            ],
                            [
                                120.51,
                                15.9562
                            ],
                            [
                                120.5135,
                                15.9288
                            ],
                            [
                                120.5079,
                                15.9253
                            ]
                        ]
                    ]
                ]
            }
        },
        {
            "type": "Feature",
            "properties": {
                "GID_3": "PHL.61.47.24_1",
                "GID_0": "PHL",
                "COUNTRY": "Philippines",
                "GID_1": "PHL.61_1",
                "NAME_1": "Pangasinan",
                "NL_NAME_1": "NA",
                "GID_2": "PHL.61.47_1",
                "NAME_2": "UrdanetaCity",
                "NL_NAME_2": "NA",
                "NAME_3": "PalinaEast",
                "VARNAME_3": "NA",
                "NL_NAME_3": "NA",
                "TYPE_3": "Barangay",
                "ENGTYPE_3": "Village",
                "CC_3": "NA",
                "HASC_3": "NA",
                "DISTRICT": 5
            },
            "geometry": {
                "type": "MultiPolygon",
                "coordinates": [
                    [
                        [
                            [
                                120.5662,
                                15.9609
                            ],
                            [
                                120.5624,
                                15.9462
                            ],
                            [
                                120.5605,
                                15.9458
                            ],
                            [
                                120.5539,
                                15.9522
                            ],
                            [
                                120.5543,
                                15.9608
                            ],
                            [
                                120.5662,
                                15.9609
                            ]
                        ]
                    ]
                ]
            }
        },
        {
            "type": "Feature",
            "properties": {
                "GID_3": "PHL.61.47.25_1",
                "GID_0": "PHL",
                "COUNTRY": "Philippines",
                "GID_1": "PHL.61_1",
                "NAME_1": "Pangasinan",
                "NL_NAME_1": "NA",
                "GID_2": "PHL.61.47_1",
                "NAME_2": "UrdanetaCity",
                "NL_NAME_2": "NA",
                "NAME_3": "PalinaWest",
                "VARNAME_3": "NA",
                "NL_NAME_3": "NA",
                "TYPE_3": "Barangay",
                "ENGTYPE_3": "Village",
                "CC_3": "NA",
                "HASC_3": "NA",
                "DISTRICT": 5
            },
            "geometry": {
                "type": "MultiPolygon",
                "coordinates": [
                    [
                        [
                            [
                                120.5378,
                                15.9562
                            ],
                            [
                                120.544,
                                15.9655
                            ],
                            [
                                120.5424,
                                15.9701
                            ],
                            [
                                120.5486,
                                15.9699
                            ],
                            [
                                120.5543,
                                15.9608
                            ],
                            [
                                120.5539,
                                15.9522
                            ],
                            [
                                120.5459,
                                15.9471
                            ],
                            [
                                120.5378,
                                15.9562
                            ]
                        ]
                    ]
                ]
            }
        },
        {
            "type": "Feature",
            "properties": {
                "GID_3": "PHL.61.47.26_1",
                "GID_0": "PHL",
                "COUNTRY": "Philippines",
                "GID_1": "PHL.61_1",
                "NAME_1": "Pangasinan",
                "NL_NAME_1": "NA",
                "GID_2": "PHL.61.47_1",
                "NAME_2": "UrdanetaCity",
                "NL_NAME_2": "NA",
                "NAME_3": "Pinmaludpod",
                "VARNAME_3": "NA",
                "NL_NAME_3": "NA",
                "TYPE_3": "Barangay",
                "ENGTYPE_3": "Village",
                "CC_3": "NA",
                "HASC_3": "NA",
                "DISTRICT": 5
            },
            "geometry": {
                "type": "MultiPolygon",
                "coordinates": [
                    [
                        [
                            [
                                120.5026,
                                16.0093
                            ],
                            [
                                120.5115,
                                16.0104
                            ],
                            [
                                120.521,
                                16.0084
                            ],
                            [
                                120.5226,
                                15.9907
                            ],
                            [
                                120.5295,
                                15.9934
                            ],
                            [
                                120.5328,
                                15.992
                            ],
                            [
                                120.5326,
                                15.988
                            ],
                            [
                                120.5374,
                                15.9913
                            ],
                            [
                                120.5408,
                                15.9901
                            ],
                            [
                                120.5417,
                                15.97
                            ],
                            [
                                120.5128,
                                15.97
                            ],
                            [
                                120.5026,
                                16.0093
                            ]
                        ]
                    ]
                ]
            }
        },
        {
            "type": "Feature",
            "properties": {
                "GID_3": "PHL.61.47.27_1",
                "GID_0": "PHL",
                "COUNTRY": "Philippines",
                "GID_1": "PHL.61_1",
                "NAME_1": "Pangasinan",
                "NL_NAME_1": "NA",
                "GID_2": "PHL.61.47_1",
                "NAME_2": "UrdanetaCity",
                "NL_NAME_2": "NA",
                "NAME_3": "Poblacion",
                "VARNAME_3": "NA",
                "NL_NAME_3": "NA",
                "TYPE_3": "Barangay",
                "ENGTYPE_3": "Village",
                "CC_3": "NA",
                "HASC_3": "NA",
                "DISTRICT": 5
            },
            "geometry": {
                "type": "MultiPolygon",
                "coordinates": [
                    [
                        [
                            [
                                120.5714,
                                15.9854
                            ],
                            [
                                120.5763,
                                15.9703
                            ],
                            [
                                120.5621,
                                15.9689
                            ],
                            [
                                120.5609,
                                15.984
                            ],
                            [
                                120.5714,
                                15.9854
                            ]
                        ]
                    ]
                ]
            }
        },
        {
            "type": "Feature",
            "properties": {
                "GID_3": "PHL.61.47.28_1",
                "GID_0": "PHL",
                "COUNTRY": "Philippines",
                "GID_1": "PHL.61_1",
                "NAME_1": "Pangasinan",
                "NL_NAME_1": "NA",
                "GID_2": "PHL.61.47_1",
                "NAME_2": "UrdanetaCity",
                "NL_NAME_2": "NA",
                "NAME_3": "SanJose",
                "VARNAME_3": "NA",
                "NL_NAME_3": "NA",
                "TYPE_3": "Barangay",
                "ENGTYPE_3": "Village",
                "CC_3": "NA",
                "HASC_3": "NA",
                "DISTRICT": 5
            },
            "geometry": {
                "type": "MultiPolygon",
                "coordinates": [
                    [
                        [
                            [
                                120.4968,
                                16.0087
                            ],
                            [
                                120.5026,
                                16.0093
                            ],
                            [
                                120.5128,
                                15.97
                            ],
                            [
                                120.5075,
                                15.968
                            ],
                            [
                                120.5007,
                                15.9817
                            ],
                            [
                                120.4958,
                                16.0051
                            ],
                            [
                                120.4968,
                                16.0087
                            ]
                        ]
                    ]
                ]
            }
        },
        {
            "type": "Feature",
            "properties": {
                "GID_3": "PHL.61.47.29_1",
                "GID_0": "PHL",
                "COUNTRY": "Philippines",
                "GID_1": "PHL.61_1",
                "NAME_1": "Pangasinan",
                "NL_NAME_1": "NA",
                "GID_2": "PHL.61.47_1",
                "NAME_2": "UrdanetaCity",
                "NL_NAME_2": "NA",
                "NAME_3": "SanVicente",
                "VARNAME_3": "NA",
                "NL_NAME_3": "NA",
                "TYPE_3": "Barangay",
                "ENGTYPE_3": "Village",
                "CC_3": "NA",
                "HASC_3": "NA",
                "DISTRICT": 5
            },
            "geometry": {
                "type": "MultiPolygon",
                "coordinates": [
                    [
                        [
                            [
                                120.5672,
                                15.9958
                            ],
                            [
                                120.5832,
                                15.9909
                            ],
                            [
                                120.5733,
                                15.9858
                            ],
                            [
                                120.5612,
                                15.9844
                            ],
                            [
                                120.5607,
                                15.987
                            ],
                            [
                                120.5659,
                                15.99
                            ],
                            [
                                120.5672,
                                15.9958
                            ]
                        ]
                    ]
                ]
            }
        },
        {
            "type": "Feature",
            "properties": {
                "GID_3": "PHL.61.47.30_1",
                "GID_0": "PHL",
                "COUNTRY": "Philippines",
                "GID_1": "PHL.61_1",
                "NAME_1": "Pangasinan",
                "NL_NAME_1": "NA",
                "GID_2": "PHL.61.47_1",
                "NAME_2": "UrdanetaCity",
                "NL_NAME_2": "NA",
                "NAME_3": "SantaLucia",
                "VARNAME_3": "NA",
                "NL_NAME_3": "NA",
                "TYPE_3": "Barangay",
                "ENGTYPE_3": "Village",
                "CC_3": "NA",
                "HASC_3": "NA",
                "DISTRICT": 5
            },
            "geometry": {
                "type": "MultiPolygon",
                "coordinates": [
                    [
                        [
                            [
                                120.5559,
                                15.9726
                            ],
                            [
                                120.5614,
                                15.9683
                            ],
                            [
                                120.5543,
                                15.9608
                            ],
                            [
                                120.5486,
                                15.9699
                            ],
                            [
                                120.5559,
                                15.9726
                            ]
                        ]
                    ]
                ]
            }
        },
        {
            "type": "Feature",
            "properties": {
                "GID_3": "PHL.61.47.31_1",
                "GID_0": "PHL",
                "COUNTRY": "Philippines",
                "GID_1": "PHL.61_1",
                "NAME_1": "Pangasinan",
                "NL_NAME_1": "NA",
                "GID_2": "PHL.61.47_1",
                "NAME_2": "UrdanetaCity",
                "NL_NAME_2": "NA",
                "NAME_3": "SantoDomingo",
                "VARNAME_3": "NA",
                "NL_NAME_3": "NA",
                "TYPE_3": "Barangay",
                "ENGTYPE_3": "Village",
                "CC_3": "NA",
                "HASC_3": "NA",
                "DISTRICT": 5
            },
            "geometry": {
                "type": "MultiPolygon",
                "coordinates": [
                    [
                        [
                            [
                                120.5614,
                                15.9683
                            ],
                            [
                                120.5659,
                                15.9653
                            ],
                            [
                                120.5662,
                                15.9609
                            ],
                            [
                                120.5543,
                                15.9608
                            ],
                            [
                                120.5614,
                                15.9683
                            ]
                        ]
                    ]
                ]
            }
        },
        {
            "type": "Feature",
            "properties": {
                "GID_3": "PHL.61.47.32_1",
                "GID_0": "PHL",
                "COUNTRY": "Philippines",
                "GID_1": "PHL.61_1",
                "NAME_1": "Pangasinan",
                "NL_NAME_1": "NA",
                "GID_2": "PHL.61.47_1",
                "NAME_2": "UrdanetaCity",
                "NL_NAME_2": "NA",
                "NAME_3": "Sugcong",
                "VARNAME_3": "NA",
                "NL_NAME_3": "NA",
                "TYPE_3": "Barangay",
                "ENGTYPE_3": "Village",
                "CC_3": "NA",
                "HASC_3": "NA",
                "DISTRICT": 5
            },
            "geometry": {
                "type": "MultiPolygon",
                "coordinates": [
                    [
                        [
                            [
                                120.5223,
                                15.9333
                            ],
                            [
                                120.5378,
                                15.9562
                            ],
                            [
                                120.5459,
                                15.9471
                            ],
                            [
                                120.5539,
                                15.9522
                            ],
                            [
                                120.5605,
                                15.9458
                            ],
                            [
                                120.5446,
                                15.9432
                            ],
                            [
                                120.5223,
                                15.9333
                            ]
                        ]
                    ]
                ]
            }
        },
        {
            "type": "Feature",
            "properties": {
                "GID_3": "PHL.61.47.33_1",
                "GID_0": "PHL",
                "COUNTRY": "Philippines",
                "GID_1": "PHL.61_1",
                "NAME_1": "Pangasinan",
                "NL_NAME_1": "NA",
                "GID_2": "PHL.61.47_1",
                "NAME_2": "UrdanetaCity",
                "NL_NAME_2": "NA",
                "NAME_3": "Tipuso",
                "VARNAME_3": "NA",
                "NL_NAME_3": "NA",
                "TYPE_3": "Barangay",
                "ENGTYPE_3": "Village",
                "CC_3": "NA",
                "HASC_3": "NA",
                "DISTRICT": 5
            },
            "geometry": {
                "type": "MultiPolygon",
                "coordinates": [
                    [
                        [
                            [
                                120.6301,
                                15.9789
                            ],
                            [
                                120.6313,
                                15.9708
                            ],
                            [
                                120.609,
                                15.9694
                            ],
                            [
                                120.6082,
                                15.973
                            ],
                            [
                                120.6149,
                                15.9739
                            ],
                            [
                                120.621,
                                15.9796
                            ],
                            [
                                120.6301,
                                15.9789
                            ]
                        ]
                    ]
                ]
            }
        },
        {
            "type": "Feature",
            "properties": {
                "GID_3": "PHL.61.47.34_1",
                "GID_0": "PHL",
                "COUNTRY": "Philippines",
                "GID_1": "PHL.61_1",
                "NAME_1": "Pangasinan",
                "NL_NAME_1": "NA",
                "GID_2": "PHL.61.47_1",
                "NAME_2": "UrdanetaCity",
                "NL_NAME_2": "NA",
                "NAME_3": "Tulong",
                "VARNAME_3": "NA",
                "NL_NAME_3": "NA",
                "TYPE_3": "Barangay",
                "ENGTYPE_3": "Village",
                "CC_3": "NA",
                "HASC_3": "NA",
                "DISTRICT": 5
            },
            "geometry": {
                "type": "MultiPolygon",
                "coordinates": [
                    [
                        [
                            [
                                120.5716,
                                16.0159
                            ],
                            [
                                120.5774,
                                16.0153
                            ],
                            [
                                120.5763,
                                16.0117
                            ],
                            [
                                120.5682,
                                16.0065
                            ],
                            [
                                120.5672,
                                15.9958
                            ],
                            [
                                120.5631,
                                15.9993
                            ],
                            [
                                120.5533,
                                15.9984
                            ],
                            [
                                120.5535,
                                16.0023
                            ],
                            [
                                120.5504,
                                16.0012
                            ],
                            [
                                120.5478,
                                16.0024
                            ],
                            [
                                120.5488,
                                16.0047
                            ],
                            [
                                120.5546,
                                16.0057
                            ],
                            [
                                120.5716,
                                16.0159
                            ]
                        ]
                    ]
                ]
            }
        },
        {
            "type": "Feature",
            "properties": {
                "GID_3": "PHL.61.48.1_1",
                "GID_0": "PHL",
                "COUNTRY": "Philippines",
                "GID_1": "PHL.61_1",
                "NAME_1": "Pangasinan",
                "NL_NAME_1": "NA",
                "GID_2": "PHL.61.48_1",
                "NAME_2": "Villasis",
                "NL_NAME_2": "NA",
                "NAME_3": "Amamperez",
                "VARNAME_3": "NA",
                "NL_NAME_3": "NA",
                "TYPE_3": "Barangay",
                "ENGTYPE_3": "Village",
                "CC_3": "NA",
                "HASC_3": "NA",
                "DISTRICT": 5
            },
            "geometry": {
                "type": "MultiPolygon",
                "coordinates": [
                    [
                        [
                            [
                                120.5507,
                                15.8816
                            ],
                            [
                                120.5303,
                                15.8746
                            ],
                            [
                                120.521,
                                15.8982
                            ],
                            [
                                120.5306,
                                15.9072
                            ],
                            [
                                120.535,
                                15.8933
                            ],
                            [
                                120.5475,
                                15.889
                            ],
                            [
                                120.5507,
                                15.8816
                            ]
                        ]
                    ]
                ]
            }
        },
        {
            "type": "Feature",
            "properties": {
                "GID_3": "PHL.61.48.2_1",
                "GID_0": "PHL",
                "COUNTRY": "Philippines",
                "GID_1": "PHL.61_1",
                "NAME_1": "Pangasinan",
                "NL_NAME_1": "NA",
                "GID_2": "PHL.61.48_1",
                "NAME_2": "Villasis",
                "NL_NAME_2": "NA",
                "NAME_3": "Bacag",
                "VARNAME_3": "NA",
                "NL_NAME_3": "NA",
                "TYPE_3": "Barangay",
                "ENGTYPE_3": "Village",
                "CC_3": "NA",
                "HASC_3": "NA",
                "DISTRICT": 5
            },
            "geometry": {
                "type": "MultiPolygon",
                "coordinates": [
                    [
                        [
                            [
                                120.5876,
                                15.9503
                            ],
                            [
                                120.603,
                                15.9531
                            ],
                            [
                                120.6021,
                                15.9396
                            ],
                            [
                                120.5726,
                                15.9207
                            ],
                            [
                                120.5675,
                                15.9395
                            ],
                            [
                                120.5876,
                                15.9503
                            ]
                        ]
                    ]
                ]
            }
        },
        {
            "type": "Feature",
            "properties": {
                "GID_3": "PHL.61.48.3_1",
                "GID_0": "PHL",
                "COUNTRY": "Philippines",
                "GID_1": "PHL.61_1",
                "NAME_1": "Pangasinan",
                "NL_NAME_1": "NA",
                "GID_2": "PHL.61.48_1",
                "NAME_2": "Villasis",
                "NL_NAME_2": "NA",
                "NAME_3": "Barangobong",
                "VARNAME_3": "NA",
                "NL_NAME_3": "NA",
                "TYPE_3": "Barangay",
                "ENGTYPE_3": "Village",
                "CC_3": "NA",
                "HASC_3": "NA",
                "DISTRICT": 5
            },
            "geometry": {
                "type": "MultiPolygon",
                "coordinates": [
                    [
                        [
                            [
                                120.5678,
                                15.887
                            ],
                            [
                                120.5507,
                                15.8816
                            ],
                            [
                                120.5475,
                                15.889
                            ],
                            [
                                120.5359,
                                15.8927
                            ],
                            [
                                120.553,
                                15.9031
                            ],
                            [
                                120.5725,
                                15.8962
                            ],
                            [
                                120.5761,
                                15.8834
                            ],
                            [
                                120.5717,
                                15.8837
                            ],
                            [
                                120.5678,
                                15.887
                            ]
                        ]
                    ]
                ]
            }
        },
        {
            "type": "Feature",
            "properties": {
                "GID_3": "PHL.61.48.4_1",
                "GID_0": "PHL",
                "COUNTRY": "Philippines",
                "GID_1": "PHL.61_1",
                "NAME_1": "Pangasinan",
                "NL_NAME_1": "NA",
                "GID_2": "PHL.61.48_1",
                "NAME_2": "Villasis",
                "NL_NAME_2": "NA",
                "NAME_3": "Barraca",
                "VARNAME_3": "NA",
                "NL_NAME_3": "NA",
                "TYPE_3": "Barangay",
                "ENGTYPE_3": "Village",
                "CC_3": "NA",
                "HASC_3": "NA",
                "DISTRICT": 5
            },
            "geometry": {
                "type": "MultiPolygon",
                "coordinates": [
                    [
                        [
                            [
                                120.5675,
                                15.9395
                            ],
                            [
                                120.5726,
                                15.9207
                            ],
                            [
                                120.5766,
                                15.9227
                            ],
                            [
                                120.5801,
                                15.9152
                            ],
                            [
                                120.5839,
                                15.9133
                            ],
                            [
                                120.5847,
                                15.9144
                            ],
                            [
                                120.5861,
                                15.9106
                            ],
                            [
                                120.5725,
                                15.8962
                            ],
                            [
                                120.553,
                                15.9031
                            ],
                            [
                                120.5452,
                                15.9277
                            ],
                            [
                                120.5675,
                                15.9395
                            ]
                        ]
                    ]
                ]
            }
        },
        {
            "type": "Feature",
            "properties": {
                "GID_3": "PHL.61.48.5_1",
                "GID_0": "PHL",
                "COUNTRY": "Philippines",
                "GID_1": "PHL.61_1",
                "NAME_1": "Pangasinan",
                "NL_NAME_1": "NA",
                "GID_2": "PHL.61.48_1",
                "NAME_2": "Villasis",
                "NL_NAME_2": "NA",
                "NAME_3": "Capulaan",
                "VARNAME_3": "NA",
                "NL_NAME_3": "NA",
                "TYPE_3": "Barangay",
                "ENGTYPE_3": "Village",
                "CC_3": "NA",
                "HASC_3": "NA",
                "DISTRICT": 5
            },
            "geometry": {
                "type": "MultiPolygon",
                "coordinates": [
                    [
                        [
                            [
                                120.5359,
                                15.8927
                            ],
                            [
                                120.5306,
                                15.9072
                            ],
                            [
                                120.5426,
                                15.9173
                            ],
                            [
                                120.549,
                                15.9134
                            ],
                            [
                                120.553,
                                15.9031
                            ],
                            [
                                120.5359,
                                15.8927
                            ]
                        ]
                    ]
                ]
            }
        },
        {
            "type": "Feature",
            "properties": {
                "GID_3": "PHL.61.48.6_1",
                "GID_0": "PHL",
                "COUNTRY": "Philippines",
                "GID_1": "PHL.61_1",
                "NAME_1": "Pangasinan",
                "NL_NAME_1": "NA",
                "GID_2": "PHL.61.48_1",
                "NAME_2": "Villasis",
                "NL_NAME_2": "NA",
                "NAME_3": "Caramutan",
                "VARNAME_3": "NA",
                "NL_NAME_3": "NA",
                "TYPE_3": "Barangay",
                "ENGTYPE_3": "Village",
                "CC_3": "NA",
                "HASC_3": "NA",
                "DISTRICT": 5
            },
            "geometry": {
                "type": "MultiPolygon",
                "coordinates": [
                    [
                        [
                            [
                                120.6195,
                                15.9181
                            ],
                            [
                                120.6221,
                                15.9108
                            ],
                            [
                                120.6185,
                                15.9068
                            ],
                            [
                                120.6032,
                                15.9261
                            ],
                            [
                                120.603,
                                15.9531
                            ],
                            [
                                120.6205,
                                15.9542
                            ],
                            [
                                120.6195,
                                15.9181
                            ]
                        ]
                    ]
                ]
            }
        },
        {
            "type": "Feature",
            "properties": {
                "GID_3": "PHL.61.48.7_1",
                "GID_0": "PHL",
                "COUNTRY": "Philippines",
                "GID_1": "PHL.61_1",
                "NAME_1": "Pangasinan",
                "NL_NAME_1": "NA",
                "GID_2": "PHL.61.48_1",
                "NAME_2": "Villasis",
                "NL_NAME_2": "NA",
                "NAME_3": "LaPaz",
                "VARNAME_3": "NA",
                "NL_NAME_3": "NA",
                "TYPE_3": "Barangay",
                "ENGTYPE_3": "Village",
                "CC_3": "NA",
                "HASC_3": "NA",
                "DISTRICT": 5
            },
            "geometry": {
                "type": "MultiPolygon",
                "coordinates": [
                    [
                        [
                            [
                                120.5083,
                                15.9241
                            ],
                            [
                                120.5079,
                                15.9253
                            ],
                            [
                                120.5223,
                                15.9333
                            ],
                            [
                                120.5297,
                                15.9245
                            ],
                            [
                                120.5281,
                                15.9182
                            ],
                            [
                                120.5306,
                                15.9072
                            ],
                            [
                                120.521,
                                15.8982
                            ],
                            [
                                120.5189,
                                15.9047
                            ],
                            [
                                120.5101,
                                15.9184
                            ],
                            [
                                120.5083,
                                15.9241
                            ]
                        ]
                    ]
                ]
            }
        },
        {
            "type": "Feature",
            "properties": {
                "GID_3": "PHL.61.48.8_1",
                "GID_0": "PHL",
                "COUNTRY": "Philippines",
                "GID_1": "PHL.61_1",
                "NAME_1": "Pangasinan",
                "NL_NAME_1": "NA",
                "GID_2": "PHL.61.48_1",
                "NAME_2": "Villasis",
                "NL_NAME_2": "NA",
                "NAME_3": "Labit",
                "VARNAME_3": "NA",
                "NL_NAME_3": "NA",
                "TYPE_3": "Barangay",
                "ENGTYPE_3": "Village",
                "CC_3": "NA",
                "HASC_3": "NA",
                "DISTRICT": 5
            },
            "geometry": {
                "type": "MultiPolygon",
                "coordinates": [
                    [
                        [
                            [
                                120.5223,
                                15.9333
                            ],
                            [
                                120.5414,
                                15.9418
                            ],
                            [
                                120.5452,
                                15.9277
                            ],
                            [
                                120.5297,
                                15.9245
                            ],
                            [
                                120.5223,
                                15.9333
                            ]
                        ]
                    ]
                ]
            }
        },
        {
            "type": "Feature",
            "properties": {
                "GID_3": "PHL.61.48.9_1",
                "GID_0": "PHL",
                "COUNTRY": "Philippines",
                "GID_1": "PHL.61_1",
                "NAME_1": "Pangasinan",
                "NL_NAME_1": "NA",
                "GID_2": "PHL.61.48_1",
                "NAME_2": "Villasis",
                "NL_NAME_2": "NA",
                "NAME_3": "Lipay",
                "VARNAME_3": "NA",
                "NL_NAME_3": "NA",
                "TYPE_3": "Barangay",
                "ENGTYPE_3": "Village",
                "CC_3": "NA",
                "HASC_3": "NA",
                "DISTRICT": 5
            },
            "geometry": {
                "type": "MultiPolygon",
                "coordinates": [
                    [
                        [
                            [
                                120.6018,
                                15.899
                            ],
                            [
                                120.5974,
                                15.8983
                            ],
                            [
                                120.5944,
                                15.9049
                            ],
                            [
                                120.6106,
                                15.9168
                            ],
                            [
                                120.6185,
                                15.9068
                            ],
                            [
                                120.6129,
                                15.9028
                            ],
                            [
                                120.6018,
                                15.899
                            ]
                        ]
                    ]
                ]
            }
        },
        {
            "type": "Feature",
            "properties": {
                "GID_3": "PHL.61.48.10_1",
                "GID_0": "PHL",
                "COUNTRY": "Philippines",
                "GID_1": "PHL.61_1",
                "NAME_1": "Pangasinan",
                "NL_NAME_1": "NA",
                "GID_2": "PHL.61.48_1",
                "NAME_2": "Villasis",
                "NL_NAME_2": "NA",
                "NAME_3": "Lomboy",
                "VARNAME_3": "NA",
                "NL_NAME_3": "NA",
                "TYPE_3": "Barangay",
                "ENGTYPE_3": "Village",
                "CC_3": "NA",
                "HASC_3": "NA",
                "DISTRICT": 5
            },
            "geometry": {
                "type": "MultiPolygon",
                "coordinates": [
                    [
                        [
                            [
                                120.5861,
                                15.9106
                            ],
                            [
                                120.5847,
                                15.9144
                            ],
                            [
                                120.5895,
                                15.9209
                            ],
                            [
                                120.6032,
                                15.9261
                            ],
                            [
                                120.6057,
                                15.9226
                            ],
                            [
                                120.5861,
                                15.9106
                            ]
                        ]
                    ]
                ]
            }
        },
        {
            "type": "Feature",
            "properties": {
                "GID_3": "PHL.61.48.11_1",
                "GID_0": "PHL",
                "COUNTRY": "Philippines",
                "GID_1": "PHL.61_1",
                "NAME_1": "Pangasinan",
                "NL_NAME_1": "NA",
                "GID_2": "PHL.61.48_1",
                "NAME_2": "Villasis",
                "NL_NAME_2": "NA",
                "NAME_3": "Piaz",
                "VARNAME_3": "Plaza",
                "NL_NAME_3": "NA",
                "TYPE_3": "Barangay",
                "ENGTYPE_3": "Village",
                "CC_3": "NA",
                "HASC_3": "NA",
                "DISTRICT": 5
            },
            "geometry": {
                "type": "MultiPolygon",
                "coordinates": [
                    [
                        [
                            [
                                120.6298,
                                15.9548
                            ],
                            [
                                120.6302,
                                15.9495
                            ],
                            [
                                120.6325,
                                15.9452
                            ],
                            [
                                120.6385,
                                15.94
                            ],
                            [
                                120.639,
                                15.9368
                            ],
                            [
                                120.6326,
                                15.9249
                            ],
                            [
                                120.6206,
                                15.9244
                            ],
                            [
                                120.6205,
                                15.9542
                            ],
                            [
                                120.6298,
                                15.9548
                            ]
                        ]
                    ]
                ]
            }
        },
        {
            "type": "Feature",
            "properties": {
                "GID_3": "PHL.61.48.12_1",
                "GID_0": "PHL",
                "COUNTRY": "Philippines",
                "GID_1": "PHL.61_1",
                "NAME_1": "Pangasinan",
                "NL_NAME_1": "NA",
                "GID_2": "PHL.61.48_1",
                "NAME_2": "Villasis",
                "NL_NAME_2": "NA",
                "NAME_3": "Puelay",
                "VARNAME_3": "NA",
                "NL_NAME_3": "NA",
                "TYPE_3": "Barangay",
                "ENGTYPE_3": "Village",
                "CC_3": "NA",
                "HASC_3": "NA",
                "DISTRICT": 5
            },
            "geometry": {
                "type": "MultiPolygon",
                "coordinates": [
                    [
                        [
                            [
                                120.5974,
                                15.8983
                            ],
                            [
                                120.5891,
                                15.8941
                            ],
                            [
                                120.5818,
                                15.8852
                            ],
                            [
                                120.5761,
                                15.8834
                            ],
                            [
                                120.5725,
                                15.8962
                            ],
                            [
                                120.5814,
                                15.9053
                            ],
                            [
                                120.5838,
                                15.9012
                            ],
                            [
                                120.5927,
                                15.9069
                            ],
                            [
                                120.5974,
                                15.8983
                            ]
                        ]
                    ]
                ]
            }
        },
        {
            "type": "Feature",
            "properties": {
                "GID_3": "PHL.61.48.13_1",
                "GID_0": "PHL",
                "COUNTRY": "Philippines",
                "GID_1": "PHL.61_1",
                "NAME_1": "Pangasinan",
                "NL_NAME_1": "NA",
                "GID_2": "PHL.61.48_1",
                "NAME_2": "Villasis",
                "NL_NAME_2": "NA",
                "NAME_3": "SanBlas",
                "VARNAME_3": "NA",
                "NL_NAME_3": "NA",
                "TYPE_3": "Barangay",
                "ENGTYPE_3": "Village",
                "CC_3": "NA",
                "HASC_3": "NA",
                "DISTRICT": 5
            },
            "geometry": {
                "type": "MultiPolygon",
                "coordinates": [
                    [
                        [
                            [
                                120.6057,
                                15.9226
                            ],
                            [
                                120.6106,
                                15.9168
                            ],
                            [
                                120.5944,
                                15.9049
                            ],
                            [
                                120.5892,
                                15.9119
                            ],
                            [
                                120.6057,
                                15.9226
                            ]
                        ]
                    ]
                ]
            }
        },
        {
            "type": "Feature",
            "properties": {
                "GID_3": "PHL.61.48.14_1",
                "GID_0": "PHL",
                "COUNTRY": "Philippines",
                "GID_1": "PHL.61_1",
                "NAME_1": "Pangasinan",
                "NL_NAME_1": "NA",
                "GID_2": "PHL.61.48_1",
                "NAME_2": "Villasis",
                "NL_NAME_2": "NA",
                "NAME_3": "SanNicolas",
                "VARNAME_3": "NA",
                "NL_NAME_3": "NA",
                "TYPE_3": "Barangay",
                "ENGTYPE_3": "Village",
                "CC_3": "NA",
                "HASC_3": "NA",
                "DISTRICT": 5
            },
            "geometry": {
                "type": "MultiPolygon",
                "coordinates": [
                    [
                        [
                            [
                                120.5766,
                                15.9227
                            ],
                            [
                                120.6021,
                                15.9396
                            ],
                            [
                                120.6032,
                                15.9261
                            ],
                            [
                                120.5895,
                                15.9209
                            ],
                            [
                                120.5839,
                                15.9133
                            ],
                            [
                                120.5801,
                                15.9152
                            ],
                            [
                                120.5766,
                                15.9227
                            ]
                        ]
                    ]
                ]
            }
        },
        {
            "type": "Feature",
            "properties": {
                "GID_3": "PHL.61.48.15_1",
                "GID_0": "PHL",
                "COUNTRY": "Philippines",
                "GID_1": "PHL.61_1",
                "NAME_1": "Pangasinan",
                "NL_NAME_1": "NA",
                "GID_2": "PHL.61.48_1",
                "NAME_2": "Villasis",
                "NL_NAME_2": "NA",
                "NAME_3": "Tombod",
                "VARNAME_3": "NA",
                "NL_NAME_3": "NA",
                "TYPE_3": "Barangay",
                "ENGTYPE_3": "Village",
                "CC_3": "NA",
                "HASC_3": "NA",
                "DISTRICT": 5
            },
            "geometry": {
                "type": "MultiPolygon",
                "coordinates": [
                    [
                        [
                            [
                                120.5624,
                                15.9462
                            ],
                            [
                                120.5852,
                                15.9501
                            ],
                            [
                                120.5452,
                                15.9277
                            ],
                            [
                                120.5414,
                                15.9418
                            ],
                            [
                                120.5624,
                                15.9462
                            ]
                        ]
                    ]
                ]
            }
        },
        {
            "type": "Feature",
            "properties": {
                "GID_3": "PHL.61.48.16_1",
                "GID_0": "PHL",
                "COUNTRY": "Philippines",
                "GID_1": "PHL.61_1",
                "NAME_1": "Pangasinan",
                "NL_NAME_1": "NA",
                "GID_2": "PHL.61.48_1",
                "NAME_2": "Villasis",
                "NL_NAME_2": "NA",
                "NAME_3": "Unzad",
                "VARNAME_3": "NA",
                "NL_NAME_3": "NA",
                "TYPE_3": "Barangay",
                "ENGTYPE_3": "Village",
                "CC_3": "NA",
                "HASC_3": "NA",
                "DISTRICT": 5
            },
            "geometry": {
                "type": "MultiPolygon",
                "coordinates": [
                    [
                        [
                            [
                                120.5452,
                                15.9277
                            ],
                            [
                                120.549,
                                15.9134
                            ],
                            [
                                120.5426,
                                15.9173
                            ],
                            [
                                120.5306,
                                15.9072
                            ],
                            [
                                120.5281,
                                15.9182
                            ],
                            [
                                120.5297,
                                15.9245
                            ],
                            [
                                120.5452,
                                15.9277
                            ]
                        ]
                    ]
                ]
            }
        },
        {
            "type": "Feature",
            "properties": {
                "GID_3": "PHL.61.48.17_1",
                "GID_0": "PHL",
                "COUNTRY": "Philippines",
                "GID_1": "PHL.61_1",
                "NAME_1": "Pangasinan",
                "NL_NAME_1": "NA",
                "GID_2": "PHL.61.48_1",
                "NAME_2": "Villasis",
                "NL_NAME_2": "NA",
                "NAME_3": "ZoneI",
                "VARNAME_3": "Poblacion",
                "NL_NAME_3": "NA",
                "TYPE_3": "Barangay",
                "ENGTYPE_3": "Village",
                "CC_3": "NA",
                "HASC_3": "NA",
                "DISTRICT": 5
            },
            "geometry": {
                "type": "MultiPolygon",
                "coordinates": [
                    [
                        [
                            [
                                120.5927,
                                15.9069
                            ],
                            [
                                120.5886,
                                15.9042
                            ],
                            [
                                120.5868,
                                15.9064
                            ],
                            [
                                120.5918,
                                15.9082
                            ],
                            [
                                120.5927,
                                15.9069
                            ]
                        ]
                    ]
                ]
            }
        },
        {
            "type": "Feature",
            "properties": {
                "GID_3": "PHL.61.48.18_1",
                "GID_0": "PHL",
                "COUNTRY": "Philippines",
                "GID_1": "PHL.61_1",
                "NAME_1": "Pangasinan",
                "NL_NAME_1": "NA",
                "GID_2": "PHL.61.48_1",
                "NAME_2": "Villasis",
                "NL_NAME_2": "NA",
                "NAME_3": "ZoneII",
                "VARNAME_3": "Poblacion",
                "NL_NAME_3": "NA",
                "TYPE_3": "Barangay",
                "ENGTYPE_3": "Village",
                "CC_3": "NA",
                "HASC_3": "NA",
                "DISTRICT": 5
            },
            "geometry": {
                "type": "MultiPolygon",
                "coordinates": [
                    [
                        [
                            [
                                120.5886,
                                15.9042
                            ],
                            [
                                120.5838,
                                15.9012
                            ],
                            [
                                120.5832,
                                15.9024
                            ],
                            [
                                120.5875,
                                15.9055
                            ],
                            [
                                120.5886,
                                15.9042
                            ]
                        ]
                    ]
                ]
            }
        },
        {
            "type": "Feature",
            "properties": {
                "GID_3": "PHL.61.48.19_1",
                "GID_0": "PHL",
                "COUNTRY": "Philippines",
                "GID_1": "PHL.61_1",
                "NAME_1": "Pangasinan",
                "NL_NAME_1": "NA",
                "GID_2": "PHL.61.48_1",
                "NAME_2": "Villasis",
                "NL_NAME_2": "NA",
                "NAME_3": "ZoneIII",
                "VARNAME_3": "Poblacion",
                "NL_NAME_3": "NA",
                "TYPE_3": "Barangay",
                "ENGTYPE_3": "Village",
                "CC_3": "NA",
                "HASC_3": "NA",
                "DISTRICT": 5
            },
            "geometry": {
                "type": "MultiPolygon",
                "coordinates": [
                    [
                        [
                            [
                                120.5832,
                                15.9024
                            ],
                            [
                                120.5822,
                                15.9039
                            ],
                            [
                                120.5863,
                                15.9072
                            ],
                            [
                                120.5875,
                                15.9055
                            ],
                            [
                                120.5832,
                                15.9024
                            ]
                        ]
                    ]
                ]
            }
        },
        {
            "type": "Feature",
            "properties": {
                "GID_3": "PHL.61.48.20_1",
                "GID_0": "PHL",
                "COUNTRY": "Philippines",
                "GID_1": "PHL.61_1",
                "NAME_1": "Pangasinan",
                "NL_NAME_1": "NA",
                "GID_2": "PHL.61.48_1",
                "NAME_2": "Villasis",
                "NL_NAME_2": "NA",
                "NAME_3": "ZoneIV",
                "VARNAME_3": "Poblacion",
                "NL_NAME_3": "NA",
                "TYPE_3": "Barangay",
                "ENGTYPE_3": "Village",
                "CC_3": "NA",
                "HASC_3": "NA",
                "DISTRICT": 5
            },
            "geometry": {
                "type": "MultiPolygon",
                "coordinates": [
                    [
                        [
                            [
                                120.5814,
                                15.9053
                            ],
                            [
                                120.5851,
                                15.9094
                            ],
                            [
                                120.5863,
                                15.9072
                            ],
                            [
                                120.5822,
                                15.9039
                            ],
                            [
                                120.5814,
                                15.9053
                            ]
                        ]
                    ]
                ]
            }
        },
        {
            "type": "Feature",
            "properties": {
                "GID_3": "PHL.61.48.21_1",
                "GID_0": "PHL",
                "COUNTRY": "Philippines",
                "GID_1": "PHL.61_1",
                "NAME_1": "Pangasinan",
                "NL_NAME_1": "NA",
                "GID_2": "PHL.61.48_1",
                "NAME_2": "Villasis",
                "NL_NAME_2": "NA",
                "NAME_3": "ZoneV",
                "VARNAME_3": "Poblacion",
                "NL_NAME_3": "NA",
                "TYPE_3": "Barangay",
                "ENGTYPE_3": "Village",
                "CC_3": "NA",
                "HASC_3": "NA",
                "DISTRICT": 5
            },
            "geometry": {
                "type": "MultiPolygon",
                "coordinates": [
                    [
                        [
                            [
                                120.5851,
                                15.9094
                            ],
                            [
                                120.5892,
                                15.9119
                            ],
                            [
                                120.5918,
                                15.9082
                            ],
                            [
                                120.5868,
                                15.9064
                            ],
                            [
                                120.5851,
                                15.9094
                            ]
                        ]
                    ]
                ]
            }
        }
    ]
}